10000
11 288 9343 9034 3952 7083 1448 1 4783 2 9781 1247
7 3 105 4135 4 0 5051 4527
10 2050 1664 5 1579 6 10 803 9460 0 9486
15 1659 1 4970 5588 5702 9585 7231 917 3007 2617 7 5521 3358 8782 8
7 10 1 2804 370 7368 9 7328
17 9752 5308 1368 2 2011 3869 8826 11 4740 2004 12 2537 8372 5449 3018 6913 8861
8 7617 14 5784 2 6773 6725 2570 13
13 8789 15 633 8578 8359 16 114 1473 3 2360 6609 494 5898
8 8082 3253 273 17 6320 847 18 3
9 9088 8271 8625 5734 4117 19 9343 4 20
11 9140 4017 4 21 2 1441 22 9297 8460 869 4155
12 1169 2178 6996 5 23 2028 7241 24 9457 9860 4176 7750
14 7450 6840 26 1905 5975 5 402 9587 9888 5627 4566 4798 25 5099
7 9699 9756 2283 27 9038 28 6
7 4634 6 8501 29 6921 30 636
13 7 478 31 4309 2825 32 4314 1549 6246 1684 4331 3018 3246
14 9612 4969 33 3363 615 7 3579 2835 2441 34 1445 4649 4707 3252
8 36 7429 7373 4023 8 9313 35 5468
17 2465 38 8101 6625 3523 5381 6670 7776 8211 405 9574 9318 1052 7282 37 8 5238
6 1473 3023 39 40 9 8116
13 6453 2400 4230 42 8365 4308 897 6106 9721 8018 8006 41 9
12 4658 43 10 44 191 8835 4302 5725 2265 2253 7124 9995
15 7585 1657 8354 129 5476 6810 5334 10 1081 45 9161 4356 843 46 392
11 8489 6664 7563 11 4287 9150 8874 3881 47 7419 48
12 2191 618 49 4217 8096 2038 50 2335 11 7922 4918 4910
6 6689 5446 51 52 12 297
14 9027 5270 1538 9194 54 12 2645 4357 1271 2906 8180 7135 4033 53
14 5421 4974 9223 55 13 775 7736 9964 7106 267 3280 3248 56 8961
13 7902 8955 4683 9790 1996 57 7075 13 8942 58 5787 1282 9605
11 59 5207 4052 60 14 1431 2915 4932 4208 2566 7096
10 2634 7489 61 8441 4184 62 8361 933 4694 14
10 64 15 9205 6631 3232 1683 1212 8324 2872 63
11 1007 9835 268 15 65 6490 66 115 2035 1592 4499
11 6335 2229 16 794 8564 67 5605 68 4293 9754 5245
16 4216 69 4070 1496 1769 4729 4656 993 70 4990 16 7727 5613 6959 3247 6777
11 9788 5389 5084 7666 71 72 1102 1533 4282 17 3815
12 17 1689 1051 5670 1093 2382 1390 7831 73 74 8047 5823
13 409 6061 76 4748 7655 3919 7201 1928 8259 5247 6357 75 18
15 1702 5516 18 8098 7460 5155 77 2850 2476 9917 78 7186 9183 3820 2751
12 6244 80 6232 5077 2410 1349 2118 19 4721 6727 79 2218
17 4948 5615 4664 6518 781 5323 2115 82 802 522 4608 9394 9268 8146 3592 19 81
5 9343 8230 83 84 20
11 3510 2669 20 8455 6882 4231 5659 894 85 3973 86
10 4486 21 87 1685 1698 88 7627 9502 5603 1586
11 2101 3451 8127 918 2488 3651 21 89 6392 90 7690
7 92 1487 1601 22 3176 91 1327
15 1998 632 9171 1735 5850 780 93 2240 4509 179 94 3091 4669 22 8983
12 1631 9568 2335 5344 95 2807 9040 5987 1165 2698 23 96
7 97 2484 9161 98 1387 3490 23
12 9897 7523 5108 99 2116 2848 8577 4690 24 100 4309 2460
14 4730 4153 1230 5223 8740 1271 24 8285 7822 3382 101 630 1594 102
12 4400 9613 7995 103 1681 990 4080 25 104 6256 8591 2183
15 8573 9488 7163 3020 8127 105 5834 5972 8286 5578 106 3253 25 1375 7369
11 108 5593 2666 6537 8879 862 7421 1188 26 1851 107
16 9623 109 3484 26 3716 110 7994 2400 1660 5511 2714 1694 5512 2727 9875 3223
17 5586 9697 5745 3021 8848 9767 6197 6982 27 387 1229 111 2339 3523 112 3113 9749
16 3737 2909 7853 6300 507 3191 109 113 9843 27 1809 3684 114 4851 9771 7494
14 2245 9820 7860 1688 62 2071 115 2986 116 7911 28 1540 7050 5013
11 118 6201 9007 8820 2905 4475 2044 9554 28 117 6371
10 729 9959 29 120 1536 9676 8184 3513 9938 119
6 7280 121 29 3866 2285 122
10 6054 30 123 5795 3945 9963 4303 124 2824 1210
11 125 57 126 30 4652 7011 5295 3055 7731 4385 4727
7 9043 127 128 4927 6594 31 7786
14 31 3432 5648 1204 883 1745 7104 7576 4837 129 2630 821 130 1366
10 8640 2228 2765 131 6454 32 132 4804 165 2935
9 9289 133 32 9827 329 2110 134 2611 7710
13 245 5206 1567 6410 136 9960 33 7932 5184 4062 2298 2916 135
8 137 5996 5285 138 2761 1676 4157 33
16 6654 108 2633 3121 34 8086 2479 6765 6704 6859 545 9767 452 139 140 7032
10 142 2183 8843 34 9581 8610 8883 141 3386 6749
5 35 8974 143 9507 144
10 707 4521 146 8847 35 7137 8236 145 2276 3764
8 148 9561 6203 36 8380 3127 147 139
9 574 5710 3088 149 84 1142 150 36 7998
5 1716 151 9015 152 37
15 37 153 889 1670 5061 7814 3870 154 8725 862 2855 1896 8337 3027 9301
18 7528 7760 9785 2865 1495 38 3821 4736 9778 9445 309 7185 155 8141 3884 156 9333 4153
8 3728 158 3411 2419 6613 9516 38 157
12 8595 6489 159 5384 8344 1241 5088 160 7691 39 2621 454
7 7942 39 7186 161 162 6786 7425
10 7222 1278 164 966 8029 2902 9656 8392 40 163
12 3430 9476 8618 165 2129 40 6956 166 2667 5973 9723 4336
13 3787 6857 3515 8297 1699 1837 41 9067 167 8470 2363 168 1258
10 8780 8585 169 8846 170 74 7485 6538 41 428
15 1853 1402 171 7120 3928 4778 7360 3815 5108 172 6027 7316 42 6569 1243
10 174 8729 5379 9701 8783 2054 3502 3238 173 42
5 175 43 176 6194 3812
12 8014 4473 43 2758 4881 3950 177 7569 2243 2536 178 7400
6 7898 9163 44 7314 179 180
15 181 1458 3231 527 182 4679 5915 4415 44 5180 1472 8372 4168 700 2518
14 8915 3479 771 377 6448 1334 183 45 1029 8462 7791 8824 3136 184
11 279 751 8147 45 186 3330 122 4343 1514 9752 185
14 3642 6488 6920 187 626 8555 46 9661 167 5185 188 6686 5776 8785
11 6152 2737 6970 3364 1490 189 2828 190 46 2374 947
9 191 2391 192 8564 9170 47 4836 8300 987
13 6611 7123 9799 7193 6469 9792 1575 3153 1815 193 7069 47 194
10 48 4239 8976 9456 1793 195 4977 196 5197 9011
15 6035 2953 4352 9272 9130 197 48 5142 2044 198 4069 296 5801 8156 9775
11 6309 49 199 1663 805 2773 200 5482 5328 1681 3507
13 6333 3345 202 4057 8306 4423 49 4363 8727 8406 6483 201 4316
6 1907 3607 204 8474 50 203
12 4403 1829 5241 9283 4636 8105 205 8386 5646 206 3857 50
11 7058 8965 3846 207 5932 51 208 7911 3170 5057 686
15 5990 5364 209 8679 51 8899 210 267 2589 5204 2000 390 695 5225 777
11 1 212 4449 225 52 1941 4743 1145 211 577 8827
9 214 8534 1744 2147 5648 52 213 5157 6377
9 5987 1612 1840 5000 215 1829 1545 216 53
12 69 9278 53 5595 5042 2546 6498 217 1856 3499 218 3658
14 8875 54 219 4062 4611 4855 220 1424 4575 1892 8552 56 5792 3304
8 2602 54 6770 545 8519 221 238 222
11 224 228 9149 2043 6829 55 4683 223 244 5176 9181
15 4302 7819 9369 225 2657 7447 3117 9029 226 8651 9326 2162 55 8453 7900
14 8959 6577 5378 8623 227 9441 228 4241 56 4400 4437 2477 8556 3945
9 9244 230 7098 7 2566 2546 6738 56 229
15 5053 4228 231 5586 9083 7591 57 232 2460 155 7531 1758 5145 32 9119
11 7505 4720 2964 2704 57 3282 5181 233 3515 6902 234
12 5207 235 7823 236 7860 7978 8897 1587 2250 4836 4409 58
14 58 3095 237 412 2026 8683 5434 238 4243 4398 796 2504 874 244
9 240 3766 2140 205 2649 5394 2296 239 59
11 148 242 6650 59 1828 3683 8164 4009 309 257 241
7 298 2535 60 243 398 244 663
10 5905 246 92 3801 8514 60 1285 3981 3741 245
15 8074 247 4025 939 9185 248 2139 8372 7840 61 1977 7088 1783 425 1438
11 8131 8432 6696 5201 4787 249 3075 61 4470 7390 250
9 2769 252 62 8897 2465 5621 9947 3377 251
7 253 62 2169 254 2072 1568 5196
9 5966 7954 3478 9874 1283 63 255 256 793
17 257 9983 4681 7824 3234 258 4121 5573 2365 251 4707 63 7932 7127 5411 2085 2867
13 7413 5523 7776 22 9748 3056 7598 259 7574 64 260 8368 5839
14 6122 2036 7765 8009 3367 261 3880 4071 9170 8987 8723 5824 262 64
8 7500 263 65 264 4753 2155 5006 1737
10 265 5803 944 5653 65 1791 6601 266 2584 9326
14 268 4728 4021 5863 4489 3981 9389 3392 66 4910 3568 4719 267 5512
8 269 270 4816 4256 2097 66 1008 2501
7 2397 2348 271 4423 272 7554 67
16 273 4579 7035 4864 2925 3921 274 67 4133 8191 5980 3069 3728 723 9396 5058
9 6174 6284 1051 68 275 276 1139 7287 3116
10 278 9874 791 7984 68 287 8298 1626 277 7149
12 4179 280 9120 8075 9344 8051 9829 69 5365 279 3984 73
11 2898 2118 7945 281 6417 282 7918 3491 69 8834 4500
12 2040 284 5985 8148 8885 1908 8918 2502 70 6825 283 401
4 70 285 286 4016
10 5160 4827 1904 71 9276 4889 7512 287 288 7119
10 7199 2023 8993 3821 8042 71 289 440 290 7735
13 6979 9244 1791 291 9106 7602 1552 2788 292 6497 3362 72 7649
13 4085 72 1874 8469 293 1025 8820 8076 294 3978 6857 6617 966
14 1292 296 5513 8770 9441 1680 8377 2006 750 6910 295 73 1198 8533
15 3727 3544 120 7704 6472 7204 3378 73 406 297 4160 1550 8564 298 3506
8 997 2156 3933 74 299 9098 300 3740
10 1305 1614 4627 1232 7274 301 7966 302 74 9843
13 303 921 962 304 4118 2122 1679 4716 75 8803 6636 6250 8511
11 306 847 5150 4833 9944 8989 6249 305 6884 2196 75
11 308 76 4936 9746 8681 7644 5921 2091 2449 1291 307
16 730 9354 8350 7224 796 975 536 76 2561 7839 309 7758 6205 1558 310 6475
7 311 5203 7431 312 9875 115 77
10 622 3712 313 7929 314 1079 8719 7870 77 6875
11 3724 6030 537 5477 2265 2615 6438 315 78 5154 316
7 318 78 4304 5911 317 3855 3359
12 643 8743 319 79 8252 320 2296 8391 4175 1524 5477 6770
11 2808 321 6550 3025 8287 322 5571 6165 79 3327 5368
8 324 2134 80 6864 3591 5104 7910 323
12 6906 7044 1169 8016 7159 1833 325 80 326 1985 6905 8101
16 9188 5529 203 5013 2590 7864 1274 327 5495 9309 3942 5906 6154 328 8322 81
8 329 5420 81 330 2079 847 6699 6846
9 8332 82 331 9142 332 2093 65 1911 2550
10 334 4559 3742 82 2962 6825 1645 9013 333 8046
8 326 3709 9820 335 3238 93 336 83
10 9252 3565 337 3098 5839 338 2489 4372 7897 83
9 339 8244 340 84 2475 8172 7266 2875 2066
12 7895 341 7566 4481 3257 342 84 1144 990 5650 5435 4150
9 3715 3386 85 9483 343 827 197 3637 344
13 346 6832 1522 1213 2865 6370 85 345 3301 9831 9209 1281 3497
12 4306 5339 4457 3099 3254 347 348 4020 5793 5167 3980 86
8 350 86 6014 7771 8386 8581 7089 349
11 87 351 352 7016 2743 1853 5460 1529 4860 7442 5730
10 9190 5324 87 7191 7167 8635 353 9355 2045 354
10 6070 1745 2802 355 88 1425 6345 356 2804 4475
14 5260 7976 6037 357 7021 8298 2016 6322 4456 4501 358 9824 9816 88
15 9946 3010 359 591 5125 8833 360 8390 46 89 771 564 6240 3451 4834
12 3964 1594 362 2168 7759 9379 1849 5232 89 361 2870 2012
12 6884 3615 90 2095 8645 363 3279 364 8907 9102 6728 1255
10 8572 1987 9647 90 560 804 7639 365 7339 366
9 367 9028 6190 9874 368 9814 7013 91 956
10 4028 369 9079 370 4477 8975 4389 2409 2035 91
9 6748 4700 2997 371 7479 8475 92 372 8431
12 9976 592 92 3101 373 4911 374 7990 4555 4234 3303 4686
10 691 93 6165 375 2681 376 9382 2682 4992 8119
9 1902 378 7836 4706 3535 93 8720 5081 377
7 379 3807 3356 380 94 5351 1229
12 7161 424 7227 381 7208 5208 94 1569 382 2338 7258 3786
6 95 21 2952 2940 383 384
9 4162 385 95 8725 3122 386 2265 4815 5742
12 388 4930 6837 7577 9675 1076 5500 4565 7969 96 387 5287
11 390 1012 7689 2079 7995 7357 4015 1088 96 389 2975
15 8387 2374 6798 5172 1846 391 8914 392 8398 5072 97 852 4630 8041 312
10 5128 1384 393 6541 2077 1378 394 97 7250 8543
13 7665 2489 395 1656 1900 98 396 6524 2450 6960 171 3033 5810
14 9838 5329 397 4244 3858 1959 398 98 1374 598 1753 1054 9003 713
14 510 1161 5512 99 6570 1227 4350 5623 1460 6083 399 4205 8690 400
7 1762 8012 2999 401 8436 402 99
14 6826 5334 8299 5725 403 2534 8527 3762 7865 3490 404 730 1645 100
11 6659 4996 2256 406 100 9884 920 2901 3654 405 6130
10 407 163 9682 4490 6946 408 4711 8184 3903 101
13 1342 4806 1802 101 4152 4397 6662 9134 2909 409 5947 8180 410
11 119 9103 102 4574 411 2192 5148 9434 1123 2717 412
10 5523 6178 413 3589 414 630 102 8100 8320 1530
12 416 794 103 9334 6549 3081 508 9067 8978 415 7250 1383
18 1133 2207 7879 418 7225 103 5111 1919 9868 9547 7055 3530 7104 8214 8609 8105 9325 417
8 4622 104 8274 419 5034 420 8134 1344
19 3078 9364 3981 1745 1863 8226 7234 4693 3384 7519 1132 421 104 808 5350 4870 422 479 8656
11 7546 423 1399 9198 8946 424 7670 7825 7240 5134 105
10 7607 7058 105 4892 4331 5868 6360 8113 425 426
8 428 433 6459 410 5090 427 106 7860
13 2335 106 5820 429 1523 430 1345 9835 7957 8583 4001 899 6506
13 8167 2658 9762 3293 107 431 8881 2709 432 8674 5068 3226 8126
9 434 7078 6314 7986 944 5197 107 433 8272
11 435 9242 5623 436 5901 2925 2539 108 9264 6613 8724
8 2407 1663 8917 6527 437 7768 108 438
7 439 1354 109 3184 440 9865 9130
7 1258 441 109 442 6216 5602 8819
11 8336 444 4579 3835 2975 110 3203 8013 5647 3472 443
10 446 5029 4322 6741 5554 7100 4656 110 3096 445
13 8016 4317 9774 2821 5033 447 8477 2765 7677 111 448 6535 835
13 111 4127 2513 578 7596 7723 449 8906 8833 3324 661 450 377
11 4756 451 105 8632 112 3436 452 802 8658 5658 6569
17 1568 1801 2033 8933 6392 960 3977 1863 8377 112 9715 5962 6625 453 2165 8057 454
13 456 2725 1802 3193 5572 9752 4133 113 8021 2455 6017 2004 455
9 111 7742 1757 457 1824 458 3418 113 4020
14 1299 5727 2288 662 1821 459 3720 9189 6782 3302 460 387 6291 114
15 8487 461 2120 478 114 1588 885 462 4878 438 9323 2029 5909 6474 7584
11 115 7666 5545 9867 463 1289 7872 5111 2940 464 8580
8 2382 5391 115 8483 1774 465 466 1015
8 9302 467 5651 4310 468 116 4845 1840
10 7473 7030 5831 2932 7913 469 9561 470 4866 116
10 472 5209 117 2588 2113 9961 3740 471 7038 366
13 3576 9972 474 8891 2170 5053 117 7969 1846 6079 883 7462 473
13 1461 7036 118 6170 2747 3276 475 9420 1329 9900 4822 476 2493
10 4380 477 6897 478 1812 118 5245 110 4965 5624
9 3402 479 2150 9725 4598 480 3993 119 5223
13 4605 119 1166 7969 8701 8896 1785 4375 7706 3762 481 9134 482
10 484 1537 8755 8121 6020 9732 2772 4614 483 120
9 5391 120 2367 485 2103 9479 486 5162 6708
13 6251 3649 4267 6780 4983 487 121 3249 488 8791 3103 6474 1428
12 489 490 3211 2992 5464 5562 121 8689 6847 111 9100 118
11 4335 67 1620 6008 1479 491 2094 8189 3574 492 122
8 122 4789 2387 8100 493 5161 1982 494
10 123 1312 495 4708 8831 496 4485 7690 7621 9890
9 9624 4993 4770 123 3709 2697 497 498 4926
11 9168 500 8535 8519 7800 4767 124 1710 1820 499 2410
9 501 502 7431 4931 1219 3073 2720 415 124
8 3615 273 4575 128 3536 503 125 504
10 505 125 7531 6519 506 7155 4903 2248 3285 3232
11 507 126 508 8217 4798 8608 720 7543 4392 940 3787
8 510 4304 2625 7802 126 5217 2200 509
12 2284 2252 3488 2183 512 127 1018 5186 7016 511 9078 4187
11 9863 7298 1029 1033 513 5291 127 514 2393 4646 9208
13 128 516 3094 1704 6018 9275 6966 8548 6483 1844 9927 120 515
14 517 128 3429 518 9409 6255 2051 795 2820 9915 4117 8835 7083 2895
10 8091 6652 8475 2852 129 2934 519 5447 7094 520
7 5232 2305 2505 521 129 6218 522
7 3373 2853 1698 523 524 130 9893
18 7273 6793 8668 7733 8896 525 3790 3286 4335 6376 5673 493 526 8028 7036 982 1076 130
9 131 528 3220 4978 888 5918 1661 4544 527
10 8615 131 529 533 3924 6185 9877 4400 530 6707
10 6344 132 4372 835 531 8049 1812 2475 532 9266
8 9514 9840 533 3306 4331 534 2437 132
17 2819 5592 3621 2003 535 8838 5329 9013 4366 104 536 27 4940 6363 6567 133 4888
10 2522 538 133 2661 32 7501 5932 2232 9153 537
15 134 1983 5041 540 4822 4298 1542 1579 5003 3641 5906 539 2397 9163 4219
7 2129 134 2935 541 5803 9239 542
9 543 2479 6879 544 4903 135 4436 8657 1493
11 9335 4155 5908 545 546 7012 135 1409 8423 385 3451
15 6741 251 136 6437 5714 2498 274 8 547 364 8163 6720 548 1971 6956
11 550 136 3519 9480 7317 5724 273 6005 6294 549 1794
9 7124 6307 1477 137 551 4780 552 6952 1305
13 3904 554 8865 4474 1612 3031 137 4126 5135 553 1472 7262 846
13 1856 1832 556 8108 3855 138 680 1115 8564 5889 8121 6365 555
15 138 6955 4060 7249 5993 557 8254 8669 9897 8755 558 9093 5523 8532 1449
10 92 845 2435 9567 5230 559 1848 139 9342 560
12 139 1638 9961 2232 561 3985 562 7023 9910 6804 9854 7179
9 563 140 564 4569 7208 6082 691 7595 2712
8 5717 566 5328 140 6960 5805 565 8026
12 7929 6787 9450 5490 4616 3539 567 3202 568 4085 4578 141
15 3779 5812 3828 7593 141 901 1861 1292 569 874 614 6766 1281 570 6002
10 571 142 8817 1600 6630 4467 572 9706 3900 2567
12 5305 3191 573 7591 142 1277 4477 574 5352 8235 380 872
13 4736 2130 9969 1264 138 5055 143 5600 575 6357 6337 5296 576
14 9454 0 578 4498 1051 4898 8623 8310 143 8131 4895 1459 577 1801
12 8157 4283 579 3543 3698 3649 2157 4174 580 144 6773 6453
10 9669 582 3067 8561 9688 581 6924 144 1919 7831
8 7426 583 2494 145 584 1260 4334 1582
11 5795 4783 9781 6939 145 8172 585 9510 4001 586 7250
9 8891 8201 7189 146 4896 7617 587 8971 588
9 589 6282 590 5888 5567 146 9251 989 5182
10 7205 1838 964 591 1587 6076 592 2239 147 1439
9 4371 8116 147 594 4994 3063 3555 98 593
12 5220 6823 7242 148 8564 595 8134 3987 596 4882 999 25
11 121 6812 5365 6158 1585 597 5330 148 9388 598 358
17 542 599 7715 5361 5105 730 600 7338 3585 4874 149 300 4175 3838 6912 724 2668
12 2402 601 5477 2773 8494 602 1887 299 7588 2831 149 2393
11 604 8500 150 8098 6171 5126 3276 9563 5168 6157 603
15 7508 6520 9647 4467 2479 5785 605 150 2927 4692 606 3717 3124 9996 6418
12 151 8197 9519 8962 5726 607 7832 5047 904 608 966 3374
7 9851 7448 610 151 2965 555 609
13 2282 3014 4921 611 5234 612 9635 5118 152 9319 8620 9238 5262
13 152 1619 6824 8117 1201 2490 8105 5613 1519 4345 613 614 4603
7 4992 9213 3887 773 615 153 616
7 153 1950 9257 617 618 8381 7316
10 9496 620 738 6866 3398 154 77 3212 120 619
9 7672 622 3981 8934 2957 4047 154 734 621
10 8631 155 3106 8209 7949 623 798 9150 689 624
10 155 5268 3739 625 4842 581 626 1114 8766 195
8 156 627 3567 5608 628 2154 6476 1642
11 4381 3747 1653 2503 629 156 6143 630 5855 610 1953
8 632 8443 9049 157 631 5555 5344 2677
13 4389 5552 2369 633 1910 678 556 3268 6078 9579 634 9503 157
7 1552 9229 6330 5022 635 636 158
7 158 637 5232 638 9124 2457 2100
9 639 2961 9357 159 640 3222 2081 2175 8941
6 159 2454 641 6419 8143 642
11 643 4575 4067 160 1213 2120 644 2934 6935 6675 1548
14 3909 2267 645 918 160 646 2037 586 5770 8913 700 5758 2054 6181
10 733 9223 4779 648 9427 1633 2699 2403 647 161
13 5443 161 9794 6098 650 2866 5310 3749 8478 7140 7788 3914 649
11 4227 1869 4199 1244 2997 162 651 3563 652 7747 5438
12 886 167 8604 4087 6185 9410 1205 162 653 2300 5557 654
19 4302 1895 594 655 8023 3282 851 1343 6450 656 9707 9760 3389 163 1356 7191 885 2609 9737
9 3618 5164 4526 8153 9667 657 163 8737 658
12 2815 660 164 4702 5792 2113 66 4993 7575 659 3615 1399
11 2050 9613 4259 164 661 5374 3317 662 4501 6058 6579
6 165 6879 3570 663 9889 664
15 665 9688 3406 1312 9997 666 4204 2468 5859 165 9540 3372 1636 1449 6377
12 7465 667 9275 5258 7893 6832 668 1811 7187 166 9826 5643
8 166 670 9787 867 5482 8723 3169 669
12 922 2760 7660 1789 671 3241 167 5067 672 9642 4076 9082
9 9454 8016 673 7748 167 1772 674 6029 9681
8 8698 5567 676 3283 168 2398 675 1838
10 677 8602 678 4817 6578 5773 6473 8982 168 6429
14 169 8732 1442 7732 5854 6269 2179 679 9120 1029 3225 680 3270 9825
11 2207 3147 4680 169 5941 5315 6657 8739 681 385 682
10 170 4777 683 1911 684 371 1132 5442 5443 8440
12 9745 2959 686 4062 4493 170 7120 5579 5015 685 5442 5967
9 4518 688 5559 9080 171 3024 6456 687 7347
11 2509 8665 7023 689 8020 9447 3621 482 690 2256 171
11 1189 2486 2829 691 8189 7693 172 9535 4656 692 5206
9 172 7991 693 694 8838 8611 7916 3648 7409
10 6341 173 3938 4199 7139 9656 1488 695 5396 696
13 2935 6399 6017 9612 2399 6107 8173 173 2774 697 9878 4743 698
8 2251 699 7335 2155 8620 700 9926 174
12 846 174 9450 5710 701 1242 5198 6215 702 7883 7005 6001
12 703 1248 175 809 704 9519 6450 7430 5487 3682 3138 6440
13 8239 705 175 706 7399 5968 2077 1089 8953 2297 8425 7710 6787
11 6690 1124 5898 804 176 8233 4163 707 2330 708 2347
12 8279 1457 8670 7361 709 4092 710 446 9534 6460 6497 176
11 8529 1727 4366 6167 711 4907 8237 4135 972 177 712
12 714 8192 8880 4916 5132 713 7064 9776 7719 177 8199 718
5 716 178 6471 1540 715
11 5107 2867 5665 178 717 6646 718 298 4081 8009 2004
8 2465 4458 179 4626 9680 719 3899 720
11 8739 721 5389 722 6581 9354 179 9034 6640 2428 2977
6 6007 723 180 724 6445 5034
12 726 180 4199 3585 3459 4488 5761 4350 663 725 2612 7463
12 7264 5044 9143 727 181 6586 1443 3980 728 1261 1973 4234
15 2797 1305 1407 5469 5420 729 5275 181 5739 730 273 4764 9440 7269 5781
16 4570 732 4196 6050 8734 9596 1981 1794 5742 182 3189 4340 1328 1975 9554 731
12 5309 7457 6335 2806 733 5820 182 6174 734 9110 2857 235
9 183 3067 1177 8260 9464 735 9112 736 9543
15 3265 2574 8234 737 8503 3994 183 4763 3909 3877 738 918 7172 5184 2395
10 8016 2649 8525 184 739 4468 1236 740 2047 3604
11 1246 742 3678 4793 184 5688 4 8864 1757 9653 741
16 743 7273 2537 744 7912 1964 5169 341 2502 185 8296 3710 4946 7341 747 5126
14 7915 7249 9998 1736 1606 5424 8051 745 746 8240 6931 185 3910 5443
5 747 3707 186 748 1843
12 3347 749 9393 7978 7186 534 750 3519 186 9159 1625 5786
12 752 9486 789 9250 3880 1733 9548 187 9086 393 751 3773
14 7987 5397 754 8772 6199 2312 9302 3142 187 2301 9234 753 5506 4876
6 755 91 3980 756 224 188
13 2959 9188 188 9734 9714 3961 757 786 717 758 7276 9346 5146
10 189 759 7716 2162 760 1192 806 2237 4234 6361
10 9159 2292 189 4167 8340 761 1058 286 8523 762
12 2720 2871 4579 6454 1091 2380 4401 190 763 3670 6952 764
8 765 9340 4791 766 3093 190 6395 2557
12 9785 8545 767 536 768 7566 191 3964 1053 4408 5457 9035
6 770 750 4004 3851 769 191
13 771 4500 7517 5403 772 5879 4594 192 484 8783 272 8557 340
13 2857 9087 4139 192 533 773 5124 4791 774 7849 388 4470 5552
11 2637 775 1747 776 55 2342 2265 193 229 6243 1295
14 193 6168 1102 2574 777 2660 778 8601 4951 7244 5500 1316 386 6899
11 780 4526 753 2400 9426 4600 1559 8744 779 6057 194
12 782 194 2799 1218 3869 4849 544 104 7083 4969 781 1501
13 2107 2612 6373 2673 1815 1161 783 195 4386 3028 2447 784 3147
11 785 786 6698 1018 2991 4081 195 3114 4143 5176 22
14 787 9407 7346 9924 788 2614 196 375 7722 6193 7539 3461 4868 9410
9 6939 8724 5858 7729 5420 789 196 790 6324
11 792 197 1256 4969 1704 8592 2111 2595 9439 791 5475
12 1573 4610 6818 793 197 3615 794 2128 5702 9134 982 6020
9 198 591 795 8216 6350 796 9205 9010 2582
10 3745 9820 8352 798 198 6394 121 3276 797 9551
11 785 9625 9719 3478 799 8086 6537 800 199 9847 5212
11 8357 437 9309 9136 9705 801 9104 960 2408 802 199
11 803 5101 200 8635 804 3533 3460 9823 7075 5778 141
12 3313 7005 4403 7928 805 806 200 7202 12 1173 6256 4894
9 6895 808 4896 201 9540 7194 807 7280 6138
12 810 416 2490 998 201 7940 3085 4964 8481 809 7766 9112
11 9917 2647 3428 989 18 4958 811 6532 812 3508 202
10 813 202 1558 2176 814 148 461 5068 5373 2247
12 203 815 9333 2365 816 8281 3512 6602 5864 6726 5791 8304
15 7251 9089 2848 6044 203 8277 4858 4297 817 6481 9531 3066 7596 9434 818
11 37 820 6757 3537 3997 204 3331 3429 819 2161 9911
14 3195 7387 821 8185 9767 9901 1261 1001 822 213 7507 7625 7930 204
12 824 7936 8554 1094 2635 8791 7315 4827 7462 9300 205 823
12 825 826 118 3307 7800 9476 4113 8838 5569 8021 4228 205
10 9905 206 1213 5592 827 3377 9984 8919 828 9172
8 2400 5437 5653 3938 206 8721 829 830
9 4205 2542 5795 831 832 1804 4391 207 250
12 207 7179 2247 9338 2361 7403 3691 404 833 9160 834 6909
15 5975 836 9537 1934 6183 7033 1455 9494 6856 3933 8796 8235 835 1571 208
10 208 4280 511 3329 837 2748 5814 3964 3594 838
8 9669 9629 209 2514 839 840 1519 2077
13 841 8530 7221 4192 2391 3257 842 652 4751 3641 209 9655 8651
12 843 1518 8845 9760 6064 3446 844 210 7598 9363 9372 3046
10 2208 9263 7340 9841 8125 4784 845 210 846 4558
14 211 2487 991 9127 6965 781 7165 5827 6535 9068 5482 3445 847 848
11 3198 190 849 211 2606 5485 7827 850 2359 7934 6125
15 8646 852 7703 1584 5410 3837 5008 9802 6232 6477 212 2395 9930 123 851
11 853 854 2371 1574 6128 5649 3734 9492 2434 7972 212
13 4370 7209 3355 8454 855 8219 856 4190 4544 213 9192 9627 8822
8 1704 213 1726 539 3479 857 858 84
13 2465 859 7035 214 6987 860 6963 9305 2572 9984 7610 8952 5033
12 9126 8272 6589 2158 861 8607 214 8298 862 5042 7157 6759
12 5450 864 6963 6203 885 1865 2658 3317 215 1760 6351 863
11 7199 9586 4317 9070 865 5972 894 9579 866 215 2863
11 5122 1581 213 6660 1346 867 3949 8581 868 6898 216
14 869 7314 1036 216 3061 4712 8884 870 8486 3306 9657 757 4109 7984
12 9332 217 7608 871 6970 9052 8731 872 7451 9797 7143 4728
6 3582 874 5246 217 1767 873
8 400 875 876 2665 218 3235 7041 6098
12 7950 6747 8207 7500 230 877 9802 878 9547 907 218 5620
7 879 219 880 6374 3431 1630 5416
10 881 3528 9969 3915 882 5562 219 9125 949 144
10 5077 7667 220 9262 8608 883 7332 8857 884 8134
11 5554 1400 9776 1360 220 885 4313 3870 528 6891 886
14 1651 7262 7681 5705 7189 887 2534 888 1327 9915 3019 7073 2999 221
10 6062 221 5111 5709 7389 7580 4486 4304 889 890
13 7779 6039 916 892 1624 1437 8020 2349 8485 6888 891 222 1729
15 7950 7145 977 222 6731 4084 4141 6109 4735 7728 893 354 3089 8615 894
10 8931 5797 2077 223 2871 1529 895 8336 2782 896
10 6597 897 6090 1565 898 9136 8633 9385 223 6593
11 3692 5213 899 900 224 4800 3995 5398 5817 5594 4720
10 902 7871 5843 7441 4896 7174 901 6553 1190 224
7 8794 225 1887 903 3559 904 7755
11 9113 225 5760 905 3166 2650 7464 69 906 2012 3517
9 907 2965 6352 908 1376 4654 9891 1682 226
8 8817 909 910 2884 4669 79 1433 226
13 9695 836 8818 633 5192 1281 911 7388 3351 6238 227 745 912
8 1331 227 913 547 5675 914 4111 9593
12 9782 915 4656 1200 228 558 4880 916 6421 7149 2519 2198
9 918 9790 7100 228 5974 1095 4438 917 2743
12 6087 6510 1330 920 5954 2364 8414 229 2520 2565 6062 919
8 6515 5430 921 8240 4227 9769 229 922
9 230 8228 2105 6045 406 3980 923 8978 924
11 8272 7044 925 1661 3556 230 926 3496 1899 6124 7360
12 8198 2120 9911 633 2707 1182 231 5724 8819 927 1021 928
12 2125 8468 930 4919 5972 662 6303 231 8394 929 2092 3849
10 1190 7354 674 471 7359 931 1586 932 232 7862
8 2781 8681 933 3942 8716 2052 934 232
10 935 7730 9019 233 6555 936 2205 3185 1494 6735
8 937 9008 3593 938 233 1882 7591 3594
11 1587 998 8838 234 678 9786 939 2147 940 8653 9296
14 941 982 2015 3251 2885 942 4142 2589 234 2037 5465 5319 7425 6917
9 9671 9623 465 4895 943 944 6860 4067 235
12 235 946 893 9233 9018 7209 5343 2192 5868 2449 945 9589
6 948 2766 3693 5106 947 236
10 4013 236 1822 1648 949 3665 945 6158 950 9635
10 8714 8751 652 4190 2962 7378 3442 237 951 952
12 1766 953 3482 4125 954 3052 7789 1573 237 9510 9433 3635
8 238 9988 2901 955 7721 6412 1289 956
11 852 3889 15 958 230 7664 238 2936 7596 957 2771
9 3401 239 9265 4858 8172 959 960 210 2815
16 1146 9221 3269 6900 7384 239 5006 8064 961 9069 7300 8272 6150 962 5614 4301
9 963 6635 2236 964 4347 9951 5495 240 1641
13 8932 4000 2935 2391 5022 344 965 1112 5475 4995 6508 966 240
11 2355 4860 5686 3121 8700 967 4273 241 4692 968 5782
7 241 8458 969 385 970 9940 1613
12 8402 4072 7191 1584 7045 242 971 1390 6387 8941 972 9076
7 974 6419 8664 242 5140 973 2673
8 975 976 243 1290 5352 6129 5662 4069
11 3382 4378 4017 4237 8608 489 977 243 978 5922 1767
19 244 8915 6004 2345 979 9652 1992 980 2066 6185 488 2587 6060 3295 2494 7300 8016 6658 2820
11 4363 3225 3274 2957 981 244 9805 982 2080 9310 7139
12 9547 984 4062 5786 3108 6198 245 9598 9468 6854 3821 983
8 4657 4202 986 6777 6314 985 245 7210
15 4498 9390 9687 8402 7475 7866 1938 987 262 1866 1781 6965 246 988 5136
13 9916 7823 989 6031 5641 1551 7 990 3983 2751 7374 246 3288
10 9155 991 992 2362 247 671 9783 5449 7238 3230
11 1422 7972 4611 6640 247 6986 5888 993 6141 994 1100
10 996 2884 248 7735 7285 5439 995 1463 7749 853
13 2594 997 9751 8662 998 5267 7097 4747 248 2930 5561 5899 951
13 7133 7060 1567 5499 5528 999 6557 6989 3480 1000 8067 249 2225
8 2591 249 1002 5097 2178 515 9420 1001
9 250 4279 2189 1690 7118 1003 5061 1004 1362
16 1637 7472 2804 4447 6537 6895 3569 250 1614 9340 1005 8312 1006 2844 9195 5739
11 9850 6878 1007 1008 2919 6615 2517 251 757 2961 7157
7 1248 1009 1010 7487 7341 251 3345
9 7318 1512 252 1012 2961 7324 3121 1011 3060
8 9971 9532 1014 252 2312 9766 1013 3599
12 6348 2278 6080 253 9565 5247 1015 56 7314 1016 7355 4107
11 1017 513 1018 9772 9451 9061 253 207 1569 1142 3448
6 1019 2101 1020 3204 1123 254
8 254 199 7032 1842 1021 4795 774 1022
9 1024 8103 4562 418 6587 7421 1023 3711 255
10 5785 9180 5517 9766 255 1025 1026 8902 2592 2637
12 5412 8124 5339 508 5315 256 1027 6455 9245 8465 1028 5147
11 1029 7730 9056 1030 8382 2462 1816 1995 256 8956 9001
8 2379 7364 3941 500 1031 4296 1032 257
12 7406 257 6732 1191 1911 1033 5587 6856 2115 1034 4421 1396
9 258 7764 1035 1995 1491 1036 2350 2354 6084
11 8281 4159 7184 258 1037 2729 1912 1038 3795 2982 5174
11 1040 8493 6432 9681 259 7353 1039 5361 9988 9663 8598
9 5514 973 1042 9769 7301 9826 3341 259 1041
9 8990 1269 1855 8422 1043 8813 759 1044 260
11 9152 5395 5680 2464 1045 9478 2355 1046 40 5832 260
15 1323 9711 6255 1047 5902 9159 763 261 1048 6651 4944 8051 1810 9820 2961
11 8072 946 261 3675 9343 601 6192 5676 1049 6103 1050
7 3532 1052 262 8242 1051 6857 6845
13 2190 1019 2552 9883 1053 5753 2163 5534 3066 2155 7173 262 1054
16 1056 1918 6806 90 3021 3025 4745 3086 6473 1086 5287 9109 7991 1055 807 263
12 1057 948 1058 263 8141 2437 4023 9586 6134 5956 442 2683
9 8848 2095 264 1059 5796 6943 1060 9180 1833
15 729 5803 7523 4628 2892 4658 5252 9241 4232 264 1061 8299 8523 2107 1062
11 9718 1063 4975 7191 5748 4817 1064 265 4297 5651 6741
9 2158 1065 9579 1066 7145 4104 3624 3608 265
17 7150 9216 4841 266 1068 9261 739 6993 1240 264 386 4127 8722 3384 1067 4023 1002
11 4617 3715 9428 374 266 1069 1980 1903 3558 9291 1070
11 7396 4660 267 8731 1071 1315 4003 4292 1072 9273 8391
15 5029 1073 154 1074 6242 8458 4799 383 267 1502 5438 9309 3682 3117 9302
9 157 1075 1303 2446 1076 6183 3004 7717 268
11 268 1078 6328 1702 987 8216 1077 2163 797 5603 5949
12 5845 4170 1080 9269 428 8530 9437 5123 1363 269 1079 4450
14 6780 1531 8736 4105 269 7509 3439 1081 8461 9197 1082 7226 1030 3600
11 2913 7252 1084 9351 270 9339 1301 2728 5274 9117 1083
16 9168 299 1085 2114 9189 7904 1972 7197 1086 1953 7125 7886 8825 270 7089 1458
12 1682 271 3489 8462 6714 6718 7027 1087 9553 9911 1088 2328
17 2457 5303 1998 4828 7166 2852 271 9988 8167 390 8558 8188 1089 5359 614 7892 1090
15 4900 272 1091 5340 8601 110 8703 69 1092 2109 7053 9550 5281 3403 9185
10 8583 2570 1094 272 3836 4333 1125 1093 9981 9461
6 456 2840 1096 9083 273 1095
8 9914 2177 1889 1097 8494 1098 273 6031
9 7822 8017 1610 7006 1099 8044 5263 1100 274
10 274 5301 1101 593 1102 1281 1188 4795 9870 9525
9 9238 8665 1103 275 1104 9310 9725 4021 8270
10 4806 1106 2489 6206 7317 275 3304 1105 8119 5977
11 1740 9372 7709 7429 1107 814 3779 1108 8480 7484 276
14 7080 1900 2295 276 1779 1377 5073 1109 2333 1138 6794 8351 1110 1061
10 6421 1111 7759 1112 1157 4325 6505 304 277 2058
14 3963 8021 1113 277 2545 2171 1744 4627 1114 316 4851 4974 2917 5564
11 2072 9936 6411 2033 9689 278 8080 1115 4958 7922 1116
8 7290 1118 3205 457 4495 1117 278 589
12 6225 8677 1631 5571 1493 1119 5364 4913 1120 279 4780 1080
9 788 1122 2562 182 4742 4576 279 1121 2288
7 1124 280 2857 1813 772 5997 1123
13 790 7210 4604 8719 9065 280 8907 1125 8269 5159 1215 1126 2050
6 5728 281 1947 1127 6527 1128
11 9541 1129 4134 6513 1130 281 4111 5294 179 3343 7946
12 8607 9055 1131 2957 1132 2954 1934 4650 8285 282 3870 5163
13 5964 282 1134 4132 5368 5714 1286 2953 5930 1133 8919 9269 4390
12 4102 8315 283 1135 826 6604 6771 1136 6101 8313 9850 9875
5 6693 6658 1137 283 1138
13 1139 1140 962 5439 284 5520 1255 2174 5801 3634 1159 2066 1395
8 1141 1142 3594 833 9917 3371 2257 284
10 285 7231 1791 1669 4251 1626 7343 1143 2933 1144
12 3934 1145 285 1146 6554 9079 2720 3395 9388 5351 923 911
10 1577 7672 9457 286 1147 2616 1148 6292 1567 8139
10 8143 74 7505 9278 1150 8364 286 3465 7215 1149
13 1151 4164 5201 1152 6133 957 4568 1246 872 9094 1670 287 6501
13 2968 6782 5051 9430 6092 5491 6524 5239 1153 3345 5098 1154 287
10 9398 6996 6623 2870 3505 1155 5323 288 105 1156
12 288 1157 7386 7874 6935 224 5118 9847 1158 6082 8644 7214
8 9255 4730 1160 4251 289 7557 2996 1159
10 9883 3479 1162 4932 5668 7453 289 3933 7698 1161
11 779 2430 4150 4638 1163 6949 1164 1469 312 2498 290
9 7575 4493 290 3762 2852 1165 9578 1166 9075
8 291 1167 1168 5165 9020 3759 5325 3817
9 3022 6853 1169 291 6943 9203 1170 5668 3615
8 9556 1172 9402 9711 6042 2202 292 1171
8 5043 6166 1173 1174 4919 292 322 6079
19 1039 2812 4589 8066 2748 1630 7863 8709 1175 7315 7136 7913 1176 293 2892 2896 7959 7967 5544
12 1108 1767 1178 8953 2582 8258 9905 1570 3965 293 3137 1177
8 1179 294 8161 1180 5145 3043 885 558
9 1634 2338 1473 294 6377 1441 1181 1182 7757
8 1305 1183 397 295 179 1184 4197 2254
15 1944 186 6255 1185 8341 8935 1186 295 6558 1606 6038 3517 4566 1643 1566
15 2745 1188 550 6763 823 5454 3230 6154 6874 8651 6566 1577 1130 1187 296
12 1190 327 5935 296 4533 7416 1382 2347 6641 624 1189 3275
15 6300 4320 5902 6366 5960 8001 5090 8160 9343 297 1191 4997 7177 1192 1257
11 3610 4111 8340 4657 6117 1193 6337 9748 297 9220 1194
7 3577 1195 8624 1196 298 5764 9529
9 9994 8132 8096 4514 198 1197 298 9476 1198
13 1200 4193 299 5356 3470 4808 9041 3865 5199 1199 7786 870 2781
11 299 1201 2535 1202 694 6858 9066 9412 9843 3456 4993
7 300 9810 1203 524 1204 6201 5933
9 1205 5942 1206 7033 8749 300 3708 4143 7254
10 3671 1207 2777 1208 1075 1750 6166 726 301 8443
9 301 5362 4923 890 1005 1209 953 9256 1210
17 3406 5435 9233 1211 302 5156 1212 4067 2689 3441 7979 7174 6731 1742 2694 2698 6593
18 4054 4920 6587 2517 9853 1213 8678 4710 8890 302 1214 5349 8232 6655 3870 3537 2679 7038
10 1216 9889 303 9122 8915 9761 1215 6387 2931 3582
5 1217 7483 3340 1218 303
10 8959 8240 780 1219 2362 2179 9697 1220 9458 304
10 304 833 4908 3786 8787 4323 314 1221 8129 1222
7 7895 1223 305 9799 1224 5368 3579
8 840 9489 1215 305 4660 1225 2661 1226
9 1228 4428 5591 1554 3438 306 1227 9847 4992
15 9486 7022 2029 8372 3489 2945 1229 1616 284 1230 2763 7736 306 544 8379
14 705 7178 16 4589 5004 1231 8294 8839 6188 1232 1537 2570 307 5136
6 1233 1234 5296 8098 8848 307
17 6246 4079 2538 9540 308 3978 6845 2527 6923 8460 4443 1235 8005 2606 2744 1236 7656
8 1238 24 7082 9331 8880 308 1237 3177
10 1239 6110 8989 4854 1626 1240 4095 7616 5478 309
6 3399 309 1241 1242 4394 4415
15 1244 3139 2249 6783 3750 2506 1803 7174 2238 5702 6109 3312 6789 310 1243
11 156 5555 3522 1245 310 1384 1246 4654 6330 3261 7189
9 5506 9183 4499 311 1247 6017 1248 3477 1200
14 7067 4225 3843 1249 4356 1152 1250 7727 2149 2938 311 2106 594 6099
12 1251 3886 1252 8128 9848 5957 312 6709 7608 5368 4527 8292
10 1254 8459 93 5773 4041 1142 8717 1253 749 312
12 9981 7631 1256 313 9380 9502 3611 8352 7882 9956 1255 8566
10 6098 8554 7160 313 1257 7787 9942 1843 1258 5020
17 8068 9231 9963 9032 9650 7804 314 3039 6934 9085 7402 7199 9102 1259 1260 4078 6644
14 1261 3233 9117 1262 3787 314 9561 4361 206 6610 4236 4228 50 9681
13 7091 5672 980 1037 1029 1013 2493 1263 8647 315 5748 1264 6859
9 1266 46 315 5089 4492 8477 4350 1265 2802
12 7 6231 7699 1267 316 455 9993 463 1268 6599 9006 8368
12 4122 1792 2769 1269 4006 9735 316 1270 4218 4145 4503 4707
12 1271 8468 7033 1272 8355 4334 1159 317 2314 7397 9552 4844
6 1712 1273 1274 3181 317 14
8 318 6385 6312 1275 5475 1446 8062 1276
9 4753 1277 318 9747 2518 6718 1278 8089 6276
10 5104 319 3771 9114 1279 8931 2239 1280 2846 2025
8 1282 7544 319 1406 5017 1724 1281 9938
9 1284 9624 4424 6893 4372 320 4364 6052 1283
14 8240 2255 1625 9078 4085 7700 6952 2764 3785 5802 1285 1245 1286 320
12 5048 159 1482 1287 321 1288 3667 5753 2387 6335 9963 1193
13 7111 1289 7839 7307 9121 5982 1290 8056 321 5869 7395 4984 9440
10 7908 8515 322 8377 2283 1291 9477 1292 6326 2138
8 4803 3258 322 1293 6477 9596 9336 1294
12 6974 3181 1295 1893 9610 1296 9148 3655 1061 323 6900 9494
15 323 6370 5305 5984 3484 1821 1297 8388 1257 1298 5978 3275 8833 5617 9415
11 7284 1299 3365 9147 1300 3585 9661 1383 9739 7747 324
12 5125 6536 324 3329 2431 1301 7750 1155 7482 3892 1302 8719
10 1814 9849 9520 325 8052 8162 1303 1304 8204 9737
11 4488 475 1305 3359 6823 5807 1306 420 9016 325 9562
12 3270 8942 5238 1307 7435 9167 1308 1658 6846 326 3688 2830
12 8421 1310 3941 3803 7272 8516 7768 5674 6813 4329 1309 326
10 5961 327 5592 1311 1413 1312 9611 8847 3480 9185
10 722 9586 8273 327 1313 2557 5367 6957 1314 4848
13 1315 2588 1316 7175 9180 4553 6717 8921 7689 328 2241 4933 8251
10 2764 5964 1317 3769 4217 1318 5998 8008 7398 328
7 1320 931 3806 6787 660 1319 329
11 6514 3924 1322 4522 329 3348 8134 7793 7053 659 1321
8 1440 1323 330 1324 5199 8236 3496 224
23 1326 7299 464 4628 1249 9068 6035 8751 4356 229 5003 5402 4036 6630 330 7769 8334 3016 772 1325 6546 7274 4643
16 1327 1262 1173 5459 1328 4772 4130 331 8871 362 6087 121 4510 6055 6169 2900
12 7031 6031 1559 3865 5106 1329 331 1232 5367 1671 7754 1330
10 332 6761 2773 2505 7287 6295 1331 1827 2084 1332
7 5118 1333 332 8782 7440 1334 6703
11 9185 333 8804 3388 1335 6873 2742 1336 1759 4130 1963
12 4753 6213 1338 5624 2335 333 2502 3954 6764 4650 8253 1337
16 4652 7848 2217 8511 9113 1339 6056 1340 2560 334 8716 5805 1414 4581 3276 8058
14 334 9373 6950 5320 2287 8114 4390 1979 1341 3899 3460 1342 6571 3286
15 4197 2892 1343 8792 5100 819 335 1344 495 3556 1873 5451 4692 4883 2525
9 9497 1345 7692 4907 1346 335 9047 2945 2230
12 1348 6939 4288 6781 336 2305 2688 1635 1566 1347 8780 766
11 8571 1350 465 4844 8780 9138 336 1430 9192 1349 2886
10 1399 7702 1351 9361 6251 1352 1112 5268 337 5427
9 1353 5196 337 1354 3509 4847 4457 4990 771
9 6311 338 1355 9308 1531 5747 1356 2036 7864
11 5010 3457 338 316 6752 8529 469 1357 1358 9295 6002
8 2389 4280 9941 339 6201 1359 6413 1360
8 4580 7959 1361 1362 4477 277 339 2689
8 1364 8948 3045 7367 340 8710 1363 3372
12 1939 1366 6217 6136 2115 1286 7906 9435 340 6220 1365 1028
17 1662 7330 2252 9888 8335 341 6234 6909 3193 1367 5047 5592 2559 1368 6776 9004 9830
5 1192 341 1369 1028 1370
10 2330 3680 1371 6979 1372 2153 3507 8801 5756 342
13 342 7512 1373 1374 5566 6859 8124 5847 9177 4266 8889 5108 103
11 1376 6739 2735 4142 3224 2814 6189 1375 6315 867 343
8 9288 343 1377 7867 1378 2736 4257 2513
9 8477 8022 344 1379 4059 311 1380 1779 3849
13 1381 5923 8619 1382 3651 6237 700 7527 6966 4555 344 5471 1901
16 7136 8807 187 1383 9060 1384 5820 7032 345 3565 4695 281 7176 3716 8266 740
9 1513 3847 1966 7272 3666 1385 4833 345 1386
15 1388 5340 346 5536 998 7325 6630 2739 7411 6371 2147 9214 9295 4225 1387
9 4767 1389 346 3427 1390 600 9108 2265 5421
7 1392 959 9835 347 104 1391 1452
11 2190 8850 1394 1004 1834 2546 9958 4043 4584 347 1393
13 4394 7472 2642 5078 3037 1395 348 5600 9284 9528 1396 2986 9516
11 5371 3078 3400 1397 6114 5691 1540 9245 7269 1398 348
7 1399 9157 349 7694 3242 1400 5995
13 6952 9335 1188 5116 690 9512 349 1401 90 322 5610 1402 5090
12 1404 4913 6264 350 3349 6293 1979 9140 9661 5152 7250 1403
11 2379 5747 1405 3540 9310 350 1406 4720 5310 8510 6046
8 351 4293 6684 4354 1407 8762 4811 1408
13 1409 4028 2288 1247 351 7456 1410 2061 4351 5213 2302 5120 1108
7 352 615 1411 1412 7885 1966 4914
14 898 5282 352 1338 7340 6185 2835 2282 3551 1413 6455 1414 9367 4858
15 72 1415 4542 9263 7234 1416 9052 2929 3925 953 2376 353 5479 5516 9684
11 2274 6531 9642 2860 1417 4170 4272 3642 1418 7509 353
13 1005 2599 1420 5348 354 9040 6882 2422 9790 2053 2602 1838 1419
14 1421 2889 3495 1832 9863 4744 1422 5090 354 6611 5526 8726 2432 2949
10 2177 3255 4829 355 9518 1423 8327 8677 8092 1424
9 8278 9300 2201 355 1425 852 9578 1426 3044
9 2439 5481 1427 1428 4197 356 3780 5878 198
8 1430 356 9408 5424 1981 3514 2010 1429
14 1432 2636 9020 3576 3178 5573 4175 5521 5952 7237 1431 357 5420 3139
10 9169 357 5226 4405 7552 1433 828 1434 5806 3940
14 896 2116 3747 6118 9009 9684 358 1435 378 1436 7962 4169 4905 7731
9 1437 1141 1438 6403 8485 358 8612 1127 356
9 5940 1439 4253 1440 1180 9166 8483 359 5341
10 8769 2890 9453 3262 253 1441 8272 359 5406 1442
11 6484 747 360 3720 7721 1443 5745 8730 1444 5963 2690
12 2188 656 9979 360 3726 1445 1446 5264 1296 7269 7745 906
12 6176 2212 7486 1448 4616 5491 361 136 6496 6265 1447 3793
13 1449 872 8923 1068 1450 4032 7940 8567 6205 6315 299 361 3376
11 8528 4426 8553 7492 1174 7733 1451 362 1570 1452 2721
9 362 1453 1454 4621 6630 1861 8558 603 9035
8 3121 7155 861 4293 1455 363 964 1456
12 1458 7290 2431 8583 7782 2423 9035 1265 6612 363 9776 1457
10 59 530 1460 3038 364 8296 5027 1254 1913 1459
16 7570 154 2126 9030 5086 8160 6160 3078 299 1461 9845 3173 364 1462 201 6151
12 8353 4694 2283 5784 5512 6277 1463 1894 9087 1464 6339 365
10 7027 8397 8751 1465 365 3714 9598 1466 8074 9128
9 2985 323 2201 1979 366 1467 1468 4790 5018
8 1470 4097 3207 6323 310 7385 366 1469
11 8390 3825 1471 9018 931 744 1472 7087 367 2924 5194
10 8896 1473 6682 4743 1474 6630 367 5773 5265 2500
9 3565 7249 368 1476 9454 6108 8804 9509 1475
10 1477 309 9329 1478 4873 6768 368 9399 5805 4077
7 369 533 2430 1975 1479 1480 9673
9 3644 1481 1482 2104 369 6915 8883 6956 691
9 1544 7830 1483 4419 9083 6318 4704 1484 370
11 1486 370 2954 2755 6220 4582 5725 1684 1485 3742 8373
10 371 5240 1488 9104 7547 3526 5527 6804 4032 1487
9 3366 7359 371 1489 8064 9247 9662 735 1490
7 1491 1492 9312 1420 372 4905 455
10 5994 1493 6100 4604 9268 1494 8577 6472 372 6172
17 7900 2102 373 721 6807 6157 4901 4714 5263 3149 8565 5374 1495 2240 371 1496 9128
9 1498 1360 373 5780 5756 6522 4095 1497 2168
9 374 1657 6610 1499 9949 1500 626 9617 5226
15 8037 384 9803 374 1501 1745 4144 8080 2274 147 1551 1502 5154 897 6118
10 1503 92 5191 1504 5355 1501 3465 375 4645 6910
9 375 3833 4435 5326 1505 3819 1506 7442 6674
13 1594 1444 5128 3624 9345 389 823 8488 7496 2324 1507 1508 376
13 3037 376 2936 9299 2883 1509 961 1510 9630 3938 1047 2024 4578
11 8739 8504 6841 1511 377 7504 7647 1512 7136 1440 7787
9 3213 6210 1514 1128 5069 377 5717 1513 5469
14 1182 5582 1516 378 434 7592 503 4437 7967 3653 8004 1515 2698 3861
11 9803 6237 8746 9311 1517 1334 4221 8328 378 1518 8675
12 379 1519 9501 8643 3463 1520 7107 2358 6709 521 6161 9894
7 4972 7371 1009 1521 379 1522 4435
5 380 5166 1523 6602 1524
10 1526 7434 8524 6475 9720 4220 1525 1533 380 2615
14 1684 867 3982 8735 8780 523 1527 381 1219 5228 1528 2553 4948 8051
6 2101 1529 3099 1530 7519 381
9 1531 382 1532 7411 2081 8547 3432 5083 8804
8 7915 382 1533 1119 1534 673 1083 9272
14 2703 6509 8250 2993 4046 383 7564 8170 949 5836 1173 1535 8793 1536
7 2004 5904 1537 3042 1538 383 5601
6 1539 8309 4674 9428 1540 384
15 5282 8706 384 1542 6259 4283 6337 1056 4606 2390 1541 7774 1456 4436 6587
14 385 2404 3059 91 1543 8390 5475 179 5110 1544 9737 9160 676 5334
10 3633 385 1304 4578 1545 561 5583 2721 1546 662
10 6365 1547 6882 1548 307 386 5997 7640 3607 5469
12 1549 1688 7531 1550 4880 9727 6406 9606 386 6138 510 5496
14 1552 387 5086 6835 6111 7189 4778 5079 6368 7966 27 9804 1551 2092
6 3558 1554 4551 387 7447 1553
13 1802 388 3185 8613 9235 1555 5174 6435 1556 1219 2776 6635 104
11 9559 5298 4985 960 1611 1558 4661 388 4097 1557 8408
11 581 1559 1210 5520 1560 7334 2935 7030 389 7820 2587
11 389 7365 46 2373 2162 609 1561 7457 9368 1562 8844
14 8480 1564 6655 40 2512 1341 3911 4940 423 2449 1563 390 9939 6093
10 4483 7606 390 3536 1565 3753 1566 7775 5731 5894
7 8852 8799 7633 1567 391 1568 3334
10 1570 9336 4502 8072 391 9253 4419 1569 2915 8583
12 392 399 1553 1192 1571 8244 1572 5093 1686 2910 5423 1150
10 7776 392 9472 8407 1573 378 5066 9165 1574 4091
9 393 1575 4771 8158 4633 1576 7667 1252 3972
8 1218 560 1577 4033 393 1228 1578 2522
10 375 1580 5431 3834 1598 8665 1692 394 1579 7251
10 562 2142 1581 9538 2537 9311 3635 1582 5368 394
10 138 9507 6161 1583 2502 3137 1584 395 7724 5712
9 395 1585 8705 1586 5408 7189 7437 6946 1002
15 2741 1587 1213 3405 396 1913 1588 3459 3992 127 1443 8429 8661 2863 4904
14 207 8454 33 8735 9203 1173 396 1324 1589 9908 7257 9274 9966 1590
18 5532 1592 1893 4024 7383 3679 1240 258 397 5542 1948 6811 4453 1591 4035 3364 3848 6487
12 1319 4849 154 7411 4492 1593 6392 1594 397 118 2941 1530
11 2019 1596 5268 3471 9286 5745 4904 9657 1595 538 398
13 8749 1597 398 3094 1598 8120 5148 1993 8466 2839 311 6804 3938
12 3439 4339 399 3693 1599 8589 1425 7361 1600 5040 8907 4699
12 5038 7380 1067 3283 1751 7033 1601 399 6277 1297 1602 4749
13 1281 1603 5014 1006 1604 400 836 3902 9273 6944 1703 1870 4627
14 9870 1605 40 225 1699 1606 6075 8665 5807 1249 400 8182 2197 3299
13 1791 3324 1608 401 8065 6089 9383 6517 2 2988 3436 1607 4917
9 7841 1609 401 182 353 3537 1610 4554 2948
12 8952 7318 402 1683 6119 7217 99 1611 4466 957 1612 1055
14 1613 3260 5452 1614 4936 9238 8848 402 379 2172 8942 6340 7865 9476
15 4644 1615 1616 4007 3690 8871 2890 2382 1040 8318 403 3626 5753 527 8567
14 984 403 867 9410 5206 2368 6146 1617 210 8505 4472 7676 1801 1618
11 351 1620 5545 959 2805 8299 5026 6315 1619 4437 404
14 404 6251 3844 901 2194 1621 1438 7086 2154 4256 1622 5172 2497 6059
14 4442 1624 2808 1096 4215 405 3297 9116 9718 5327 1623 8885 5799 3876
10 5813 1625 3028 2658 7338 1626 1041 3688 2884 405
14 406 5959 7407 5988 3569 8319 1627 985 3986 1628 4568 1490 5064 8020
8 1630 8888 406 5815 553 9988 1629 5862
11 407 4534 1631 9869 1632 7971 9159 7423 8200 3077 8058
10 8477 1634 4697 407 8950 9227 3381 9260 1633 9379
12 1636 6999 3934 6512 2702 4906 9562 408 3826 4928 1635 2786
9 7698 2128 1637 3414 4276 1638 408 2680 5823
8 3182 4422 671 1639 5437 1928 409 1640
9 409 1641 8513 5187 8635 5533 1642 9099 5949
7 1643 834 410 1644 3467 4650 64
10 1646 6859 1924 4640 6722 410 6003 1645 7968 3516
12 9949 593 1647 753 1733 5014 7954 5246 8109 1648 411 7293
14 411 3571 1400 7723 4613 2787 1649 3300 3154 1650 1280 3626 5908 9588
14 412 9718 4343 6230 1652 3177 1043 3186 6143 9973 9006 5603 1651 3428
14 5459 1653 412 7163 9501 1654 567 8836 6669 1107 3555 8105 8723 7975
8 4227 7794 413 1655 3200 6831 171 1656
7 716 4820 1657 413 6220 1658 9473
15 3561 6054 3643 1659 6498 1936 9271 5010 6474 6405 1660 414 4145 4763 8708
8 2654 1662 5982 5222 3340 1661 414 4280
13 1663 7974 415 1664 973 6291 5344 6259 8418 1332 7619 2476 6351
10 4123 6540 415 3462 1665 9724 1666 3464 1671 9888
9 2580 416 610 995 570 1667 5957 6994 1668
9 1669 821 5211 8167 4191 1670 4500 416 2858
12 8902 1763 265 3882 1671 4444 2281 5286 223 417 3924 1672
17 4752 1674 417 455 2813 4521 1903 8567 2285 6908 1143 801 1404 3071 1673 2096 6671
13 1382 1675 1606 2655 4790 418 1676 4376 8719 3458 3312 9411 3674
7 5608 9902 1677 6483 418 1678 6460
13 1679 6209 6388 1680 3937 419 5060 7630 6984 8171 2991 3447 2402
11 612 4291 1681 1682 2784 4004 3581 1463 5919 419 8726
13 9125 420 1791 9370 1222 8537 1971 7387 1683 1695 7416 1944 1684
11 1685 1498 420 3804 2983 1686 5911 6827 9864 6591 6994
9 421 8940 9737 1687 6770 1688 6747 22 9321
10 7105 4426 1690 1463 2081 421 6547 7121 1689 2982
9 8583 279 4965 8429 1692 6848 9602 422 1691
11 7749 350 8392 9364 1693 6312 1694 4841 422 8375 276
12 152 5856 9121 1994 5219 2979 164 1695 423 8 8616 1696
9 1103 1697 1698 3398 4187 7383 1585 1325 423
7 4535 4165 424 1699 7806 5778 1700
19 2901 8325 1702 9114 1434 6224 9798 8245 4541 3545 4647 8465 424 7376 2176 1717 5889 1701 2535
13 6138 3731 7179 327 3325 1703 5037 9823 1704 9462 9633 425 7113
12 478 425 3525 3489 8031 3217 1705 7914 5316 712 195 1706
21 426 1707 2065 2313 5375 6729 5741 1708 5038 4233 6709 7929 4283 1462 5410 9049 7439 5589 7122 4284 497
11 8531 1709 8593 426 5239 1710 2442 1780 8559 9486 8722
9 1712 1399 8515 5348 9801 6618 427 7509 1711
7 7002 8987 1713 1055 7329 1714 427
14 7162 8801 2670 3809 1715 3362 2451 2374 1089 1716 428 7010 1652 5413
9 5007 1718 9805 6993 2984 1545 2310 1717 428
13 1719 8530 8587 4440 429 1720 2253 7783 2693 7556 8081 4869 2381
8 8627 9897 429 1070 1721 7597 1722 6443
8 1723 727 2151 1724 5839 430 5239 8525
15 3863 1725 4616 6450 6641 7776 76 1726 3560 9098 4402 8488 430 53 9095
10 9307 4436 1728 5835 1727 431 6830 9888 4444 7961
13 431 1730 2214 3190 4634 1979 9684 4236 1362 3469 3766 1729 5677
9 6950 4173 8106 432 1731 5045 1732 5404 8759
6 2322 1733 432 9939 6109 1734
16 1735 763 7753 5663 808 1736 6965 334 433 2855 9324 4014 8129 687 5430 4475
9 6842 1671 5453 1737 2587 9552 1888 433 1738
11 6558 434 980 4469 4543 5218 5259 1739 10 9274 1740
7 1741 434 6442 1742 4426 6878 599
12 1636 435 9573 4129 1743 1987 8924 1008 1744 984 1737 1428
11 1745 9312 724 1746 575 435 3780 1337 2524 286 2801
13 4963 4292 1747 7838 4996 7509 5643 1748 943 436 4474 6060 3767
8 436 1749 284 2644 1750 5698 118 6589
14 8496 1751 1239 6220 437 3492 6379 2622 2793 5749 1752 1623 3652 9365
10 1753 1367 8442 3693 1754 437 8479 6711 6582 1138
8 1756 1025 3981 1176 2607 438 7101 1755
7 9300 4555 1758 4324 5805 438 1757
8 439 5494 6076 7690 1759 7204 1760 5111
13 3717 1761 3648 3542 2339 439 1762 3913 5801 5118 2110 6229 2078
8 440 1763 3487 3528 2638 1764 6570 9959
12 5735 9102 6996 9765 440 991 1406 9067 9937 1765 4685 1766
12 6326 5794 64 8307 6616 441 3027 236 1767 9289 1674 1768
5 9863 1769 2359 1770 441
12 431 230 6068 6382 1771 1772 442 327 589 9465 8347 9710
13 326 2534 1774 3015 2613 6033 8579 1236 8327 9563 442 1773 7197
8 8612 443 1775 5703 3321 1776 3236 3781
7 2157 4784 443 1740 1777 263 1778
12 8853 2571 76 7467 1779 7813 2463 1780 1614 6042 444 9104
10 3431 7627 604 1781 8942 1782 5426 6439 7976 444
10 1784 3256 1650 4859 7722 8849 1783 3503 5150 445
15 8494 1785 445 1786 2567 3816 8195 2812 6492 9501 1536 8485 1020 4383 9295
12 3249 472 7897 3234 1787 446 4955 1182 1788 7383 8855 9250
13 1789 5119 8523 1680 1790 3380 5576 3059 6259 432 42 8598 446
11 8182 1791 1344 9139 1792 9615 9941 447 8685 2591 1229
9 1794 717 9614 5663 7302 1793 9205 4603 447
15 448 1796 8066 1410 8851 4676 9474 9531 20 4587 2746 4722 1795 750 6756
12 706 2385 4150 1760 448 1797 1879 1798 3384 6889 6800 6186
14 8189 1940 449 1758 1445 2685 1799 4219 3064 1800 7228 8566 214 3883
11 1724 1802 3193 449 1307 9130 7256 9151 1877 8001 1801
13 1195 1419 2399 284 5087 8096 4152 810 5449 1803 450 2865 1804
14 450 4128 6771 2022 4942 2028 4480 4289 7245 1805 1806 3660 9816 4583
6 1807 6158 451 1808 9757 2391
13 2068 2072 1198 1809 3054 303 1204 4721 1810 451 2392 4304 3987
12 3950 6101 9960 1812 5232 9615 9729 3419 452 4810 5763 1811
10 7947 7167 4171 1813 1102 5558 9974 452 1814 722
10 9526 453 6941 7226 2461 1815 438 1816 3996 9127
7 1817 8697 2643 453 7185 1818 7443
12 5518 454 3010 1819 6918 6247 1421 1820 4585 8273 3081 9502
13 1822 7543 1091 1868 454 7276 2019 6536 1202 5358 1821 4338 9600
12 1824 6130 6342 5155 7603 4330 8815 7640 455 572 5877 1823
7 6117 1825 4375 1826 4583 7023 455
7 1827 456 1828 1373 2650 4606 2233
13 1955 8936 6468 1829 7363 5729 7583 5839 9771 1830 1062 456 7106
8 2256 457 7209 4327 1831 6784 7874 1832
9 7120 445 457 6053 1833 3874 1834 9551 5042
9 3392 1835 1909 1836 3 4113 5146 5598 458
10 458 7878 44 1837 322 1838 7376 3721 4205 368
9 5832 6312 1840 3438 8562 2260 2855 1839 459
11 8727 7963 459 8920 5594 4793 1841 6875 202 4456 1842
11 6895 151 7989 1793 1639 460 1843 8231 1844 8724 7122
14 335 8501 1845 4565 5533 7745 7343 1972 1846 5152 8897 3705 460 3088
8 7990 3920 1847 4864 1848 461 572 8217
8 9429 5198 5739 6162 1849 2959 461 1850
10 462 1851 6702 1852 9622 3731 2463 9257 3329 3297
8 462 1853 1349 7822 3907 1854 3070 8714
10 1855 1364 8459 1856 3194 3386 1675 463 6075 4961
12 8175 9037 1857 3471 6155 6704 1858 3270 4832 1807 9565 463
9 6504 3809 9343 1859 7446 6690 464 9073 1860
9 1862 464 3465 1371 5348 9296 6609 4996 1861
14 4009 2082 659 2172 6795 465 1863 3811 1864 735 1982 8309 6634 4191
7 1866 4338 8222 465 2779 5199 1865
13 9003 8869 1868 7882 3243 5406 466 8387 7757 4586 30 3082 1867
9 9267 1909 5711 1869 2760 466 7798 1870 1285
8 467 2190 5386 1198 3041 1871 9235 1872
8 2161 6467 9980 7382 1873 467 1874 7623
6 468 1875 3225 6580 1876 4295
10 1878 2163 3594 468 2798 2648 5096 5292 958 1877
18 5045 9343 6026 123 1513 5648 6266 8901 1879 4888 5307 3689 469 1880 5251 9203 6105 5658
15 2977 8105 1299 6174 4731 7195 1881 2219 253 5395 1882 469 6619 3196 4550
16 8852 7059 8340 9442 4600 470 2364 1884 1697 5902 1905 1007 7598 4667 1167 1883
9 3779 1885 1886 470 8099 3437 3331 4226 4458
8 873 471 6269 6005 8929 1887 9393 1888
10 8708 1459 1890 132 471 216 1238 2576 1889 5634
10 4301 9904 9717 7493 1891 9800 1892 4417 474 472
13 5439 1894 472 6993 5493 524 3981 3746 7512 1401 6455 4040 1893
9 1895 1896 4690 4442 9793 8940 94 473 4997
11 528 473 5307 3669 3421 1897 1438 4638 9290 959 1898
8 7716 7676 474 767 1899 440 1900 1758
11 9683 7036 6650 1901 4443 1902 5647 5628 474 7588 2168
17 1904 5425 7865 8939 7553 8923 9318 4260 7818 475 1053 1903 9523 2867 8458 8462 498
9 1906 4220 1675 7388 2014 7068 5885 1905 475
14 8838 9111 7863 476 2212 1907 5303 707 1908 604 7052 4938 5792 7370
13 1094 2334 5343 5103 5014 7844 4588 476 7593 1909 6365 1910 6200
15 1911 6144 5607 6335 9568 1912 6141 1055 1702 1706 477 1979 1760 3866 9754
11 4299 4478 1913 1914 5521 8664 7538 1651 4648 183 477
8 575 6724 1915 805 7010 478 1916 1733
12 478 8597 1917 6679 9135 1918 7338 6464 4297 938 9413 8332
13 1926 7228 6114 1919 2484 479 809 695 1920 1981 948 8569 5922
12 6166 6654 778 1922 1231 6810 226 479 2237 400 1473 1921
11 3480 3655 1923 2509 2513 7360 1924 754 4283 480 1576
12 7912 2419 151 6970 7263 569 8987 1925 9638 480 1926 1219
11 481 2595 6873 7979 1311 9221 8233 7542 2297 1927 1928
16 295 9479 3604 481 4076 1929 727 1930 9436 2280 3655 4574 6936 7351 2045 7181
10 1932 4128 2953 3490 9065 482 4948 9124 1931 8380
11 4312 1934 81 5936 1724 7242 303 1933 482 146 6560
19 3076 1751 4142 3581 9737 5338 1935 7481 8343 2411 5204 3912 1936 483 3884 7462 6958 5950 1750
13 4533 4212 7721 4932 2871 1937 4837 1938 8358 7610 6939 8631 483
7 1939 484 1940 5148 3193 8361 9565
11 7433 4750 484 6214 1941 8333 2519 1942 7634 4605 3699
9 1944 3424 8642 485 9992 3300 7493 1943 2647
13 6681 1945 355 9171 6784 3808 1946 9635 7919 2609 485 9928 5594
12 5263 520 831 6313 7033 1947 6127 6396 8417 1948 2790 486
10 1665 5544 486 1950 9704 1837 2143 7889 1949 3226
11 487 1951 4692 8697 154 1952 8820 9569 4922 8785 8106
17 4569 1910 2825 9742 487 3160 4961 2453 1953 6987 1754 3982 6300 4743 1954 5967 5016
8 1011 446 6533 1955 1956 1529 488 8938
13 7254 7718 7397 5466 1957 8353 7337 4926 1958 8671 4394 488 2834
10 1960 5205 489 2945 3157 2100 3857 6870 3244 1959
10 631 869 1962 7594 489 2353 6078 4298 9011 1961
11 7836 9841 490 2080 9062 1772 1963 8786 996 1208 1964
10 6541 2626 470 490 1965 5039 262 396 1177 1966
11 3329 6285 1967 1968 9222 2148 491 1242 9061 5723 6508
12 808 491 5118 2456 3567 9556 871 1969 7150 1970 7695 4556
14 5143 1972 3282 4348 6178 6321 813 3349 2739 7098 1971 492 6533 7806
9 492 6782 8689 1973 4148 2722 1974 4910 5557
12 7686 2319 3620 6548 7626 5292 1975 493 6289 538 1976 95
8 1977 9345 5198 1840 1978 4923 2203 493
9 7126 1979 405 2874 3224 1980 494 8641 294
10 1605 51 2484 8730 4953 170 2233 1981 494 1982
10 495 423 1983 9042 882 2862 1984 1175 5043 4885
13 3041 9217 5233 8860 1985 495 3328 1986 8089 9403 6175 6171 7704
12 1988 8258 3212 34 2912 7190 1506 496 4865 9610 7797 1987
11 1798 1989 1990 9728 3032 1914 4049 5753 7851 496 7246
11 5189 2038 3600 833 1991 9387 1093 4716 1992 497 3485
10 6831 497 1017 3863 1993 1322 8198 1994 3166 981
10 1665 1413 149 1995 498 9286 1996 2111 4018 7292
11 1998 2084 1226 469 693 404 498 1574 8401 1997 5299
10 8180 2439 8168 4224 2000 499 4731 1999 297 8505
12 5106 8875 1630 7599 7209 2001 6738 4047 2002 499 7390 9025
9 6596 4527 9313 3609 2003 410 7558 2004 500
12 2005 500 2006 1693 6422 4438 792 5134 9924 5330 1850 533
10 1090 3863 5380 6487 501 2007 4036 2008 9307 6843
7 696 7355 5420 1826 2009 501 2010
8 709 6142 2011 7281 604 2012 502 3904
9 8968 6920 801 2013 6836 9955 2014 502 3312
10 32 503 2016 2736 1338 5156 5815 941 2084 2015
13 2017 2883 2018 7877 503 8809 871 4744 4504 1422 5789 134 5932
11 4794 2826 760 504 8048 9703 1486 2019 2020 7241 9315
12 6753 2021 5010 6661 2022 9687 504 5621 4312 8663 4650 5602
14 2339 977 3474 8288 2023 7862 5325 8387 5545 2024 7278 3525 505 8946
11 2026 194 505 5971 9562 2529 1301 6164 2025 1619 1310
11 6956 2028 631 3135 9637 1892 2608 9813 3149 506 2027
8 4776 506 4659 6855 2029 2030 9174 7857
19 2031 4715 1064 2032 9387 5224 5171 507 6229 2907 5412 3607 5998 9515 1286 9609 9158 232 1445
9 9292 4013 2033 1676 2034 8698 2336 507 8025
10 508 996 5604 3661 3767 2035 9265 6053 2036 8696
10 4254 2038 9451 392 4869 508 7049 2170 255 2037
12 526 2969 1416 8434 509 2039 8874 4642 7472 3589 2040 3318
6 2041 509 6054 2042 1929 892
14 9549 6841 9830 2044 4789 1077 5607 3981 2351 6600 8007 510 463 2043
11 9000 5357 9346 7639 1923 2045 4180 2046 3571 6637 510
11 8710 9251 7194 4466 8394 2047 2816 2243 511 5520 2048
10 8932 511 2049 2050 1510 8199 6955 5540 3056 2365
14 8381 3742 2051 8040 512 877 146 4475 2381 2052 4602 1772 8278 2858
13 8779 2054 2884 2018 1055 7703 6126 512 3101 1597 4354 2053 7022
13 2056 2833 1308 8627 8855 513 2301 3895 6319 5632 4563 5470 2055
15 1897 9643 6444 2740 2057 7823 3302 684 9271 2058 9255 513 9861 6934 682
14 2059 514 631 2060 3056 3654 2613 256 1626 7290 2411 339 9909 91
11 4065 1390 5903 2061 514 2062 6580 8032 9496 1889 540
12 3894 3874 6644 4221 515 9731 7755 7983 6007 2063 2064 7435
8 5327 2066 9350 515 2065 7493 6054 3635
9 7055 5925 2067 256 1388 2068 5923 516 2752
13 1498 7036 5044 1735 2069 5944 5554 3993 1907 2070 6035 8137 516
13 3006 2071 4861 2072 517 8875 5842 8916 6558 3249 3741 6758 8092
10 7409 4059 7637 434 517 2073 9136 3135 2074 7673
9 631 5493 518 5083 2075 1474 9590 2076 2804
8 2792 4667 2077 8274 2078 518 7938 5158
16 1724 587 8632 6226 4563 1530 2079 7300 2153 8439 2080 5569 9086 519 7623 4147
9 519 2082 2429 3714 9533 807 2471 2097 2081
12 5290 8010 2550 5356 2083 812 2030 4068 2767 2084 5097 520
10 3348 520 9688 5537 5110 1410 2085 5472 2086 5823
17 1233 1351 2888 2087 7231 2088 825 9387 6358 521 8944 7265 6033 7233 3310 9222 7604
11 4638 2089 8192 1528 7672 5168 2090 7547 4990 521 2494
7 9594 522 5021 4916 2091 2876 2092
9 9132 9120 2094 9730 4351 522 8093 3612 2093
11 9575 523 3676 4144 2095 6954 6149 9199 2096 754 2446
8 1528 2098 523 8397 2112 1633 7964 2097
14 7539 2099 8674 2100 6109 4097 4817 2483 9009 2549 524 9816 9739 6787
12 9930 8609 6158 7000 9814 2101 2374 9282 8758 2102 2708 524
19 137 4373 2523 7256 3113 9570 8448 36 3032 288 7575 2103 9369 525 3620 3352 3283 2104 3958
12 9622 8675 525 1690 2105 8741 18 7953 2106 7868 3001 3302
11 1508 1671 7563 526 2107 2108 1478 383 951 6004 6427
10 4972 2110 9129 4051 526 198 2109 8338 1670 9680
15 9912 7847 5306 1944 1026 856 2111 5307 2046 955 2112 805 527 8403 9627
9 1607 527 2937 8699 1612 2113 770 6704 2114
6 528 9665 2115 2116 4629 5678
9 2348 3922 2117 528 2118 380 9145 1847 1998
8 1197 2120 4740 9380 529 5160 2119 3587
11 2051 1153 7516 2121 2983 9346 4041 2122 4400 529 1782
17 2309 4257 3652 3786 2123 2278 2124 554 2864 5072 530 6792 647 7833 4658 4662 6252
11 7090 2126 914 7620 3550 4339 1900 3076 5963 2125 530
13 3729 2127 531 2128 8890 7187 9822 8037 5049 9733 9437 3212 1468
13 9535 9405 1015 9561 8386 9569 531 2129 2487 4061 1378 2130 9884
11 1156 2132 6601 9130 2958 8187 532 9319 2724 2131 4925
12 7097 6020 2133 2568 2308 4890 1223 7436 2134 2984 532 1692
12 2136 800 8220 8956 1516 6859 2391 2135 533 5136 5014 3030
10 5598 2138 533 6135 724 1630 7048 8158 1730 2137
5 534 2139 2127 2140 9870
18 3509 2765 9860 1074 1558 7303 6979 860 5475 3739 2141 4435 534 8798 2142 5907 8298 7428
10 1915 6778 1960 2143 2144 1949 2494 535 3877 8623
8 4271 7715 2145 6797 2146 6883 9551 535
14 1904 2148 3262 536 2144 8804 5511 5690 6500 4102 2147 1761 6445 6051
12 5458 1070 7617 7914 6373 536 2149 4849 9159 1528 2150 6709
11 4561 1743 3150 8501 8859 537 2151 2025 8218 603 2152
12 2153 7301 193 1796 2154 9152 537 4241 1326 6129 262 9008
10 2155 9982 4428 1700 3745 1021 2156 4287 2446 538
10 2158 538 8164 5590 5196 4806 5908 5584 2157 7427
8 6226 2160 156 2159 6160 6770 6831 539
10 6120 539 2161 5719 8846 2162 1341 9103 7497 559
12 2164 1880 540 22 4609 4272 3585 1487 2219 7209 2163 6656
9 7280 2165 2783 1966 2166 8066 7798 7127 540
16 1702 9700 3154 6948 7814 7550 9823 2167 4729 2168 7031 3315 6779 766 541 6312
7 541 2169 9508 2088 3125 6508 2170
10 542 7538 2171 1915 3294 2172 9934 6312 9566 7606
10 2174 7155 3427 1679 542 527 2173 1738 8496 8232
7 2176 2412 6374 543 6867 2175 7884
14 6514 2326 2383 8157 4063 2177 8890 2178 8899 8883 194 3492 2801 543
13 6812 7898 2698 5016 6362 857 6704 352 2179 7632 544 2180 2990
12 2254 2181 1003 2182 5687 4508 5712 4240 3720 4957 2172 544
12 4423 2183 8774 545 910 381 2184 4022 4149 1937 1551 9228
13 7810 7973 7697 5286 3160 4697 545 2185 6251 3365 4605 1096 2186
10 5484 5919 2187 3895 8604 2188 36 995 546 9293
11 954 546 8767 2189 411 9081 6036 2190 2011 3097 3321
13 3082 2192 6226 1575 4084 9252 7691 3129 8000 458 7655 2191 547
13 5515 2193 547 2194 811 2316 9347 3834 9698 1757 1092 2571 2575
12 6161 3807 9549 4662 548 2589 2195 6351 8921 2196 8844 7852
12 2198 5602 2069 4826 8965 8819 1419 6319 8267 2197 548 1612
9 9444 8102 2199 1447 3875 2200 7811 549 8520
6 2202 2408 2201 5702 549 496
18 1610 2797 5680 8152 8933 2204 550 5628 9613 2571 4102 7304 6426 4369 5292 8602 6761 2203
13 5631 4102 2415 388 7331 9572 550 6962 5864 2205 906 35 2206
12 8133 3929 848 551 1921 2207 4309 9103 8408 9022 2208 5896
11 8576 3441 2209 6613 2210 9314 6236 551 6851 4314 9559
12 3091 8564 2075 3787 2211 7826 3077 7513 552 5322 9372 2212
8 552 6037 4163 8657 1928 2213 4702 2214
11 4637 5390 9521 553 2215 6021 2216 4807 826 2303 2547
10 588 2968 2217 4543 4169 3592 553 2218 3812 704
11 3061 6058 2220 3216 1968 8645 554 6357 1511 9517 2219
17 8820 2221 3030 3372 2758 6954 4413 2222 4634 5553 6175 8611 554 5009 2976 6380 4420
13 2082 555 2254 2275 2515 2743 2223 1967 1731 9908 8062 7270 2224
13 3554 2225 4327 555 2226 1799 5378 675 482 3557 8050 1691 8506
8 4519 8524 9045 556 2227 2228 2558 3673
11 2230 5548 3841 556 8782 4871 4631 9242 4607 2229 312
14 2231 8497 5411 5765 1500 2232 9974 3010 3575 8503 557 277 9199 2767
9 7867 2233 4811 4173 2234 8008 5036 2625 557
8 9569 1177 9281 2235 1499 558 5383 2236
9 2692 558 3847 2237 2238 7078 4964 8559 9799
15 4574 2240 1602 6010 8165 559 3815 9846 2239 7850 7667 766 8391 7139 5765
12 1738 2019 9781 2869 7037 9010 9185 559 6648 2241 4156 2242
8 4096 2243 2752 2244 3395 6676 560 2758
13 7826 3667 560 1777 7766 6384 2245 5819 8499 4616 3722 2246 4454
6 2248 4307 509 205 561 2247
9 9299 2326 2249 561 353 5462 2250 3328 3272
11 7461 2810 2217 2262 8073 562 2251 546 9221 2252 8461
11 8351 6225 2253 3192 4465 2725 4173 8723 2254 562 4728
10 2255 5195 8135 2256 8172 563 2879 718 8405 7604
8 8511 5905 2258 5462 5389 756 563 2257
9 2259 4012 9981 564 2260 6741 9166 4348 5349
19 1340 4138 4317 2146 2687 3870 9839 6034 5668 2261 564 7852 2262 7129 593 5381 4450 3084 7768
11 2263 5300 1292 565 1963 2264 3915 9266 6327 2335 7674
15 1699 8794 8575 2265 2266 3185 210 8991 565 9996 4519 3019 341 9537 6342
11 1333 208 6453 7905 4876 2449 2267 566 9814 7326 2268
7 2270 566 7483 6129 1539 8282 2269
10 3116 6243 567 4601 2271 4630 2272 8416 1939 5867
10 9606 8522 2273 2387 7974 9568 8710 567 2274 2291
14 4215 2276 5765 9961 1561 9697 7774 568 5860 3982 1888 9902 2275 3592
10 7187 2519 9880 2277 554 4831 568 2278 4584 876
11 569 2415 8043 7609 137 9199 8882 2279 8167 2280 8497
12 7090 8855 6863 569 2281 2282 5807 3437 5763 6308 2003 5817
10 9857 570 718 2283 2853 9261 2284 7846 9827 1163
16 1981 2286 8178 570 3633 626 6276 2548 9184 74 4431 8530 508 6676 2285 1842
8 2288 4744 836 2281 4001 571 6368 2287
14 7687 6301 9021 9225 7839 170 2289 2533 3948 2542 3327 2290 3116 571
11 2291 8939 572 2292 1601 8989 4423 105 8376 8608 1530
11 480 1203 4383 2293 9112 5323 2294 572 4677 2807 6114
8 573 7331 8214 3514 2295 5385 7699 2296
6 2298 3511 573 2329 8241 2297
9 6428 5664 8986 2985 1815 2299 7280 2300 574
10 1708 8657 2302 574 5243 1507 1215 7192 785 2301
7 2303 575 8695 2304 7697 1863 8755
12 6970 5117 9309 575 624 5975 7553 2305 6616 1306 5388 2306
14 2308 8887 2268 1060 7371 2553 6721 1842 9039 5266 576 5714 2307 6593
9 4459 9590 2309 7733 5741 2310 8487 5397 576
10 3574 2078 6437 2311 9732 650 2312 577 1979 6070
10 8782 1065 2314 6706 1929 6239 6097 7968 577 2313
12 8225 578 2237 555 2359 1343 2315 3897 9683 2080 2316 1674
13 8800 8862 9245 578 7159 6147 6769 2317 1805 5432 2590 2318 1607
13 2319 3677 2389 635 6016 2320 1886 6208 579 6526 3509 7189 569
12 4495 579 1263 8387 9306 2321 1309 2322 1281 4335 4490 3206
16 2324 1881 3845 199 3211 391 9965 8591 1451 5522 3705 1359 2323 4714 580 1433
8 580 2326 4485 4291 2633 6614 3850 2325
12 7668 2224 3660 2327 6706 581 7601 5914 2881 2328 9521 1141
10 1642 7351 5664 2330 2761 8930 8881 5308 581 2329
12 2331 4734 3336 6052 7028 2332 3422 582 47 9839 4627 5355
6 4075 240 2333 582 6815 2334
15 8354 583 1812 7854 1747 1993 7409 7897 9751 2335 7625 4730 941 4767 2336
13 2909 2381 3561 583 2337 2984 2338 2151 2529 4306 9608 4815 4775
13 162 2252 11 584 9917 2339 7873 2864 2421 1429 2340 5817 9070
6 3240 1366 2342 6295 584 2341
9 9555 8201 3412 2343 1737 2974 585 2344 3755
16 8360 585 4181 6519 2827 6467 6475 9639 2345 5622 7932 2866 2346 2358 8246 6530
12 2932 663 2347 586 8170 2348 5194 794 2914 8716 767 402
8 2133 9041 2349 725 586 2350 3761 9824
10 2352 9431 9867 4240 587 5224 991 3419 4119 2351
10 1995 4955 877 9062 2353 587 6806 2354 8502 5746
17 6899 3553 4151 9746 367 1117 9234 1505 8413 2355 2356 3869 6154 982 1824 8972 588
11 1491 2357 6118 588 2467 4972 7989 2358 7969 3708 3072
12 2359 589 2360 4446 9529 5475 2617 2162 1288 1532 3647 4733
7 3412 589 9683 719 2361 2362 5562
11 6198 6308 2364 2718 590 5115 7034 4985 2363 7084 3063
12 757 9211 8874 2365 463 5891 2366 3846 893 2639 2940 590
9 7072 2368 8333 5552 591 7130 7217 2367 1192
8 2369 8419 9221 2370 6664 591 3743 5906
9 7138 4646 592 7058 2371 2514 3917 6312 2372
12 2639 2371 6348 592 5971 3601 2373 4150 2548 3784 2374 5464
10 1679 8547 2375 5002 3717 3872 2376 2677 2804 593
14 5027 5637 593 3267 2515 700 2377 9009 6167 550 2378 3960 1793 53
9 345 2380 2291 8642 5878 2044 2379 6628 594
14 465 3278 594 2595 5397 6727 3942 2381 8643 2642 2382 6818 8331 450
12 9160 9315 595 8368 2383 516 9820 8027 9174 7011 2384 3287
14 684 5300 2385 4073 785 2386 9453 379 7307 595 1416 1183 2974 1799
8 2387 6287 2388 2950 596 1873 643 1772
11 2390 1212 9633 2949 9556 5222 9707 8902 2389 8789 596
11 9058 9359 1955 901 597 2513 2391 2550 2392 3600 3125
13 1750 3405 2393 597 3341 5423 2394 7973 3793 9112 4928 4607 1887
7 1059 5856 2396 2043 6594 598 2395
11 904 2397 8801 935 2398 1439 2529 7445 3652 598 147
9 3783 6044 5715 9586 2399 8234 599 2400 3193
12 599 5949 457 4807 2327 9626 6284 5109 2401 2402 6220 623
14 1597 1447 7810 8782 306 4863 2322 2403 600 9865 2404 5157 2905 2609
7 2406 9973 2969 910 600 2405 5719
11 1146 2408 8621 1648 8609 601 6402 4435 9363 1699 2407
7 64 2640 2409 2531 904 601 2410
11 8670 3047 602 1328 7143 1455 326 2411 8624 2412 6608
9 6027 3295 2413 602 2987 2414 1666 1431 4331
9 8232 603 5745 2427 2415 2936 7348 2416 5035
12 2418 9977 603 4766 4640 6405 8003 8723 2417 981 7248 5150
15 7517 8428 4838 2374 5867 8941 2419 1541 3977 9202 7486 2420 604 6011 6504
14 4916 5160 779 2794 6609 2421 1840 2422 8916 9294 8546 6273 61 604
10 2423 6001 605 2424 1242 6475 2885 7455 2499 8001
16 7247 7227 8166 2425 6861 9309 3889 2426 1194 3597 31 605 1467 2525 3021 4660
19 1481 793 172 8443 1787 4556 3434 4593 1214 606 321 413 4252 2427 6087 5461 2428 1371 7287
12 2430 9485 8042 3240 1213 7465 8677 606 8678 2429 5198 8740
16 6207 5602 612 5167 2134 2431 3614 3187 3367 2432 8519 562 607 1150 1559 9321
8 6508 2434 607 3963 4586 8653 2433 4182
9 608 9047 2436 5486 6759 5930 8598 9033 2435
12 788 608 390 5872 3262 2408 1908 2437 2686 5589 2438 2955
16 9032 6723 7968 8391 609 250 1756 763 2439 6481 6786 777 2440 1700 962 8718
11 2441 2442 6500 7541 9741 4175 7428 2866 609 1618 6034
13 2754 8471 4564 5284 9740 3715 610 2695 3187 2443 3399 6168 2444
12 2446 8102 3845 1674 841 7261 3362 9368 2773 2445 7438 610
12 4320 611 7817 9216 6699 4134 2447 1066 5887 2448 5795 8670
5 611 2526 2449 2450 9546
10 2451 7375 5997 9750 4615 2452 5962 5385 5182 612
12 9828 998 2453 6312 2555 8520 2454 5008 1398 3850 9844 612
13 5006 4612 1311 5182 199 1328 4081 7716 2898 2455 9030 613 2456
10 613 9905 2046 4819 2457 2502 788 2458 9611 7123
17 5130 4012 2459 3024 5281 7940 614 6505 55 2460 7888 8576 2827 3425 895 9032 189
14 1677 7764 3373 2462 8923 2906 8688 50 1581 3171 614 5197 2461 8267
11 2463 8436 8920 2464 960 3359 2237 615 5901 7792 3373
13 9123 150 4769 6648 5311 2465 615 664 5885 9947 8150 2466 6459
11 1043 616 5941 2852 6764 8789 2467 7672 5883 2468 5782
11 4981 5794 2916 2469 616 2470 9996 4719 3927 4960 6001
7 2472 3070 3144 5669 617 5610 2471
16 2474 9850 7435 369 4232 6180 7099 4956 5871 4619 4570 617 2473 886 5677 4929
8 2315 2621 2475 7692 4537 2476 618 8499
16 618 4146 9579 3143 2631 6177 2477 8088 8255 6596 4059 4787 2478 7288 944 6890
11 2479 619 3610 875 3358 2480 5530 2688 7271 2474 4129
13 9941 6729 795 533 619 3619 4558 2481 3904 1668 8369 2929 2482
10 5978 5986 620 79 4756 4329 2483 2484 4826 3647
17 9022 6644 6364 2485 6844 350 2486 1211 1795 620 8943 8077 5719 4244 983 5228 5041
15 9617 8618 2487 4662 3296 3772 1479 7733 4651 2488 6493 3912 8966 621 85
12 621 2368 8280 2490 1555 3393 325 4544 6622 2508 1647 2489
12 622 2491 8790 2492 8294 1370 9555 6892 3753 8279 642 4685
12 370 5541 2573 622 6635 575 8807 2692 2493 7340 9536 2494
13 8110 2495 6630 704 5439 2496 2732 623 4912 9328 4685 9178 0
9 351 504 6550 2497 9238 2498 6605 7866 623
16 3195 4854 2500 624 4655 4952 9620 662 2977 1375 5067 5755 9805 2499 802 3414
8 6832 2502 624 8842 6042 1464 2501 3054
10 8458 625 4381 2503 8684 1524 2504 5989 4538 7929
11 625 2090 2505 8291 787 9755 9922 2502 2506 9170 5149
11 1885 2507 6740 2508 6660 2765 5384 9377 626 6153 6519
12 626 1764 1512 729 2509 7543 5640 8808 7336 3445 2510 4096
13 2512 8554 8786 9352 1273 1388 6462 569 3283 5068 2511 181 627
7 395 627 2513 3562 9304 2514 7625
10 8954 6519 6678 628 2515 3324 648 2516 595 9766
16 2546 1859 2518 220 5588 5832 5389 2194 7773 628 5875 5318 7957 2517 5713 83
14 7024 2519 3548 5874 2064 2520 1622 9262 629 5713 4965 1631 6547 7271
8 2393 3809 291 7457 2521 629 2522 6080
14 1449 630 3047 3584 7882 2523 3426 2524 3984 410 7424 363 4859 1778
11 1910 7338 1540 663 2525 630 9515 9873 2526 2555 5597
13 4760 1160 2528 6884 9515 4746 5685 4173 631 1579 2527 9102 3113
10 2530 7718 7531 7084 287 6462 9341 1877 631 2529
11 4753 1846 8320 9430 2677 6715 2531 728 9419 632 2532
7 632 2533 2534 3401 9175 5284 9237
6 2535 9907 633 5321 2536 7773
6 5589 7256 6805 633 2537 2538
10 6561 521 2540 4537 9360 634 6388 1750 5080 2539
6 7626 7057 2541 1891 634 2542
13 635 5542 6194 2543 26 50 5048 2544 6256 4276 2158 8383 7883
13 2545 3261 2806 635 2546 2359 3518 5592 6678 7748 9135 8525 3232
10 8042 4875 1255 9422 2888 636 2547 3462 2548 8200
8 2965 7305 163 8432 2549 636 6002 2550
13 3112 2551 9512 5345 9037 7541 2552 7476 5736 637 8672 3643 9535
10 7504 2553 3810 6567 2554 9524 5206 637 2002 2775
13 9850 3743 638 3463 2556 2666 2207 286 7802 4757 1566 9499 2555
12 2557 4444 4956 81 2558 638 8235 2999 6488 2300 6549 4126
11 9490 2887 3119 2753 639 5588 2559 4336 2560 8554 6387
8 5903 2561 5855 2562 4099 639 2856 824
12 801 2563 550 2564 2678 1160 455 284 640 4375 7400 172
9 9108 2566 640 6564 6382 2565 8314 7489 28
9 2568 7289 127 2614 3476 3079 2567 9886 641
5 641 2569 9607 2570 9093
12 3905 9305 2572 5854 5159 642 3895 122 6982 934 4685 2571
13 4130 2573 2574 2952 5205 682 566 8467 642 1015 8342 8163 7415
9 643 4659 6709 7018 5766 2270 2575 2576 6358
8 8592 4010 3213 6303 643 2577 1179 2578
9 644 8466 2579 2580 6715 5589 2918 231 477
8 2165 9248 2015 5833 644 2581 487 2582
16 9861 8979 7849 7670 3706 2584 9866 5174 3796 2817 4891 2106 645 6567 153 2583
9 147 1131 284 2585 2586 6900 6657 645 6344
14 7793 7342 3398 6025 8758 2822 7852 2587 7503 6857 646 2588 1893 2922
7 5557 2589 3809 2590 8455 3466 646
16 7327 4603 4079 2042 2591 4681 647 4108 6097 2592 6707 1568 3052 8647 9501 387
10 2594 2676 7645 647 722 4577 2593 6057 4626 8733
14 2596 2149 2292 648 8290 4350 8254 1700 8352 800 4815 2347 2595 8499
14 2494 7418 5129 4137 5109 7179 3487 2369 2597 648 2598 6977 5920 8966
7 649 2599 229 2600 2283 940 2691
7 4162 2601 649 6818 3175 2602 4119
15 9236 1881 1475 5241 5416 8677 8681 541 650 2603 1012 3876 2254 7723 2604
10 2606 2689 4735 8862 8472 2605 650 3081 8566 9375
10 6160 537 2607 5551 8857 2608 651 9496 8508 9582
14 4942 8748 4971 772 6996 2609 3756 3195 2610 2842 6323 5604 651 5348
18 150 9560 5856 364 591 2612 9516 652 8651 9944 9871 2447 9994 1358 275 9929 5827 2611
9 9882 1572 652 2613 2614 1152 4916 2940 9950
18 3633 5678 5471 3174 5329 4882 653 6489 7339 900 2615 9479 3799 9410 7979 2616 7853 8825
9 3166 2617 2024 1027 9229 2618 653 7201 3811
9 5086 2021 2619 8779 1160 4051 2620 4170 654
9 6212 654 1752 2622 8417 2621 7045 4878 1012
8 963 2452 1227 2623 655 2624 2315 2914
12 332 8975 247 2625 3727 5191 655 2626 9388 8717 9148 9840
13 2627 7116 3225 6795 2628 3181 656 9582 2308 7366 2118 9120 3688
12 2629 3056 4593 9074 3126 1654 2630 2501 4489 5522 656 2555
11 657 9561 5373 9842 535 3436 2631 1891 4766 9003 2632
14 2634 2793 5107 657 1411 8551 3534 4494 4478 7003 9687 5670 388 2633
7 1963 658 2635 1379 3250 2636 5235
13 2288 2638 8908 1797 9116 4554 6770 658 5177 6080 8878 2637 8358
14 796 2639 4587 8446 2640 7422 3060 3304 4727 8541 2263 1564 659 2069
11 659 1948 3266 7804 2775 6219 5979 2259 2641 2642 1321
9 3260 4968 2260 2643 3628 660 2644 1320 9227
11 1945 996 660 3913 5129 7341 2645 4784 2646 1496 2640
12 523 1724 4924 2647 661 8193 7368 1859 2648 5751 7244 3731
14 9692 2650 6493 8258 9498 2871 661 794 7450 8617 3592 3824 2649 2092
10 5256 1402 6997 6802 2651 7083 2993 2652 848 662
10 6168 662 6803 7121 2653 3983 9358 1076 2654 5139
11 663 2655 2908 2656 3974 6731 443 7736 45 3846 7363
11 7032 2657 3820 1205 663 2658 1227 5517 365 2847 2237
7 5028 664 237 2659 3009 8234 2660
17 5543 459 2661 4617 8000 5800 2995 5496 6472 2662 8485 7786 4387 664 4660 2367 7421
10 456 9667 4650 2663 2704 2664 665 7666 7723 7601
13 1547 6841 2666 8582 8351 831 6514 2981 9828 6913 6299 665 2665
13 1133 2667 9685 666 3412 2668 1554 7767 9435 4362 1788 8050 3175
14 2862 5977 6844 5600 5954 1957 4836 666 758 2669 3023 91 2670 4443
10 2672 6848 667 8984 7948 5301 1447 2671 6123 7795
9 7539 5299 2673 8390 7016 2674 667 8652 9144
9 2676 4227 872 4756 2675 3163 9539 668 6742
14 7642 2678 668 8090 6057 706 5232 1007 8945 2957 1912 2677 6975 8211
9 7524 7472 2918 2532 669 2679 2680 5152 3977
10 1130 9579 5416 7661 1741 2681 669 2682 3418 3455
11 4130 2683 2630 4578 781 4936 2684 670 4449 1080 7386
8 204 4604 2685 8309 2686 8367 670 4623
14 671 9353 327 3958 1157 5032 9708 2568 2687 9766 2688 7575 5591 7205
11 4030 895 2689 671 3649 2690 8391 5224 8318 9502 209
12 3739 672 4231 3963 2032 4671 2687 2691 6005 4436 214 2692
8 3486 5995 2694 1808 433 672 4513 2693
8 2695 1955 2496 2696 673 5292 5402 6911
10 673 5131 5245 3773 5030 2697 4543 8491 6288 2698
12 5896 5201 39 6499 9069 8374 926 2699 9900 674 2675 2700
11 674 6010 8080 2701 7552 2868 9545 2702 2515 7403 7651
10 2704 1043 3676 675 9724 4573 4142 6781 2703 6505
7 2705 2706 5780 2804 675 7209 7949
8 676 3880 6023 2707 8010 2708 8006 5323
12 2674 219 676 3912 2709 2026 2730 8085 4670 2710 8569 2186
8 677 2711 2829 4419 4370 8599 2712 3051
13 6195 3357 3463 3480 8286 677 6965 2688 327 9950 2713 5893 2714
6 2716 4721 6002 678 2715 9229
12 8258 4782 7165 2717 7365 5747 2718 5080 2035 1305 678 2317
11 3018 7788 5182 2971 2719 2720 679 1161 5018 3396 8377
11 2721 748 2722 9813 4003 442 4883 6477 5135 679 5754
15 5402 4491 2723 7818 680 7290 1760 4513 2724 7461 6506 5380 1681 5971 7024
16 1966 1633 7728 2532 680 7998 3916 864 2725 501 2449 7605 2726 8585 1368 9561
11 3015 2727 6594 1589 3313 9693 2728 7421 539 681 7719
10 1927 681 5558 927 3355 2729 2730 8215 5365 5044
6 2732 8388 2982 5381 2731 682
15 8645 3847 2896 682 1170 2734 9155 8330 6533 5472 5704 8022 5672 64 2733
11 8987 4055 3856 3523 876 683 2735 2101 8444 2736 8319
15 5 1800 2512 5602 9730 2737 4892 683 8808 2473 5547 2506 2844 2738 1362
10 2739 5431 2740 4037 7770 684 2399 9527 3420 2148
5 1245 3378 2741 684 2742
9 2256 2744 685 930 4475 4540 2743 8769 1213
12 5716 6505 1626 5851 2745 685 2746 5930 8919 2922 2483 2113
11 4343 686 9585 913 9203 2747 8839 2748 1541 5977 1907
13 9982 2749 7474 5327 1510 2750 686 198 5902 7204 6375 2045 5810
12 6148 8730 4392 8036 1249 7089 2751 6329 52 4561 687 2752
10 687 2198 2552 453 5838 2805 2753 7332 2754 2449
7 3812 2755 8334 554 688 2756 6348
10 3687 6651 6449 2757 688 2758 196 1064 4044 2979
14 9379 8017 2760 5278 7185 1317 689 5649 4100 7886 5353 8683 2759 3544
12 1883 6689 7462 2762 2258 6874 2129 7098 6919 9745 689 2761
10 690 4693 8877 8292 3027 2763 4430 1596 2764 2321
6 2765 690 837 8165 594 2766
11 8040 5653 691 9020 2767 7557 2768 649 3143 5986 207
15 622 2279 1718 196 2515 691 8777 8123 7729 4814 2525 2769 1590 4607 2770
5 2772 5876 692 2514 2771
11 9533 8655 3386 6062 8457 2773 7042 7433 2774 2177 692
15 6123 8034 2428 6283 48 5238 4572 2775 4991 4650 2113 5927 693 6305 2776
9 693 2777 6115 9340 2778 1033 1255 9082 5016
10 9282 4623 694 8133 1705 2779 5121 1840 3056 2780
20 9877 4380 3709 1030 8182 7183 485 3288 694 2353 9062 36 7371 5761 6810 2622 9303 2781 4050 2782
9 5530 2802 9877 7316 4397 2783 2784 1630 695
9 6870 695 4333 3208 2785 7848 2786 6694 7052
15 2787 4133 6150 4520 2788 7391 8859 2508 7351 3464 3037 7185 2517 2254 696
6 2789 696 2790 1908 9963 6885
6 4135 8905 697 2791 2792 569
8 2793 5802 2794 5385 697 516 7452 7399
14 4246 1416 2795 9561 1616 7044 8447 4304 2796 7476 3882 698 4289 1964
11 9527 2066 2798 3876 3983 3914 2467 1226 4329 2797 698
11 855 211 699 675 2800 3081 9644 329 2799 6694 6918
11 4499 2710 824 9688 442 699 2801 5241 8742 2802 3286
9 7723 7520 4089 2804 6680 2521 700 946 2803
10 85 2805 1325 9990 2806 7279 2612 8033 700 2747
7 7331 1444 5990 2807 701 2808 3784
10 701 9134 7235 2153 2344 8110 836 2809 8896 2810
7 3856 2811 9191 702 3568 2812 5261
13 2625 7358 882 6517 2813 640 4253 702 2188 7055 2814 2725 4136
13 2815 2823 364 2897 2816 4784 7476 1629 703 5561 5968 8327 6412
12 1518 3486 6317 3585 7452 2817 5984 2557 7949 703 4668 2818
10 704 7220 3362 9466 2819 6202 272 6483 2820 6297
12 897 2821 704 5009 7140 2094 2822 3680 1042 9873 1538 7308
14 2956 2830 2871 705 1627 8999 1316 1465 2823 4226 9943 2824 5707 2829
7 2826 3245 705 4019 7646 2825 3862
9 997 2828 7594 1987 655 4822 706 4762 2827
10 5056 2829 5021 3257 2830 669 2855 8523 2973 706
12 2831 7727 707 4621 2832 2052 2109 8371 5045 8713 8823 7295
11 6146 1019 1397 2833 7005 707 2834 1603 2209 1192 5158
8 9334 7615 708 2981 6669 2835 6970 2836
11 9270 2838 8425 6775 5100 708 7337 1877 7854 2837 3533
10 901 2839 1098 3327 2840 6337 7768 6748 9464 709
11 709 2842 8856 1737 4213 9568 745 8349 3279 8650 2841
12 710 1432 1526 2844 909 9472 8944 7700 3610 5766 3164 2843
8 4099 496 710 2597 2845 1008 2846 9612
5 7349 9899 711 2847 2848
10 5252 2849 9705 6700 109 2850 9514 9006 8917 711
9 2851 2905 2852 712 799 7191 177 7606 3723
5 2854 1591 4909 2853 712
14 4846 713 3277 6347 4981 6030 2310 2855 8328 6856 6169 6763 2856 7996
8 9348 3486 713 2857 2858 9900 243 871
9 2859 2860 7191 1169 6858 8668 714 9201 8067
8 714 2206 2861 2862 5066 9198 6738 674
14 2864 9325 2064 4496 9920 6167 9367 1206 29 1643 2863 715 7629 3254
9 1421 8440 715 2866 9640 7099 8682 5190 2865
8 8725 2867 716 2868 2881 454 1161 2235
11 850 2870 7885 3795 716 9097 4966 4649 8784 2869 7049
9 2871 5620 2872 8727 1644 2592 717 8042 9982
9 6823 4750 2087 5982 5593 2873 717 2874 4139
11 2876 718 2970 445 7171 1837 5976 8859 2114 2875 2888
17 3669 2877 718 6850 1971 9005 4817 810 4541 2878 9839 1821 9632 948 1533 2371 123
15 9920 719 3557 2879 6530 4066 4607 2517 7104 1198 6043 6177 8918 2880 295
12 4410 661 2085 2882 8648 719 4795 3697 755 2881 2080 4906
13 9094 1751 1992 10 590 2883 4416 2855 8515 9918 720 2884 9366
7 339 2713 3576 2885 2324 2886 720
12 1606 2887 4351 721 2888 3270 363 5467 7744 793 4321 3061
12 753 8813 2889 5455 1403 4195 721 2890 5818 2248 5802 1842
11 6173 2892 722 899 6431 16 7989 6164 2891 9726 1015
7 6954 9101 2893 6955 2894 722 637
13 1201 7411 1099 4887 4338 2895 4075 1335 2896 9052 9715 6471 723
14 2897 723 2898 6684 0 2509 2623 4380 4945 9190 1603 6389 9597 8841
10 724 1261 2899 7494 7238 2900 3027 4536 332 278
10 7107 724 4270 5417 6039 9475 2901 1958 3833 2902
12 2904 2876 6450 2982 8276 1950 6638 1161 8517 725 7294 2903
9 6917 2905 9692 2906 6741 4326 695 725 5152
11 2908 726 2339 4177 4466 8473 5017 2907 2801 2110 7258
11 7061 8411 2910 726 8107 2350 6782 6026 6571 8536 2909
6 727 417 1205 2911 8100 2912
11 8454 727 2978 5450 2799 1567 2913 9199 2914 770 2536
14 2951 9798 354 1878 2915 8482 3302 2916 8503 5901 5019 2893 728 6321
14 728 9604 4490 3189 90 2917 7337 8777 3288 7854 2918 2833 542 7347
11 2920 5636 944 6251 1942 8773 2919 288 729 6900 4566
9 729 9121 2921 2661 7004 2922 199 3284 8034
10 3600 6723 237 2328 730 2923 6770 2924 4392 7222
8 2925 8727 2926 4703 2890 5537 853 730
11 6785 2927 9400 7233 844 2928 840 3494 731 497 4028
12 5675 7269 5903 1724 2794 2908 7633 6572 2929 1250 731 2930
12 6252 732 9481 6944 2931 1411 8392 2932 5144 3998 8288 4796
12 9673 8799 2440 2188 3006 2933 732 2238 7662 3186 2934 8388
11 3334 2936 2847 2636 5966 6784 1212 9077 733 2935 4797
13 2937 8105 2938 6508 5386 5012 6639 4082 2728 7766 7608 733 1063
12 5047 4198 2792 9188 3809 5232 2939 581 2940 734 6449 3420
9 734 5988 4569 9229 3557 8299 2941 5963 2942
8 2943 3374 5078 3586 735 2944 2611 9358
11 2946 2820 3312 735 90 8751 4299 2945 8101 5133 276
14 19 2948 7860 1794 736 590 4283 8841 3556 8980 7 960 3528 2947
11 4289 2228 2428 9035 2949 9463 6796 7085 736 2950 1037
14 2779 1301 9984 2491 5260 4931 2951 7798 5981 2952 6819 737 8035 8637
10 9190 2953 5161 737 2954 6183 3028 3744 9998 9425
11 275 738 2211 9928 2955 8534 3037 2956 7209 7628 8341
9 2958 6345 2272 738 7461 1765 1053 2957 6161
11 8634 1698 2959 6322 2960 1243 245 3798 739 2843 9256
10 6973 7107 3042 7523 2961 4332 6052 2962 739 7871
9 1213 740 2915 2964 9951 8902 9285 2963 9139
8 643 2965 7015 9890 2966 740 2837 2659
8 4632 4807 741 6565 5073 2967 2968 6477
9 6301 8025 8513 741 6303 2969 4413 4576 2970
12 6744 2971 4528 7228 5562 2972 3818 8970 9446 742 6202 3714
10 2974 742 6581 3996 1715 1009 2013 8433 2973 1628
11 7241 2976 45 9071 8414 9898 1081 6874 9102 2975 743
9 743 2977 6352 9796 6661 347 2978 2674 1727
12 6726 1815 8146 2161 6113 5162 744 8838 2979 9131 2980 6404
14 2322 8002 2981 3575 2079 8849 7731 2982 94 6207 744 1862 813 6473
11 1626 745 7408 1178 3904 517 3259 4414 2983 5346 2984
12 2986 9756 1677 4955 745 6655 6789 6208 4228 7993 2985 2168
18 9231 9642 746 5731 2987 559 8850 1930 3707 3386 8371 3228 2988 271 6457 7758 2729 2030
8 3667 8697 746 6140 2989 467 6462 2990
12 2991 8700 5244 2992 77 1663 5323 8039 6263 747 2437 5113
13 9787 34 2993 2994 7881 5771 5743 5560 6516 5646 1322 5171 747
12 2440 7734 5132 8833 7203 2995 7415 7846 7196 748 2996 8351
9 4578 1034 748 842 3103 2997 2998 6308 6976
9 2999 8732 749 1117 3000 4720 8018 9360 5197
12 3002 6950 5962 8040 1115 5841 3349 749 9197 9579 5977 3001
14 2495 2853 3004 1589 750 9905 751 8243 2396 1868 8207 2962 390 3003
5 3005 536 1542 3006 750
14 751 8327 1895 6925 2782 1539 3007 4540 6073 7797 8570 5305 3008 7489
8 6225 3009 751 3676 9796 3010 8410 3707
11 3395 1631 3652 7978 1177 7060 752 6573 3011 3012 2020
13 5360 4559 2148 3014 7373 6064 4020 7525 5305 993 9343 3013 752
12 3343 5718 5218 3015 7927 8708 1150 753 3016 3370 1972 7563
6 1053 7107 3017 3018 4673 753
9 3019 9293 1645 3020 754 4489 7685 5262 5503
12 5255 8313 9180 1374 3618 754 1024 3021 9039 1765 6555 3022
11 755 7128 5136 9524 6739 8406 3023 3775 1109 6813 3024
9 8761 505 4167 3025 1254 3026 4994 755 1775
11 692 3002 2120 6113 3027 939 2369 4947 3028 6102 756
10 3241 4628 3030 756 92 2825 8530 3029 6038 2631
15 2539 8020 3031 9744 8594 9159 9501 3032 7680 7099 5855 3302 1806 5608 757
7 2625 757 3626 1067 3033 9974 3034
10 7593 3035 6337 8728 3036 4354 758 9823 9962 8787
14 1408 6602 3037 421 6920 4721 8055 3107 3038 6385 758 2153 5296 5244
12 3040 759 2040 8245 8050 5330 306 6397 9471 3039 419 6386
14 9234 4351 3042 8417 2786 759 6511 2889 4125 7325 2613 3760 8286 3041
9 3619 760 4421 2128 3043 4389 3409 8439 3044
16 6820 3897 3523 172 8005 5724 760 3045 5221 6953 3046 8454 4856 5348 8853 9475
14 3047 7052 3625 3048 8590 214 6724 3992 9416 7672 8428 7640 761 2880
16 4860 9373 9427 6842 5915 2882 6444 3049 159 1251 7221 6839 3721 3050 761 9247
10 4187 9725 4732 7566 7770 8612 3051 2409 762 3052
10 1421 5545 762 3053 9530 9103 5619 3054 5811 3442
9 763 1766 3055 7601 3056 3670 5390 4829 2980
12 1048 3058 1044 1949 7548 5832 6975 8402 1074 763 9843 3057
11 3059 2368 3060 977 764 447 6371 8225 175 2415 6831
13 6515 6686 1039 2820 1776 3167 3061 2423 764 3062 796 1145 206
8 765 540 3063 677 3064 3333 3764 1890
10 2369 765 3626 3065 8851 7416 1838 3066 8385 1179
17 3808 3068 3878 2870 9640 8896 7453 766 9401 3741 35 1438 3506 9186 3067 762 3917
8 3070 8105 5808 2336 766 8525 8265 3069
6 9962 7527 3071 7577 3072 767
11 3073 3578 3074 2151 59 8239 9085 892 9679 3020 767
14 3973 4701 3075 241 5332 768 3206 3076 8744 8846 615 3838 3932 5099
14 3412 6315 2839 26 1969 2644 3612 5300 4886 768 1410 4492 3077 3078
10 3080 5366 6021 1134 769 5867 1503 3079 8239 6145
14 1262 3081 2146 7127 7615 3200 1915 3082 57 769 357 3213 698 3518
8 2009 3087 1209 3083 2189 3084 770 1373
12 8180 3086 770 269 1502 6963 5365 3312 3085 2227 3146 4195
12 5521 9583 8107 7908 5103 5164 771 6429 3087 3088 1584 7427
11 4412 7987 741 5958 3089 5000 2052 771 2976 3090 5993
10 6502 3091 5006 8520 3092 3149 858 107 1942 772
8 3093 3094 5607 772 9471 4222 6056 5332
9 1332 3096 2519 773 2003 1552 5651 3095 7157
15 3098 5310 3314 8303 4359 773 5022 7263 2620 9768 4694 321 5593 6191 3097
5 774 1557 15 3099 3100
9 3101 6830 5513 3102 1817 6762 774 148 2868
13 6819 3103 6494 6470 3104 7439 2833 494 750 1091 775 3891 8998
9 317 775 7352 3990 1547 145 3105 9582 3106
11 3108 785 1971 9501 9241 2378 9449 3107 9511 776 4067
11 7674 776 613 1333 3792 3109 6025 1707 3110 5038 4896
13 2904 3636 3112 1244 7842 777 7554 9933 4993 5575 3111 7604 4518
9 5089 7057 3113 3114 6091 7502 777 6247 4280
9 6943 5956 1549 5729 3318 5262 3115 3116 778
13 3118 1070 406 2521 778 8711 2226 9557 5853 154 3117 2975 7907
12 779 4668 664 3119 4962 3120 389 5959 4044 2349 1215 5000
8 9650 8524 5410 779 3121 8887 3122 2943
14 7759 3124 4238 2519 1962 1137 780 4830 9791 8994 1696 7254 3123 7169
12 1627 4831 6181 3125 5142 3613 9322 3126 780 7693 7937 8787
4 8245 3127 3128 781
13 781 3129 3130 3939 9591 9628 5420 4233 1319 4807 7735 6694 2376
9 3131 9181 782 448 8133 3132 2348 1706 7427
13 3134 9721 7046 7750 2204 3538 782 673 1277 3133 4613 4471 592
18 3136 499 5194 67 5475 6024 783 5276 2276 4179 6631 1456 573 2736 3135 9649 9332 5522
17 226 7035 5425 1595 2644 9459 3137 6854 2219 3138 4000 2398 1295 783 6497 126 2248
8 3140 2254 7346 9501 190 508 784 3139
9 3141 7813 784 4329 3142 588 7828 725 7235
7 6297 785 4672 3143 8344 3144 417
7 2529 8555 3753 1306 3145 785 3146
13 396 2065 3143 3147 6750 9495 5291 3949 3148 786 5832 5483 476
14 1928 4449 9894 426 3149 3125 3857 3150 9729 8924 998 786 5383 5839
9 3151 8075 787 3152 4689 1095 96 6447 6989
10 787 8520 3153 3812 1759 3154 9871 961 3683 7579
12 3604 4210 573 6081 788 6757 3155 9563 8949 593 3156 5551
10 9414 3791 9142 3157 9354 3158 788 6623 8209 2371
17 2239 9465 5074 9778 3159 4692 2 1944 3160 2835 269 1263 4905 7402 789 2832 5650
16 3162 789 9754 6217 7746 7543 8165 2672 8759 2193 3673 3161 7524 8203 8240 9106
11 7952 433 790 3163 7782 1230 7799 2757 3164 4197 5593
8 2713 2331 3165 1722 2092 790 3166 291
8 3167 7713 3168 4807 791 3494 6720 2272
10 3169 425 485 2198 3170 3463 791 2517 1543 3644
7 792 5743 9672 298 3171 848 3172
7 792 465 3985 4473 3173 43 3174
13 469 793 295 3175 9563 5355 8636 3176 9226 4945 117 2990 9821
12 3178 7545 9497 5183 230 9880 793 2160 5153 5511 3177 1791
16 3350 1501 3180 8389 1363 2307 6003 7841 9927 794 5837 7862 2300 9237 7367 3179
16 3065 5359 9254 6152 8856 4657 3181 9467 2303 4889 3182 1384 9659 4069 3882 794
14 8605 5556 7150 2133 6484 8448 1426 3183 5411 9754 795 4981 3184 8535
11 795 3185 3852 3125 3186 5496 6261 2866 8604 3481 32
8 8851 3187 796 3509 3188 9474 8543 6214
19 3190 180 753 8423 7354 5398 7399 5740 6627 1695 4639 796 6238 8283 5722 2705 3189 4263 50
11 1568 3341 5366 2658 4114 4358 3191 9831 3192 6791 797
10 797 3193 2661 1381 3194 1698 7488 4699 6716 3939
11 1201 3195 798 3196 5328 1026 3259 7183 5711 5236 8517
11 4270 3197 4836 798 7829 3198 789 7257 3996 4033 4355
11 3200 9039 5014 4560 799 6142 6252 3199 9632 6363 4501
16 3863 2078 6067 285 3201 5486 6966 9386 2120 3202 8878 7675 3345 799 7753 8355
12 6992 45 3203 1145 7335 3204 5306 800 1989 9686 4624 7003
8 1119 3206 6553 3398 8725 800 3205 7938
9 801 3342 6554 3208 7011 8979 1416 1448 3207
14 3935 3009 8624 5404 6693 801 9938 3209 5616 2888 6702 3271 2478 3210
13 6872 2412 990 5588 802 3649 9736 2397 7301 3211 4618 4996 3212
15 1443 1936 8409 3213 4185 372 6332 3250 837 3214 4784 802 3772 592 7855
11 6843 1056 8032 3454 7760 9541 3215 3382 803 1158 3216
10 3978 803 3218 4027 7134 3012 7306 2610 5473 3217
7 4682 1665 804 3219 7192 3923 3220
12 1101 8359 5485 549 1838 9763 3221 804 3222 2531 9712 4593
16 3223 2987 7098 778 7871 5029 3106 1935 3224 4505 3997 6201 805 6657 2421 1775
9 107 2989 3225 276 1056 3226 805 1098 3598
14 6054 7941 806 3485 3434 5878 3227 484 4321 6964 6887 6932 4639 3228
12 150 6050 3229 1619 3103 4339 806 502 5535 3230 889 9371
8 2189 807 5296 9752 3231 5061 3232 9755
11 3233 5962 3234 5259 3226 4007 1397 807 6748 614 2745
9 7102 3646 3236 4510 8458 7824 808 9349 3235
8 4105 3491 5940 3237 8332 1220 3238 808
9 6363 306 8962 1614 3239 809 7639 1012 3240
13 7404 9990 809 8006 3241 245 3242 3076 2515 2462 6626 9529 6992
8 8091 7779 810 2274 2669 8309 3243 3244
7 5279 3246 5519 1259 810 3245 3717
15 8299 8568 5299 7560 4182 3247 6728 875 6143 3248 2004 811 5038 7994 4400
7 811 445 4879 3375 3249 3250 9837
17 9333 812 642 3251 4410 4829 3252 3520 6517 9091 7428 374 7714 2721 3998 8194 4031
18 1491 9240 9187 1372 812 8485 619 8534 571 1029 138 4501 3253 2477 5226 3254 3974 8646
11 1562 8050 8583 9604 1411 3486 7625 813 2974 3255 3256
10 4138 9201 3257 5823 3258 7019 813 8057 9224 1486
14 1407 3259 9297 6512 9639 4333 9493 814 3260 4179 5281 8729 7457 1960
13 814 6791 1000 3262 1068 587 6496 1666 1825 439 1391 8262 3261
13 4568 3263 7553 4898 3414 559 815 47 1505 3264 5379 1259 6498
12 3011 3788 7228 7940 815 9107 4078 3541 3265 4790 3266 5962
12 1362 3267 7199 323 3268 8200 5419 3053 816 1048 5323 7393
13 590 816 6749 2232 3269 2257 4144 3270 6714 6223 9269 3955 1926
7 3272 2948 673 7979 3271 817 2308
14 817 8645 871 3274 4376 5543 9544 6495 3272 8871 5789 332 3273 7717
13 502 4664 5266 6486 2067 818 3275 3813 3276 2077 9489 4610 2301
10 9512 280 9591 3277 6823 818 3473 7100 3278 2331
11 3279 6857 2019 921 3280 3073 4931 4968 819 4851 9417
10 5962 4759 8659 3142 5956 3281 9787 2700 819 3282
9 3284 820 4756 7965 8437 6059 8727 481 3283
18 9773 1164 6293 7509 8188 820 3285 2911 6945 5579 8913 5156 3286 9332 9149 4514 5336 313
12 5030 821 6856 3864 3067 3287 9521 3288 1431 8509 6554 592
10 8600 3290 1435 7922 821 9036 5162 6703 7366 3289
16 2679 9258 1509 9266 8474 166 3864 3291 6231 7886 822 6756 8594 3292 201 2231
9 5742 822 8174 3592 3495 3293 2171 3294 2664
11 3295 823 3296 3304 6248 7086 9290 3334 5432 7140 1244
12 4797 1658 1203 3297 474 7579 1814 3298 5209 823 5710 1961
8 3300 824 3724 7726 2270 7507 2205 3299
6 3301 891 2952 3302 824 6024
9 443 6900 9031 3303 7625 956 3304 5956 825
9 8241 3305 825 6172 3306 3010 3779 857 4093
12 8836 314 826 4120 8369 4783 3307 7951 3308 2374 4180 9726
12 3310 3404 2900 1656 2140 826 1314 8890 7280 4893 3309 7030
9 3312 7554 4289 827 2400 9113 3311 3909 7467
10 197 3418 1654 8814 4651 3313 9880 3314 827 2490
15 22 8286 8046 3033 4810 749 6672 3546 3315 7670 828 4625 4747 3316 4105
8 3317 7566 1648 3318 653 9365 9557 828
12 3 7338 4199 1870 9063 829 7242 3319 3320 9533 2556 6122
16 9791 6571 9340 4022 5824 3153 8134 8191 5670 54 829 9542 3321 4814 7266 3322
11 462 2209 3323 3608 7113 3324 9131 830 7444 263 8636
11 683 830 6329 3430 6167 3325 8830 9798 6436 6672 3326
13 831 3287 3328 218 1495 99 4919 5651 6104 8389 3327 6397 4897
11 3492 1939 2 831 3330 5542 7433 8865 4291 7357 3329
8 997 974 1609 832 6844 3331 3332 9102
11 5195 3333 4655 3334 2830 1206 9987 1630 832 4047 9671
7 5136 3335 3336 3832 833 7566 6050
15 7721 4802 5404 7547 4209 1855 6421 3978 3283 8220 8208 1240 3337 833 3338
10 5763 834 571 3340 8249 7753 6798 3339 8621 2136
11 76 2271 1897 834 3341 9074 2947 3350 575 3342 1054
15 3343 1981 6295 1053 1921 3344 2771 868 3540 8814 835 664 3322 832 5087
12 3345 7029 4248 7338 8497 7436 3346 8839 7607 4578 6978 835
9 6260 8769 2069 3347 8584 836 2807 3348 8805
10 3350 836 1222 3331 2316 3349 8680 8818 1157 883
13 9518 4928 4611 5835 3351 952 7120 837 9650 2677 3352 927 4992
11 9528 1016 3353 9627 6444 3175 68 837 3354 5892 2851
10 1492 1230 6751 3047 3356 8671 838 5883 3355 3851
9 3847 4624 3339 4356 9837 3714 3357 838 3358
15 4312 1187 839 6870 7545 2414 4268 1086 6965 151 5518 3359 5831 9719 3360
11 6792 3361 894 839 3362 147 4916 3688 7791 4880 1746
10 5245 840 6217 3363 51 6405 3364 3234 1361 99
10 543 3366 7489 2773 840 7572 453 4300 8732 3365
11 9572 805 3368 31 5873 2726 8866 841 7526 3367 5876
8 763 5909 3369 15 3370 742 841 1993
11 5392 2786 5075 842 43 3372 9492 9509 8144 3956 3371
8 7471 2820 3373 3374 3626 3370 842 785
9 9565 843 8107 9010 3375 5376 7958 1709 3376
16 9892 4082 57 9665 2253 6823 774 2676 8828 2176 4254 843 2954 9317 3377 3378
15 5269 36 9030 4403 7071 8498 3379 3957 5173 3380 5271 5495 6760 844 2170
13 8098 6919 6976 6594 4423 844 3382 1052 4493 2383 501 7076 3381
10 3383 3384 6686 5796 9976 9383 9798 4699 1112 845
11 845 3998 9910 3385 6215 9850 789 5305 3386 1066 7595
8 7488 1002 5305 9424 3118 846 3387 3388
9 8865 3389 5939 3390 9018 2496 846 54 9194
14 5826 3391 9494 3517 1594 2717 3392 847 841 2498 8434 7792 7129 3291
9 3394 5517 3964 4042 9975 2136 3393 1561 847
5 848 941 3395 3396 1978
17 2281 7392 1479 4782 261 43 9280 4759 3397 848 4121 7317 8179 7663 1596 3398 6989
11 1132 6501 3399 4554 3400 83 4710 802 849 9838 1203
13 4547 6954 8898 6621 7788 1077 3401 9846 3402 2675 1297 1219 849
11 8503 2335 5666 8988 7069 5923 3313 2813 3403 850 3404
12 850 3406 38 1083 7196 538 4969 9808 955 7182 3405 8695
14 2751 8485 3407 9998 851 6241 9445 4453 8775 9206 3408 5462 801 3649
11 428 3410 6647 6594 395 257 8140 851 9218 4311 3409
8 3411 3192 4404 3412 1945 6194 1389 852
6 5253 3413 955 3414 1565 852
15 4327 853 7247 5938 9752 1848 5853 4007 3560 6175 5305 1554 8107 3415 3416
6 1150 3417 853 3418 5257 5826
12 6703 7590 854 9721 3419 3114 4501 9356 3420 7718 7922 1687
13 3422 8269 9802 9351 854 2038 4079 7153 249 8747 5836 3421 4958
8 8195 2027 7785 3423 855 3424 4376 3250
11 855 2842 636 9788 5340 3425 5255 3783 2450 3426 3105
16 2874 3427 6318 9945 5733 3428 856 2936 7852 2933 8625 6605 5605 6744 4528 5988
13 8288 3429 3100 9297 3430 8163 2633 856 7261 3118 3663 2123 8783
10 8986 3432 9572 2372 857 1486 7236 3410 3431 7424
14 5839 5941 4738 3433 7491 75 6414 2962 857 3434 9277 5496 2459 3911
11 6121 3206 6138 4768 7537 2569 3435 3436 6437 850 858
7 858 3438 1384 2418 5566 5054 3437
8 859 3439 3736 3440 8743 1779 3202 1979
14 6659 859 9189 4062 7209 9861 8259 3441 7820 4116 3657 4263 3706 3442
6 3444 860 8952 7293 3443 4903
11 7734 3445 3543 6804 3446 1582 3206 8497 7773 7001 860
11 3871 3448 861 6278 9027 6222 6381 4154 5020 2532 3447
16 1039 8544 5165 6377 900 3450 8252 1323 7362 861 1464 966 7713 640 4063 3449
11 5360 8670 862 2873 2654 3451 8111 8786 3452 9275 4343
11 9664 428 4481 862 8641 2778 3453 3307 3454 5727 2759
11 5679 3455 355 2439 6367 3456 8067 6002 9613 863 1488
8 2655 863 9596 3457 1754 4767 3458 4378
11 3460 6783 5978 8796 9748 4190 4451 3459 2325 864 445
13 4379 8685 864 3461 3055 6182 3462 2975 2979 1068 2398 9412 6684
11 6263 3990 3999 3463 865 3464 1111 4265 8872 7852 6551
10 3465 8873 3466 9846 3719 4008 9542 5468 865 6131
17 3979 3467 8570 375 7424 3468 823 2448 4790 866 3420 6177 8686 4303 2246 4576 957
12 7012 2263 4553 8042 7672 9502 9173 7559 3469 866 9471 3470
9 867 1881 3471 3821 46 1034 3472 4896 9584
7 9209 5489 372 3473 867 7393 3474
17 5224 3476 8921 4469 1420 5429 7694 1171 5515 868 131 5552 5312 3702 8602 3475 871
9 1120 3478 2714 2073 7282 1086 868 3477 4323
13 2375 8690 5551 3945 3479 5073 1991 6078 3480 869 7896 9913 6030
10 553 8887 6066 7144 888 3481 9101 3482 4572 869
10 3483 870 4858 1340 3484 4334 9832 3514 7381 8028
9 8471 3486 9077 6796 6373 870 3485 5156 605
10 3488 1075 3834 8498 2916 871 8950 3722 1864 3487
10 3489 556 106 6226 871 3490 4759 5377 9016 5748
14 872 7795 2749 4152 210 7153 64 7276 177 4544 750 3491 3492 5652
12 3493 4099 872 8031 3494 9841 5621 4019 7573 4533 1680 4562
14 873 6776 4983 3495 387 1167 9062 3496 5131 5355 3749 7136 4668 3160
6 5496 9578 873 4923 3497 3498
10 6584 3499 5825 5028 8615 3500 874 4180 6949 6079
16 7183 4858 8424 9392 1196 4208 3501 3502 603 1269 5308 874 4926 5707 967 3715
11 1441 875 3504 967 7868 7494 800 3295 6776 3503 5821
11 3505 2700 2273 1310 7917 3506 875 4983 3715 6077 6058
11 876 8202 7324 7658 9199 4133 3507 5955 198 3508 7086
12 9516 1905 9895 1728 9660 876 3114 3509 7408 976 5786 3510
8 2006 3511 8826 3512 6517 9978 877 5417
11 5795 3514 5478 877 2336 5736 4126 8371 9656 1219 3513
6 3516 228 370 1096 3515 878
15 878 6439 6651 899 2931 8132 3517 6965 5766 115 3518 8048 5117 949 7707
13 2602 2294 9512 879 3519 1576 6520 667 8045 2308 3520 6582 5712
15 3521 2188 3522 7523 898 1361 6682 431 3279 879 6191 7338 6716 955 5330
13 1951 880 5944 7290 7124 1936 3433 3523 2718 7366 3524 1073 8322
10 3526 200 5324 880 1909 9513 9554 3525 8075 9405
9 881 4775 3527 9020 835 6553 3528 7054 7900
10 8273 2500 3529 1254 881 3530 7068 2921 3486 9110
13 3532 9094 2528 9619 6228 2882 1478 882 2936 4774 1510 5291 3531
12 7603 3533 476 3534 5242 1527 1786 8902 9524 5398 2727 882
13 9294 588 5074 6237 8063 3237 3535 436 4580 883 5280 3536 488
8 3537 3538 2046 2347 7150 6109 6488 883
9 9637 3270 34 3539 2067 884 3540 2365 3366
10 4660 3542 1794 7475 884 2589 9627 2597 3541 8872
7 8382 7711 3544 5646 8777 885 3543
10 3545 981 9986 7331 336 3546 1025 885 9036 1193
11 8302 9632 7823 6739 3547 5178 6500 3548 3203 886 8562
10 3398 3549 886 8982 3550 232 2372 6731 6955 3243
17 3727 3146 6452 8563 9807 7880 4725 887 3551 9658 5881 3816 1512 7130 1611 3121 3552
11 3554 2035 1530 8936 8432 8489 3553 887 4708 6542 8140
7 9621 9723 3555 1122 3556 888 9136
10 9212 3682 3557 9473 6737 3558 8840 1957 888 1261
13 3559 3328 889 3560 554 5687 6021 3415 2342 1719 6449 689 7653
8 8215 3561 889 854 8404 3562 9588 6059
12 4932 7884 890 2489 5494 3563 2681 493 8927 3080 3564 3483
12 2019 7553 3565 7924 2696 3566 890 4636 6901 4031 8996 1060
12 6604 3567 8963 8670 9158 2860 4930 3568 7504 891 123 2606
13 891 3078 6091 3570 4332 6365 8947 5016 9151 8029 2613 3569 6501
16 892 1949 4645 3572 7659 240 4935 7489 8835 3826 2358 2643 7827 4400 2892 3571
10 3888 8511 4104 892 2100 9875 1766 3695 3573 3574
19 8186 3575 2258 5308 1213 7219 3576 9187 9000 893 8619 7448 7806 5005 3058 6506 4091 2810 4717
8 3577 7575 3578 9446 5624 7088 893 1333
11 894 2377 2918 5447 335 3378 6851 4664 9425 3579 3580
9 3582 9970 894 5287 5691 3581 4740 3455 4167
16 803 571 4688 895 2456 3074 145 841 6652 5770 4587 3583 132 3584 1588 2154
10 3766 9418 634 7861 5096 6707 895 3585 3586 7925
13 3587 9479 4620 3588 921 9818 5443 9847 97 896 1188 5513 4883
12 896 5498 2083 1770 8223 1473 365 3589 2610 3590 274 2322
9 6264 8424 1242 8124 3591 897 2238 3592 8264
8 897 1076 6008 3593 9017 3594 5847 5966
11 3834 3790 1318 3103 3595 4811 7816 898 3596 2746 2524
13 994 3598 2643 3676 5343 6234 7779 8044 5637 898 9748 8687 3597
17 1981 3599 7832 7869 5031 3600 2279 1112 899 8903 3333 2666 7810 7985 7965 5961 1192
10 6579 8629 1368 4763 3601 9460 899 6879 3602 9750
9 3603 226 7304 3604 7614 2434 288 808 900
11 227 3605 204 6455 777 7175 900 3606 4204 8791 7995
10 2738 2852 3608 7110 9042 901 621 3607 3054 6718
13 3016 3610 4346 2773 1826 2391 415 9495 9797 9073 901 8224 3609
9 9949 6449 3611 3612 1158 7296 902 3666 3593
7 2235 3614 8060 1515 1905 902 3613
12 5973 3615 9710 4213 903 3957 3616 7780 9846 2739 928 8225
12 4668 8433 7368 1346 6299 903 7219 3617 5943 7423 8216 3618
10 9667 4841 904 9164 3619 9035 8405 56 4868 3620
14 7755 6881 3621 2576 9879 5431 3622 6875 904 3415 6725 7827 8795 523
13 9965 5594 3801 3623 6567 2831 333 3624 2282 6381 8532 2068 905
14 1167 905 3626 5240 4866 5456 3838 238 6104 9572 265 5629 9764 3625
10 8615 8445 906 4314 3627 561 5531 3628 6340 4413
13 8970 5144 3811 651 1880 9703 3629 1648 7508 6878 906 8676 3630
10 3631 1489 391 3632 9540 1149 2567 907 8036 96
8 3201 3633 4162 8468 3158 3634 514 907
10 8836 3636 908 1550 6723 8012 7940 8522 3635 7742
9 8777 9001 6854 3638 5143 908 9589 4621 3637
10 909 3639 3867 7181 3640 9870 5369 2474 2344 8199
10 3641 5947 3642 2183 909 249 9361 3791 6003 7650
16 3643 8628 5209 648 3644 7324 229 4864 1438 7398 8610 9179 3475 910 9371 8249
11 910 3224 8807 9356 474 7844 7536 3645 6537 3646 6533
16 3026 4185 3494 8438 9345 6048 3767 2548 4459 2451 2077 3647 7982 3648 911 3705
14 3782 2282 911 3348 3649 5975 9472 2414 3650 228 7639 8021 8619 1177
8 3652 6357 912 1630 8835 6879 3651 5473
10 7439 3654 8078 1804 3537 3611 912 1004 6357 3653
7 913 5569 7172 3655 665 3656 2762
11 7871 5464 7062 913 5672 120 9332 3657 5569 6866 3658
16 102 914 3659 6424 2440 6095 6132 6994 107 2042 3660 4628 4685 2071 4336 7382
9 5002 5295 3661 9789 914 7817 3662 9879 7705
8 8173 3664 9881 5982 5585 915 3663 3891
13 277 710 5010 3933 3665 4096 3666 4516 5765 6708 6863 3647 915
17 7158 3027 6288 2263 7789 162 6911 9867 5110 3667 8542 5753 4383 916 3668 6783 529
13 3669 4100 5914 3670 5321 9928 1853 3134 696 3553 916 9544 6332
11 3028 7615 3671 8839 917 4107 3672 2351 3266 6549 8501
8 9446 917 4758 6092 3673 4999 9106 3674
10 3676 1989 2331 974 83 1437 918 3675 6912 7461
16 295 8539 3497 7588 1610 3677 1532 6922 9675 4312 3678 918 7293 4333 709 337
8 3680 7909 4978 5475 3910 8651 3679 919
20 107 1921 7727 9183 919 2954 3682 988 3353 5984 3821 1210 7168 1389 3985 9653 2790 2668 3681 233
12 9414 3462 7313 6195 920 3683 7879 8542 8327 5908 3684 8572
12 2637 6944 1153 6046 7136 510 920 3685 1444 8756 3686 1142
14 9525 6439 3687 2573 6603 1846 3688 628 921 6238 3030 373 6092 1885
14 7329 9220 3358 5586 7737 7481 9271 4091 3689 257 5214 921 9691 3690
12 7522 3692 922 7242 9759 5783 2502 4527 5129 9062 5964 3691
15 1265 5725 4688 195 1843 922 8117 3693 6198 6743 236 3694 4764 9814 5793
14 9703 6861 1860 4784 4113 923 4646 3695 3696 2704 1058 4042 4083 9454
12 3697 4189 6101 1707 3698 5231 3499 9407 923 279 4029 5152
9 3699 4631 3700 8502 3965 8100 4494 924 180
8 5978 5795 3701 2323 1002 3702 3165 924
11 8053 3703 925 2500 6448 3590 3704 8112 6100 1900 53
16 8969 6749 3396 3705 9666 7572 4588 7568 2632 925 3706 7601 6032 5130 4439 4663
9 85 3708 7494 1834 926 175 4373 9208 3707
10 3668 3709 2364 6003 4885 3710 926 7762 7815 6583
14 927 7588 1668 4527 521 9439 3967 3711 6582 3882 9981 5761 3712 7559
10 277 6520 3121 6423 927 9469 7119 3713 108 3714
7 928 6236 3715 3716 7067 6868 6206
10 3718 7150 4991 5654 8785 928 4965 7901 3717 5384
11 1258 3720 6554 4818 3188 3013 1323 929 9695 3837 3719
9 3065 1847 6551 3721 6718 3722 7110 929 6919
11 5571 284 8646 726 8659 3723 1987 930 1996 3724 9929
11 930 8421 3725 6043 2181 3726 7687 6720 9172 4984 1490
10 8122 210 3727 931 3728 226 3757 8917 7120 1151
8 2134 3606 931 1743 5701 3729 9023 3730
8 6300 2043 431 3731 3732 5773 7713 932
8 932 3732 9437 3733 7238 4197 493 3734
11 3935 4984 3736 2862 8059 9084 3446 933 2779 3735 6260
12 3737 5026 8954 2522 933 3738 910 6036 9338 4158 6313 1501
12 7266 325 5351 5710 9028 7910 934 7471 6158 3739 7122 3740
13 8046 5314 8522 1659 2013 3741 4099 5445 3742 934 7610 801 7078
7 5421 2750 6145 4836 3743 3744 935
12 3746 5230 5690 8370 8488 3914 4809 4427 8290 3745 7803 935
10 3748 936 4960 2850 3676 671 5893 9577 1193 3747
14 7098 146 936 3749 8502 5847 8380 7498 6376 6352 6677 3750 6369 3519
13 6278 7551 9039 937 6787 6442 8036 3751 3808 2950 2300 9212 3752
10 3753 5835 9881 4648 5888 3754 9573 937 3545 7989
13 4517 4892 2591 1264 3755 1418 6191 900 2784 938 7968 3756 2955
9 3758 938 8056 1457 2068 5964 6025 3757 8974
9 5840 9809 3759 939 4292 898 3760 5196 9185
19 9147 8610 8541 1081 8599 7180 9465 6790 3761 1814 2594 939 3762 5710 9227 2750 3767 2832 3584
10 5601 6020 1301 1735 1161 3764 9058 940 9751 3763
8 2500 3765 7425 3766 8768 468 940 2089
9 1380 7758 7771 8621 7129 5519 3767 3768 941
10 3838 3334 5188 3769 941 3770 4132 5128 9617 4657
10 942 1253 3771 9492 7618 3772 9871 8570 1935 1843
7 3774 942 4475 1159 8144 3773 8266
15 7764 4865 9456 8952 3776 5557 451 300 5819 943 3600 4649 1196 9894 3775
15 2345 6480 8436 2000 2484 3777 8099 2679 4558 5701 868 1137 3778 943 4104
11 3779 5373 3279 5809 548 8448 3780 9062 4915 1030 944
9 8505 944 3781 3782 1531 7495 7182 4621 4491
15 9932 8627 8802 4509 945 1270 5092 1315 7743 5198 3783 9309 5345 4658 3784
11 9344 1948 3786 3458 945 109 7557 1013 8509 3785 8274
17 6713 795 5091 8470 5490 647 3787 5906 3788 4374 2386 5513 9258 5314 1293 946 2781
10 946 7305 6716 6773 3069 6765 3789 731 2363 3790
7 947 3791 327 1503 3792 8091 3872
13 7194 6820 4710 8569 2519 947 3943 2065 2797 3793 76 3794 4640
15 9013 9318 2943 1028 3732 1670 2005 948 3795 2966 6154 3796 9301 9334 3284
6 3797 3798 7820 3315 4511 948
11 9640 2212 5953 4343 5929 3799 9683 3800 949 462 6976
13 554 197 3802 5770 3546 1062 5723 5540 1851 949 3801 3996 8599
14 4779 6243 7646 950 3804 8773 7273 6651 7420 690 4933 8885 5596 3803
15 8141 188 9910 950 2508 3805 8420 5387 3033 6018 5705 3806 4945 9271 2225
12 2725 3807 3551 5405 836 8744 3808 534 5618 951 3981 3180
11 951 1073 9810 143 2333 3809 3810 2798 9821 7406 3877
14 4130 5610 1754 2211 5488 12 3578 941 3811 8048 952 1806 7585 3812
13 5310 5660 3814 3420 952 3404 9536 7418 7987 2043 5386 3813 3976
13 101 2061 3993 8783 4189 3815 953 9679 1034 5158 3816 8915 1373
10 2652 1394 1218 9143 3817 141 953 4724 3818 2692
9 4002 3819 1762 934 3820 7760 917 954 5472
10 1262 7425 8771 976 3226 316 3821 954 3822 3135
17 5284 955 5654 9196 3626 341 6334 2260 5294 8978 3802 516 2286 3823 165 4869 3824
13 9728 2361 8769 6773 9432 3825 955 4098 3826 518 1338 8426 3567
11 6216 9339 956 2257 793 7173 3827 729 3238 3828 2568
9 2996 6326 3830 956 994 8223 8618 3829 2337
17 1071 3244 9343 6302 1085 3237 9153 7356 2615 5945 3831 1540 5393 957 3832 6886 4983
17 9112 5339 8633 2640 4234 2559 8792 7223 6841 3357 3833 8135 6033 4834 7855 3834 957
7 2420 3835 958 4421 3836 8078 4643
6 527 3837 3838 958 7990 7584
7 3840 7086 959 208 7074 3839 290
6 3537 3842 4546 2498 959 3841
10 1840 1103 1671 4924 3843 3844 2360 5975 960 9098
9 5984 960 3846 2005 8649 4465 4209 5897 3845
12 8266 961 3847 8897 9751 6328 7068 2075 3848 9431 1022 3980
8 8006 961 822 9463 5495 3849 9241 3850
9 5531 3852 8858 5967 6598 7981 962 3851 2156
10 959 4206 7305 3853 9172 3854 7014 962 4063 1634
5 1364 3855 7917 3856 963
11 3857 2865 1574 2443 6769 3858 37 1106 819 5430 963
11 6439 7850 7781 964 8018 1156 8234 3859 3860 1020 2169
8 1493 964 5707 3861 9273 2703 3862 4240
6 3863 8287 3864 7333 8554 965
10 965 3295 3511 3865 9899 8423 3866 5074 3082 5364
11 4636 5982 8507 2790 3868 2621 7855 7408 3867 966 6205
13 966 417 4820 3869 6988 6240 9375 3435 7570 3870 565 5887 4529
13 3853 7752 4215 4166 8977 1611 8839 967 3871 3257 6665 1885 3872
12 3873 1606 3666 5386 4752 3874 7822 1761 829 9348 967 3210
8 2606 8575 3875 4937 3876 968 1091 5540
16 2264 3878 3643 2383 6819 493 7161 2160 8796 2705 4966 9150 9118 968 3877 6801
11 3880 682 1664 969 4682 5658 1942 5943 3879 3025 1135
6 7706 899 3881 969 3882 6384
7 3884 105 7659 970 2004 3883 7831
10 6682 8573 3885 3886 1939 1459 1545 4246 970 3864
9 5321 3984 9278 6924 3887 3888 971 4482 8593
13 592 971 4521 5847 6831 2513 1055 1579 6938 3344 3889 841 3890
11 1322 9636 7888 3891 4135 9990 972 1705 3892 2286 2109
11 4786 5563 7336 3893 8317 8695 972 3894 4683 5082 7083
11 3896 2091 8715 563 973 7451 9745 9030 3895 8087 4074
10 9547 1892 8352 1320 3897 795 3898 3691 973 8062
8 1785 1528 1071 2045 3899 3900 974 6954
8 308 3901 974 1451 3902 9786 5777 3965
8 1761 8123 975 4212 3903 9051 3904 5947
8 3906 4533 975 6038 4600 3905 9915 6085
14 6193 3770 3908 3400 4364 3450 542 3113 976 3105 7086 3907 314 4505
5 6506 3909 8004 3910 976
14 3911 914 1195 1347 9596 3912 977 9723 9191 9118 3308 2548 7232 9054
7 4653 3913 3914 9456 977 8245 9209
14 5698 978 7394 2015 1334 8891 4557 2931 3915 8835 9315 3916 7978 1778
8 3918 2219 2886 978 6222 3917 1450 9581
9 9497 7655 3919 198 9303 5034 3920 7739 979
10 4983 2759 3922 979 1071 9204 8059 6087 3921 1629
11 3924 2871 2933 5145 2380 5316 1648 6972 3301 3923 980
14 7839 4981 9734 980 1561 7678 3925 3929 6804 8203 3926 2584 6028 8179
9 1317 3160 1131 981 9562 3927 667 3928 8230
8 3929 371 3930 9712 9669 981 1397 2196
12 9602 5626 5057 3931 6814 4257 3932 2623 8283 9316 982 7471
11 1362 3934 1082 8484 6168 692 6099 705 8344 3933 982
12 7069 983 2434 6346 3935 6387 4415 3936 1111 4481 9202 3665
11 1109 3172 5270 6185 983 3937 2486 5072 3938 4837 9485
6 3939 9424 1538 3940 5364 984
8 3941 3942 2743 3642 2008 8428 9612 984
15 7966 3803 1553 1438 2763 841 5195 3943 985 273 6745 2907 4741 3944 7254
13 3946 985 9216 542 922 8681 3945 5730 7832 9711 1507 9398 6178
9 4735 3947 986 3948 4546 9153 5888 363 5352
8 3950 986 2351 7653 3949 2644 2087 2746
15 3951 5407 9034 8099 2122 3952 2476 7270 8811 9848 4538 987 739 7902 365
10 5651 6676 2729 3953 3628 3954 7642 987 7894 8326
17 988 5433 4714 7056 7341 3312 5353 4227 8850 123 2475 3955 9660 2370 8888 3712 3956
12 3013 3957 988 7556 6698 3523 2425 3958 9911 9789 2691 1697
14 3960 3513 9905 989 5632 864 2823 670 701 733 1155 3959 955 1719
14 3962 7056 8996 4658 5203 989 534 3220 7697 4656 8051 3961 5368 9938
14 1799 1671 1142 2051 2901 3963 365 714 2537 3964 959 990 2241 6596
18 5203 7961 9584 9271 7852 3965 931 3010 5885 3966 2230 5507 7780 8492 9244 246 2194 990
14 7476 269 3967 2491 3329 991 3968 3655 9645 7348 6621 6515 6816 8923
12 7258 3969 9816 8121 3022 6897 3254 991 3970 8610 9355 3004
12 8063 2586 3676 7059 992 6748 3971 3207 162 9046 6737 3972
10 9441 3973 6803 7503 7918 3974 992 6024 8639 6326
14 6165 2949 6418 4877 182 3975 1413 871 6976 8692 3976 1861 993 5884
12 6100 3978 6881 993 4214 6910 2162 9538 9030 5359 9051 3977
9 3979 994 1837 7249 3980 5384 1601 2998 4536
12 8069 2255 6102 5171 994 7314 3981 8397 5498 5376 3815 3982
9 6664 6913 3026 3104 995 3336 1739 3983 3984
12 9892 3639 6351 2407 7575 3985 2615 489 1441 9719 3986 995
10 3988 996 3827 798 1167 2413 3987 9029 5707 1684
7 9930 3990 847 996 3410 6485 3989
11 997 1176 517 3991 2003 8753 5655 3992 514 7457 8059
12 5382 5183 5094 997 28 9535 3993 7547 7234 6307 1861 3994
6 4755 3995 3996 6956 8226 998
7 46 998 3997 544 3998 8793 1058
9 4000 7558 6554 8734 8986 7759 4047 3999 999
9 6984 999 4001 3790 1888 4002 8414 4401 104
9 9438 8231 4003 1000 8199 4508 4004 8046 6201
8 4006 7655 7582 1000 9453 1276 4005 3078
15 3385 4007 3987 3483 1547 9932 4008 267 2707 3480 3781 1001 1995 7507 1140
12 4056 768 5 4009 1001 1623 227 1941 5555 5860 4010 358
18 7999 1002 4271 3043 4011 2039 4003 8988 1922 1897 4012 4431 6562 3801 5712 9311 5888 7718
11 1755 3142 2992 3899 4013 1002 9828 5002 4014 147 7382
6 4016 6627 8388 6502 1003 4015
6 4018 1970 1003 4488 4976 4017
15 6067 3737 9332 1541 9247 5169 3083 3982 8410 4019 4020 1004 3703 7509 7887
12 5316 3085 4484 2980 5009 4021 3570 714 4022 8511 4189 1004
11 4023 5308 5 9362 1005 4024 2203 9835 1094 7892 9031
19 5112 2274 9483 2372 7991 8992 4853 2906 1005 4025 452 6778 5790 3924 6022 4713 180 4026 5616
14 3674 4028 1870 5399 5749 8445 1006 4318 7819 4119 8157 4933 1486 4027
14 3239 8017 4029 7977 9128 3672 4030 7230 2892 952 6340 1006 5967 8947
9 3436 1290 470 8170 1957 4031 4032 1007 4871
12 4033 5465 1007 178 4034 2782 7280 9110 6382 4857 4093 6476
7 1008 3063 4035 7500 2235 4036 2041
6 1008 1026 6878 4037 4038 4209
16 1782 9251 1120 6320 4039 797 1639 5072 4080 5585 910 4040 5435 1009 9538 5342
8 5797 4041 2078 4042 1009 9585 1505 6341
12 4044 1010 5309 1309 2207 2984 8368 6815 6921 5856 4043 9329
10 3948 6664 902 8124 4046 7007 1010 4141 9976 4045
7 3464 144 1011 4099 4047 4048 5496
12 4049 8522 1308 4050 5071 1011 4068 8468 754 7163 7842 6533
6 4051 6556 4052 1075 639 1012
8 1012 4054 2546 118 9155 1354 4053 6765
12 4056 7634 2157 7175 1711 4654 6720 9814 3561 7197 4055 1013
12 8451 8622 5532 1013 4057 3980 8778 11 902 4058 8072 7914
14 8635 5094 614 7303 6449 5925 1014 4059 5747 230 4060 5296 9419 9436
10 4061 7200 4062 1041 7364 9894 4478 1014 1493 3589
11 1015 4179 6099 8161 5860 4063 4494 7129 3873 4064 7537
12 4270 6787 3514 1015 1345 8992 7260 9346 4065 2764 5440 4066
12 9783 1016 6604 4067 5031 226 557 4068 5605 4113 7887 4183
8 5576 1016 9249 4069 7046 4070 9438 9849
15 2815 3600 4072 7093 4264 1776 5045 3386 1358 1017 2920 32 4071 4283 184
9 4073 4504 4074 130 5384 9145 677 4942 1017
12 3239 5565 7111 4075 6214 5015 322 1018 8703 470 4263 4076
13 2556 1018 995 4077 4866 7436 8148 4078 24 5567 2404 1710 3470
13 9653 4079 4461 2005 1019 9089 4080 7740 4711 8277 6354 2817 5562
8 5798 7518 4082 141 1519 2473 1019 4081
15 9276 2982 4084 2852 6601 8427 1020 8648 2017 5607 8998 2367 7905 8844 4083
8 9581 8146 1295 1829 4085 4086 1020 9193
11 1865 2842 111 1197 4953 4087 1906 4088 6784 3263 1021
9 4089 1021 4090 98 1189 8047 4087 6507 58
18 7533 8034 1022 6819 1949 4091 7071 9206 8698 176 3758 7125 3482 4832 964 4783 4092 1374
9 1228 2721 1768 1055 8520 9439 1022 4093 4094
10 3627 4095 6897 8190 6759 4096 1023 5476 5781 369
7 2702 4097 6045 4098 4534 1023 5075
6 4059 1024 4100 8643 7652 4099
9 5075 2 330 9959 1024 4101 4102 6070 562
9 1981 5402 1060 1025 6984 9981 258 4103 4104
10 7321 4105 4106 1415 9506 1025 1544 466 8552 9215
9 4212 9827 4107 4108 3605 1026 709 7525 8818
13 4183 4110 1026 8596 5026 8543 86 8097 4109 322 8521 7639 7025
12 6486 4112 2535 5552 9781 4890 6675 6976 7359 7591 1027 4111
7 2432 1027 5011 7959 4113 8594 4114
8 4115 4116 1028 9720 8724 9839 7156 5660
10 4263 2767 4117 4792 9680 5342 4118 1028 4457 555
11 1029 8537 6138 3614 5452 6615 7339 4119 9479 4783 4120
11 8518 1029 5412 3896 7905 3104 4121 8765 4122 3516 4805
10 1907 4480 1030 5310 3521 5485 4123 704 4124 4746
13 6201 4538 6360 8690 8133 4543 9565 1030 5609 4125 2194 4126 5342
10 3277 7933 4034 4128 7683 8903 7053 1031 2866 4127
14 8205 6087 3436 1259 1431 7881 9849 9061 4129 6638 4130 5033 4879 1031
13 7662 9573 853 1573 4731 8757 5980 4131 1896 7095 6872 1032 4132
14 1398 1032 5121 4133 5800 4878 4134 8196 489 169 6437 9397 8515 569
10 2821 1769 1033 9986 4135 1637 7209 4136 3209 6841
11 4138 904 5412 7640 2135 1878 9901 1033 4137 1811 8602
9 6769 1098 1673 4956 4139 1034 3233 4140 1319
6 4510 4141 1034 4142 3988 8420
13 4143 1035 7750 57 2363 4144 5507 6613 2673 1829 5077 7472 6525
11 7056 904 557 4145 8154 1035 4146 3069 8965 126 3310
9 9845 1738 1036 4147 5872 5819 2908 4148 7531
10 4150 5091 3575 9780 1036 2726 4149 7207 5410 9289
13 9464 6740 1105 3081 4935 2268 1923 4151 8498 4152 1037 5287 5149
13 4154 4138 6403 9603 2964 3692 8071 6697 3746 6755 1037 2535 4153
13 4156 5929 1038 447 2693 352 1823 196 3150 1637 419 4155 8615
10 1155 1600 2729 1038 2020 4157 4158 5935 7403 880
10 6328 8459 1490 1039 164 194 7956 6082 4159 4160
13 981 4161 7910 4162 490 1039 9066 4545 8977 1157 3773 3212 1440
16 7220 765 844 4163 9892 7855 4867 4241 4164 8641 6108 5165 7914 319 7402 1040
12 1111 4166 1040 931 5187 5480 8920 7473 4521 6534 4165 8699
7 4239 1794 1041 4167 5737 4131 4168
16 8436 9018 998 5497 5591 3530 6246 6681 3433 4169 9402 1041 665 4170 2117 1007
8 4171 1440 4172 1042 3120 128 6552 4069
8 5246 4173 5300 4174 1042 5265 6038 6953
13 1043 3917 1436 2942 3593 3435 5777 4175 5798 1974 4920 4176 8311
11 6028 4178 7720 1043 9588 1084 9145 7946 4177 2417 5751
8 7276 7870 3926 1044 4272 4179 4180 1882
10 7438 4182 8972 6199 1044 1252 7465 6888 5128 4181
10 4183 9534 4736 1947 6420 4184 4091 153 5149 1045
10 9131 3623 1582 4185 5999 775 4186 464 1324 1045
12 8645 5864 8942 9093 2291 2568 165 4187 1046 4188 5912 5908
11 6778 1046 6124 4189 1410 6471 4190 4414 7960 245 8193
10 4192 181 529 1047 5861 4804 2263 7281 3142 4191
6 4194 1047 3781 7026 836 4193
12 2892 8182 6317 9838 3597 4195 134 4196 4745 1040 1048 7771
9 7631 1048 2423 5912 5794 4197 3596 4117 4198
6 1049 4199 9246 4200 5544 2950
16 9319 7437 1049 5563 1786 4201 4202 979 2360 5182 2381 4483 8558 6436 318 3167
13 4204 44 764 509 5730 9918 3409 1367 1050 7122 6561 4203 3927
6 747 7677 4205 8788 4206 1050
12 9662 4207 242 3809 3492 1051 6005 4208 4936 2635 4453 5734
9 6275 4210 6064 9561 740 8343 7181 4209 1051
9 4211 9505 7102 1052 2634 461 4212 8193 4174
12 5906 5395 3696 1052 4213 1291 3014 8251 624 7475 4214 3035
14 391 8197 9637 8271 9210 1053 8414 8691 9708 4215 9643 3626 4216 530
10 2309 6620 4217 8824 7686 9601 4218 1053 6735 2657
13 4220 8136 4689 1415 545 3775 3088 2125 7069 1054 6313 4219 1945
10 1054 4222 5963 66 6115 6538 880 4221 1453 3855
12 2221 4881 9927 395 4223 1055 7676 4224 997 5013 4810 7868
11 6044 7720 4191 5822 8990 4225 1048 1055 7011 4226 8898
9 4227 7883 3142 4228 329 1056 235 1387 1372
13 9492 542 5390 4744 5838 9172 2118 1437 4229 8698 1056 6214 4230
12 6716 4232 3732 3407 4940 1057 40 682 2799 3678 516 4231
11 717 49 6290 3119 1057 4233 3453 4234 8971 4507 6309
8 3278 1058 7768 4235 7553 4236 2084 3989
15 5990 8153 4998 3014 140 4238 39 5572 1058 2114 8423 1313 4249 4237 2281
11 4239 5756 4427 4240 4732 3846 4037 5932 4302 1059 7153
14 1059 230 463 1513 3788 2402 8094 1600 3110 321 9213 4241 8279 4242
13 8548 6088 3547 2519 4243 1060 4244 3496 7448 9339 2558 7986 6185
9 1975 8262 4245 4558 151 1060 4246 4702 9232
11 7521 4248 3634 4370 5229 2395 1061 3580 4247 4528 1714
8 4250 4214 2816 8659 1061 6338 7896 4249
9 464 4001 5690 4251 9131 9997 2109 4252 1062
14 730 6259 1062 8642 6979 7228 4813 4866 4932 9555 5668 4253 3477 4254
13 9467 1063 7955 3958 4255 4369 2137 5146 4256 1069 8490 6409 7129
13 9776 818 9549 1063 1521 5305 8729 396 5497 4257 9149 4258 3083
11 4605 270 4260 82 5944 4757 5103 9023 1380 1064 4259
13 3564 2763 287 4659 4521 4261 8323 7038 4262 6474 4015 1064 2409
7 4180 4263 2413 7333 2328 1065 4264
6 4265 1065 4266 3632 9878 4589
15 7706 1174 9313 2897 4267 1066 4926 8557 4268 1591 5740 5610 3736 7144 5335
8 161 1215 1864 1066 2622 4269 5546 4270
10 9060 7857 3913 4271 2348 2068 4272 4972 1067 4729
9 8809 1067 4273 2427 2793 4274 5120 1696 1669
14 4946 6776 8472 4276 5862 7716 2127 6977 4456 6563 7385 7381 4275 1068
9 6948 6180 4277 1068 4278 7970 9908 6285 645
10 9839 4265 123 7072 4279 1069 2812 4280 5244 2496
7 4281 9709 1654 4282 119 1069 3816
10 3994 4348 4283 4036 4284 6382 7403 1070 8139 8901
10 4286 3115 5868 3742 790 3910 7850 9062 1070 4285
11 5410 4288 1071 7338 5367 9120 7384 974 5177 8625 4287
9 1073 8460 4289 1071 5050 9470 4290 7531 5580
11 8627 7262 7083 1072 4302 5685 4291 7369 5621 4292 8427
11 6509 4293 6058 1130 2659 1540 4294 4420 5250 1072 5145
13 2305 8327 9539 106 9702 7861 4295 469 693 7532 1073 2478 4296
12 1073 3969 1506 2559 5942 7602 983 4297 9750 1369 6160 4298
9 4115 4030 1297 1074 4299 624 4300 5996 7522
11 2498 239 5419 4301 6025 9522 1074 4302 9039 4022 9983
11 4303 5824 3730 4304 1536 861 2365 1075 1168 4827 3945
7 3142 4305 4306 5994 3754 1075 4089
11 1076 6822 3090 1404 685 1039 4307 4291 1518 2364 4308
9 4309 1076 7225 4310 2635 810 9540 313 1791
10 1077 4213 4311 349 2685 131 526 4312 6325 3455
9 4314 149 7385 5698 4787 1077 6073 4313 1925
12 7881 6893 2027 3478 888 4316 289 4663 1078 9169 6754 4315
9 1078 3494 532 5666 430 4317 1271 8087 4318
13 4319 6060 4320 3340 2462 3686 7500 7805 5935 3061 3358 8827 1079
12 1079 7594 4321 2764 5216 4322 4029 1938 1588 5812 5763 3751
9 936 3731 3500 1080 1489 2599 4323 4324 409
13 6302 4326 6534 379 2765 8267 780 1080 1988 2873 112 1179 4325
12 938 4627 7970 4327 3083 526 4328 6325 7244 4756 538 1081
8 3071 3055 1081 6235 7553 4329 4330 7587
9 1290 1082 9166 2921 5800 4332 5805 226 4331
10 1082 3003 4333 7220 7489 4334 6229 9990 5489 5225
7 9159 8969 4261 1083 4335 2754 4336
13 8585 2967 4337 180 4338 8876 1083 7791 2668 1492 950 748 8223
13 4339 2550 7759 126 7873 4279 4340 1084 6609 2291 3064 6541 1929
10 9290 4342 236 1018 5227 4341 4154 2292 1084 1689
15 4343 9828 9426 5405 1085 4344 7979 6637 8894 556 3019 8001 9282 1646 7949
7 931 1085 4345 806 4346 2415 1090
5 7803 4347 4348 7890 1086
7 1086 4666 4349 4350 8217 569 5864
7 4352 9126 2361 4351 1087 319 9125
12 1087 4008 7391 9396 4354 406 1688 9853 5271 850 5422 4353
9 711 548 4355 1088 5075 3087 4356 3344 1386
12 4705 8178 11 500 4357 3686 2568 1088 4801 4358 6839 9665
11 4359 9149 3567 4360 4555 6873 339 5308 1089 609 4695
11 3224 5217 9072 7548 5239 3584 5158 6825 4361 1089 4362
8 1090 8980 5801 1862 4363 4364 7999 7194
9 3868 2421 4975 6565 4365 1090 4366 5383 7612
19 70 9009 5256 1091 255 4553 4342 7709 3151 4367 1820 5164 5209 4368 6519 4425 2311 51 3942
9 9562 4370 6302 1091 5380 5177 4551 6812 4369
13 8997 6236 5712 8335 4371 4770 5864 1092 4372 2860 7170 9183 6024
11 6750 8975 7479 6235 2515 7028 4373 8781 4374 1354 1092
9 7558 4212 4753 6465 4375 1093 8397 4376 9333
13 722 1466 4377 1760 7589 9074 4378 1093 1406 3863 4241 9413 4664
15 4535 9402 1615 501 8976 4902 1094 5675 1541 7143 3980 4379 6888 2485 4380
11 696 526 9948 4382 935 5643 8888 1094 4381 5621 6622
12 7004 24 7228 3264 8660 2606 4383 7152 4384 9300 8642 1095
9 4385 1095 4386 2447 8526 472 205 7137 9292
13 1096 4387 8425 8547 4388 8438 5653 9630 1580 3280 9623 7025 2715
10 1096 810 2062 1258 2303 4389 7415 4390 6171 1982
9 4392 5019 7654 9253 1097 4391 3769 9043 4034
14 3416 4393 8825 7317 9765 3861 4394 9001 3748 1097 152 1964 5737 2322
12 2548 2597 3187 2236 5704 4395 6896 4396 1098 7153 8523 802
12 1098 2983 1584 7724 3349 4398 1376 9615 4407 7770 457 4397
14 8203 6276 4934 7142 1099 7321 5215 2719 5976 2301 6920 4399 4400 9288
9 4183 2846 7718 1099 4401 4312 254 3556 4402
13 9123 733 4403 4542 4404 712 2945 1100 2202 3552 3853 7358 5378
12 6128 1100 4405 9349 6422 585 4406 3849 8375 8648 2201 7274
13 9527 4408 2481 7165 6938 5751 7894 2011 2414 988 2276 4407 1101
10 5981 1101 4217 9649 7889 1566 4966 4409 4410 2370
10 2876 6743 467 3012 5452 1102 4411 5460 4412 1649
10 9768 1430 8203 4414 5028 5549 1102 6270 7198 4413
9 340 208 4415 1277 2021 4416 7665 1103 7777
11 422 5574 4810 7555 3599 6120 8190 4417 1103 4418 9655
8 4420 1104 1661 4198 1416 4419 9229 8050
10 5783 4421 1104 9492 4422 8724 7915 5000 7269 5777
16 9998 6351 8441 4424 4855 1477 1905 3864 5234 3197 9585 8488 4170 1105 6289 4423
13 4425 1899 9654 723 8699 4426 6817 953 8164 4912 6343 1105 7409
4 7837 4427 1106 4428
8 7408 864 7140 6836 4429 8727 4430 1106
15 9505 4431 9481 2260 5208 1107 4432 6217 5335 9076 6893 9464 7695 7000 2946
6 8035 4433 1107 4434 3325 5570
15 9339 4436 2696 669 1125 3217 7275 1108 5442 7146 6805 4435 5301 5651 3004
9 5907 7535 4437 4523 1108 6987 4438 7074 39
13 1958 5093 6630 7366 4439 9737 1568 9575 940 4440 1081 4701 1109
9 4441 1109 3836 4442 3198 2223 6492 4671 6062
9 1110 2111 4703 4443 3736 4773 4444 5237 9544
6 4446 1110 8176 2378 4445 5173
10 4448 3904 5177 7165 3445 2220 3543 6914 1111 4447
10 8843 7652 1163 4449 7755 7044 2539 4450 3349 1111
10 7639 1112 4452 8136 3387 9101 3543 4451 499 1902
9 6486 4453 7792 4454 1112 1558 2784 4375 9986
6 1113 4455 4456 6404 7319 1542
11 65 1474 6403 4712 1113 7152 8075 4457 8511 7771 4458
11 6731 3666 4459 33 5443 4460 9222 3469 6986 1114 9150
13 1114 4462 5857 8773 6102 9424 4244 9311 1982 4461 7466 3396 672
10 1115 8587 9018 4464 3501 5998 7118 4463 1645 7261
17 5842 4614 280 1634 1115 6140 4465 9625 268 4466 4523 8032 4275 4129 6906 2885 9253
10 5994 2531 8146 3889 1116 4467 990 4468 913 2667
11 4469 7092 4470 7593 7073 5841 6626 1116 8249 3614 5672
12 1806 4316 4471 4654 5911 4407 2017 9461 4472 1117 6861 1433
11 4474 4820 4133 481 3357 8078 2197 4473 9523 3717 1117
15 9849 4185 1118 7699 4377 4475 1157 4325 1231 4476 379 5188 960 3603 1328
12 8785 4455 1118 4477 1466 2351 621 6165 4478 7434 7463 1795
9 4479 1579 4480 3842 639 295 7877 1119 4474
12 1119 8742 4481 2835 8991 4482 8597 7711 46 9907 3541 747
9 9836 4941 4483 1120 657 1981 4484 9449 7469
9 4291 4486 3226 5739 9538 9868 4485 5620 1120
8 5315 4487 1121 4488 88 7973 1023 7722
9 4490 4946 4625 3016 1121 4489 5713 4400 5750
11 8720 9285 57 2284 4492 4997 4562 1122 6174 4206 4491
11 2324 8086 8156 6550 4493 6144 6738 1122 4494 1733 9764
12 416 5546 6556 4495 4873 6036 406 5723 7293 4496 1123 8843
10 4497 6274 1123 4498 7040 1444 5544 8769 252 1568
9 2301 1124 7006 621 7186 4499 4508 6293 4500
9 4502 6657 6625 9057 8122 1124 2866 117 4501
10 7811 349 4083 3022 4503 6845 4504 1125 2817 8526
14 255 6988 683 1169 3630 7635 2854 4505 5099 4506 5429 4173 8463 1125
13 4507 7679 1126 4508 6236 1688 859 4745 6896 7266 8128 21 8466
15 1090 4509 7766 1111 1569 4510 7279 1126 7121 591 5036 1301 7545 1393 9001
11 642 1990 8233 6843 1127 4132 4511 7573 3560 3918 4512
14 1371 4830 4513 202 5802 915 4514 5132 8873 6454 1127 5532 344 6187
12 4876 8068 1913 4515 8077 1634 7577 4516 6110 570 7701 1128
11 4518 1128 5677 1787 1380 8618 8756 7911 7659 4517 6672
13 1129 5056 4519 5178 7976 4520 9298 8672 8644 3773 1320 6990 6210
13 4202 3552 1129 2215 8346 6419 1911 3683 3687 1321 919 4521 4522
8 7753 3382 1130 4523 9309 9456 4524 3760
13 2687 8062 4525 4700 1125 4526 7836 6775 7157 9195 1130 9521 4772
9 4528 1131 1734 7050 1833 9145 1319 2095 4527
9 1938 8555 4530 6518 1131 7203 9602 3911 4529
13 3554 7254 1132 157 4531 7113 3450 4532 6069 387 21 192 694
9 8654 5869 6699 1132 6655 4533 2952 4534 5498
11 6922 4535 4755 8394 3625 322 4536 4720 7542 1133 4810
12 1153 4537 3419 6615 2075 4538 5978 9154 9394 6784 5398 1133
12 8566 6941 4689 3083 4539 6930 8463 2986 8821 1134 3190 4540
9 1134 7846 9847 4541 2435 4542 1287 5429 1649
10 3070 4977 3493 2977 1670 4543 1135 4544 5333 7513
9 6058 4546 1478 2661 1135 2690 7643 1583 4545
7 4547 1752 4548 7488 1136 8758 7519
12 2012 708 3308 1621 4549 9599 4716 750 9530 6469 1136 4550
9 8210 4551 4552 1111 9399 3106 8177 1137 8657
12 7321 4553 1137 7050 4554 1567 6323 4668 4453 2203 8040 72
8 4556 8992 7757 3870 9799 1138 4555 2449
9 3899 4558 507 7873 1061 9988 6402 1138 4557
9 8286 7302 1384 1799 4559 3039 8935 4560 1139
10 4876 3043 7817 4463 4561 9119 964 4562 2513 1139
15 1698 4563 2425 8390 9874 1140 7166 4564 1143 4248 4118 3655 835 5339 2118
9 305 1824 4572 3263 706 1140 4565 1811 4566
12 4178 9428 731 1299 1141 13 2411 645 4567 5803 4470 4568
12 4027 255 2245 4548 8940 4569 2382 5314 4570 1141 4526 5592
12 7599 6932 6046 836 4571 5677 4572 60 3572 4922 4642 1142
9 9205 1142 4574 2945 1945 3592 1911 8114 4573
13 4575 3233 4457 4270 670 4576 4019 5439 7269 7570 3728 7233 1143
10 1318 2339 704 1143 229 7967 4577 9534 4578 560
10 4579 4580 7943 1144 9171 3109 8078 5244 4850 8522
11 2698 6801 4581 5016 4582 3956 7782 5941 6645 1144 2364
14 4584 7621 1145 3169 5540 1189 7590 2093 2169 4583 7466 8072 5230 1136
7 380 4586 1145 1297 3080 2170 4585
5 1146 4587 6949 9609 4588
6 4589 4590 1759 1146 3327 8483
11 4591 4209 4640 554 6177 4592 4572 2775 2942 9492 1147
13 9539 2761 6254 7800 3848 159 9923 5341 4593 119 6607 4594 1147
12 4596 9837 6939 9981 9534 9599 352 963 7014 4595 7031 1148
5 1148 4597 4598 3131 67
7 4712 1149 6091 4599 3990 4600 9354
12 4541 4602 8640 4749 9417 1149 1875 326 1278 1589 3255 4601
16 9484 3015 2249 7131 2199 1027 4603 376 7779 8531 3636 8149 4604 9711 1637 1150
9 6404 5957 1150 9321 8760 4605 9468 704 4606
15 1151 8132 5485 3692 4607 4608 3962 8097 2194 1590 3007 8159 8163 4256 1107
8 9390 7548 4609 5150 1151 4610 8981 2469
14 3335 8206 4612 8320 8247 3775 2147 3682 673 260 9432 7716 1152 4611
8 8444 4614 8016 7166 2450 1152 6329 4613
10 9700 4703 1589 4615 5299 4612 4616 6580 1153 4592
14 1153 4617 1066 4618 2451 1313 5546 1759 2473 6462 7832 4584 3409 1635
16 2691 2108 4619 1061 1154 8096 4620 4730 5405 8044 7093 2877 3410 6740 4386 6220
17 7960 8396 4554 1427 2481 1154 5059 8507 6121 6991 858 2336 4621 9484 7065 3666 4622
12 4624 4466 4897 8126 6370 1155 5809 5980 2183 3883 4623 6974
9 5498 4608 376 4625 506 3194 4626 1155 5537
7 853 6204 4627 3729 4282 4628 1156
8 4629 1156 3593 4630 635 7469 8072 7422
11 4389 1237 1157 4037 4631 3822 1311 6445 4632 5775 8003
13 5481 6644 3074 6083 1096 2985 9170 1674 4633 3316 1157 4634 3524
12 9156 4635 6099 9096 4705 7551 4636 7901 1158 6654 1358 5707
10 4904 4360 8386 9923 4637 4947 4638 5793 1158 5623
13 987 4640 5986 1159 8877 8861 3519 6821 2829 4098 4639 2602 7201
7 4009 5286 2497 8547 1159 4641 4642
9 1160 3837 2451 4358 4643 5725 2798 4644 1381
16 4486 1490 4645 9699 7276 5650 1201 6695 866 4646 1160 6712 9286 2400 2196 1794
14 5980 8062 4647 3602 3745 4648 8547 5177 4185 7263 9394 1850 1161 6610
16 2246 1161 5456 2972 8242 9104 1442 753 6149 2506 6385 4649 8508 6443 4650 3239
10 6266 2326 6685 4652 6999 9724 3674 1729 4651 1162
17 4501 2325 1088 4489 1162 1124 4653 3616 2661 6784 3885 2881 4654 9062 9790 3854 3407
10 4656 5722 4356 1163 1200 5097 5524 8855 6932 4655
10 4657 9740 5312 1461 6105 3621 4658 2131 1163 543
8 3260 8631 4659 2411 1148 9759 4660 1164
18 685 5699 4667 6375 1164 3716 9628 3322 7144 8478 3180 7210 3677 9853 4661 353 5723 4662
15 5142 4418 6964 1165 6216 4663 1837 6627 1582 2830 4664 4058 2371 3141 1638
12 2598 6144 2550 1165 4665 7398 2962 4666 3194 3378 5753 6989
10 4668 1904 6202 554 2840 1166 6756 6618 9680 4667
12 7611 954 8599 2903 5441 4669 6149 6080 4670 3552 3280 1166
12 1701 214 6182 668 47 24 4671 1167 1131 4672 9486 9360
13 4673 1756 9577 3430 4674 5581 1016 1534 8461 2310 5717 7067 1167
8 2849 8615 4675 1168 5062 4676 6145 1914
11 4678 590 5126 8997 2793 6188 1168 9015 2656 4677 190
12 1011 2288 880 1453 4679 1169 55 4680 4802 2631 6136 4100
11 8054 5021 7400 8396 9901 8413 3054 4681 4682 5036 1169
9 3073 2854 8522 4684 3225 9964 1170 4683 3158
9 3705 4685 7775 1170 4702 4686 387 4691 1779
9 4209 2718 1171 5000 4687 9741 8977 9042 4688
15 7740 6155 3968 4887 1404 6176 4245 4689 1171 7991 9341 2592 1819 4690 4560
13 489 2959 3939 1888 4691 8599 4692 6115 9490 6949 1172 5392 4917
9 8723 4694 8025 4272 1172 6543 4693 8560 3372
17 5565 3829 5773 6212 7912 1173 6408 4696 4477 4896 1768 594 2881 1297 8724 353 4695
11 1058 5525 2135 135 1173 4697 9841 9097 1565 8024 4698
13 6266 7816 7361 7776 4129 1174 7463 8947 445 4699 3016 1559 4700
9 4701 5450 4702 1454 1174 5894 517 5297 2512
14 5954 9581 3116 4918 4703 1835 2238 2366 4704 9815 1021 1974 1175 4055
10 9288 4706 1175 3649 8634 4705 5173 4250 3612 7991
8 4385 3955 4707 980 1176 1390 4708 4859
8 4537 7693 4709 1176 517 4710 9008 5398
13 4894 4711 483 8920 522 4712 5477 1177 8413 6429 7869 2421 9313
9 4713 8665 4714 5573 8464 9855 1177 6286 6717
7 1178 7746 7992 6675 4715 4716 5094
13 4718 2466 4430 4825 1178 759 3004 5773 4204 1785 6193 4717 1172
22 5844 9174 5738 7690 1179 1272 5560 3076 4719 9850 1157 8793 2491 5878 884 7566 7578 4720 424 9868 2871 6551
10 6010 9019 4722 1179 2100 5809 7046 7 1921 4721
13 416 9001 3195 1912 6513 4724 2175 4395 7087 5672 1180 6381 4723
13 6016 2869 9188 8822 495 8591 8555 4725 609 4726 1180 6097 9077
14 8933 8059 3839 2071 9219 8760 4727 3739 1894 83 1181 3626 4728 9969
12 9782 1181 1854 941 4729 459 8430 4730 2153 8948 8993 2290
16 7380 9722 407 1182 2151 4437 128 3978 1769 2791 9903 4991 4731 1024 4732 4439
11 6344 4734 5560 4581 2351 7948 1182 2675 4733 3619 5941
9 8283 242 7288 4735 4736 4175 2041 1183 1330
12 4808 1183 1529 1244 5992 7286 808 4737 7449 4738 3608 5759
15 1184 4739 1532 8411 5077 316 4740 9717 1298 3480 1513 2708 7539 5307 6934
13 8774 4741 4339 1184 4742 7422 6434 4129 2832 1977 5691 2204 9534
18 3541 7733 3773 1186 5786 426 7954 2331 9166 1185 6495 7040 4743 1578 1438 7972 5565 4744
17 8769 4134 2012 1715 8136 3875 4745 8572 4746 1774 8280 2511 3560 7695 1185 7118 3308
8 4747 780 7915 4748 8326 4350 1186 7798
17 4034 195 4750 8060 2376 4100 1209 857 8081 7638 2735 1050 1653 94 4749 5424 1186
11 1739 4751 5471 8281 1187 4752 9335 3415 6184 9872 7075
8 2374 5183 8879 1187 707 4753 4754 1564
8 1789 7237 5684 2846 1188 4755 5528 4756
12 3943 5424 4757 5827 2222 4758 1553 3945 1188 4474 8853 9947
13 702 515 6370 4760 3249 3408 2611 3230 3572 4759 1189 9809 7984
7 3448 1189 7543 4762 381 1961 4761
12 1168 3307 4222 4763 1190 1025 4934 2100 4764 7968 859 5570
12 3649 232 7452 8546 2284 9811 4765 36 1190 807 4766 5189
14 8064 1088 4767 8439 4768 1938 1690 7090 1191 7571 7815 4469 6620 3786
6 4280 5135 4769 5302 1191 4770
6 898 1192 4772 4578 9414 4771
10 4773 1192 8579 5961 5969 7803 4774 5018 1893 6963
11 2960 1193 9808 4775 6304 7703 246 1136 643 5813 4776
6 6323 4778 1193 2986 9355 4777
9 3758 5588 679 4779 3804 4780 1159 9124 1194
11 1194 9172 4781 4464 770 9974 6969 4314 4782 8283 5628
14 3957 7324 95 4783 2970 420 1195 482 9923 1804 4784 1067 7656 903
8 4785 6159 8847 1195 8368 4786 9495 904
12 4788 1260 7456 9969 1196 7002 7490 2794 6913 256 4787 300
9 4790 6901 3771 1196 6756 4837 7903 4789 3484
15 5656 3745 9413 2668 2123 4791 2929 4796 425 4052 4792 4707 7419 1197 368
10 7580 8109 1197 8614 5691 2528 4793 1501 7680 4794
12 3034 1198 4795 135 4796 1605 3626 8436 269 8238 3863 9832
14 7759 5600 7381 6373 1198 4727 4886 6724 4378 1568 4797 337 4798 1730
12 4800 9533 6264 6382 901 348 3147 2456 1369 1199 4799 5401
16 414 20 6451 4605 5622 4801 389 54 5355 4802 3924 1655 7332 1199 2322 5588
7 3549 7478 3713 4803 4804 1200 4654
9 2646 3114 300 4806 2120 2774 839 1200 4805
12 3428 4197 4807 8869 1201 4808 4480 2553 323 5542 8238 3855
10 2509 8442 771 1201 9346 6407 2038 4809 8115 4810
11 4055 4811 8873 6999 7662 8756 6796 4812 7683 9143 1202
7 1202 4813 5061 8416 4993 4814 2444
10 218 4816 1992 6898 6578 5074 3729 4815 1203 8727
14 5159 4984 4818 8636 1203 9136 9356 1218 9084 8381 1100 9248 400 4817
13 3655 3964 8986 1204 8063 4819 6153 7243 1525 4820 6341 184 2130
15 4821 9257 39 4822 6058 7282 2456 5327 9133 4709 8393 1204 3287 249 7943
13 2428 4823 8755 4824 967 2283 3605 1205 1029 2329 7432 8916 6428
12 7286 1087 5534 1605 6201 8987 5190 8305 5923 4825 1205 4826
13 4828 1206 3780 2131 8570 3073 4903 6993 1993 4241 3725 8531 4827
13 8080 1679 8504 6467 5235 1206 2861 4829 1824 2203 5497 4830 5250
9 7781 1102 1139 1207 7559 4831 4832 1529 2172
5 4833 4834 7051 1207 3900
10 5679 7448 7420 5201 4835 7747 1208 4836 2088 7020
8 1208 4838 3912 1718 4837 6886 5073 8338
13 2980 78 5436 962 9067 8234 4839 1209 4254 4840 7154 4443 6428
10 1917 5446 2576 7870 4841 7980 1209 4842 8254 7023
10 2182 7918 4844 2645 9171 1210 1169 2355 1611 4843
12 9118 4845 3309 4846 2545 3407 709 2835 1210 4417 6963 4495
12 1211 2438 7622 2098 2805 728 4513 4847 1530 4848 4661 9760
9 2706 4849 7143 1211 4850 2488 5497 6673 8060
7 1212 4851 2281 1978 9040 4852 8971
6 4854 1212 6128 6885 4853 7423
7 9316 4856 1207 2136 3370 1213 4855
19 2411 2575 8528 1387 1474 4857 7988 9171 6366 4187 9152 4858 6765 9347 3834 1213 360 4615 6697
9 4860 8227 6235 1040 4817 3789 1214 4859 6526
13 2539 1214 581 5719 4861 6447 8017 4862 2614 9709 739 9698 7747
14 3527 4316 1215 728 5232 650 4375 4863 7189 9137 7031 4864 6401 4795
7 2056 4668 1215 4865 710 5760 4866
6 8038 4867 4868 4877 9476 1216
14 1216 1967 8556 4783 4869 3605 1801 3544 4870 6781 9961 8916 426 7709
6 4871 279 4872 2270 6757 1217
9 1217 8243 4226 7971 4873 8122 9509 4874 2658
12 2479 3703 7578 528 266 1218 7961 4875 1495 9393 3827 4876
10 2494 2423 3970 4877 4878 2646 7733 8063 1218 9625
12 999 713 6611 1727 4879 9319 4196 2558 4880 1219 7894 3503
14 4882 1497 1466 4635 1829 8075 7889 7328 4881 7975 1219 3385 7874 4101
14 4884 7096 1220 7308 2807 16 5056 7565 8696 5810 4883 7034 2980 2476
8 3721 8039 7328 854 1220 4885 2767 4886
9 4887 1928 4888 5311 6133 6650 1221 3077 7383
8 4889 5670 4890 9371 7021 2406 7775 1221
10 7698 3124 9561 2885 3243 4891 3639 6030 1222 4892
14 4894 1222 2902 3431 9530 537 4737 1047 1077 7804 4893 3234 4491 5056
14 4987 3906 6887 5940 4895 1223 2192 5424 7453 5607 391 1305 4896 9532
8 8942 8865 4897 3775 1733 4898 1223 4976
21 4899 4900 9739 6901 8381 4722 1133 1224 153 781 4024 3487 2277 472 3341 1362 9058 5976 7977 8595 1376
12 5009 7575 3070 197 3547 9593 4901 5304 1224 1712 4902 2306
11 1225 4019 2308 857 5329 2321 7757 1823 4903 3631 4904
7 4844 4905 1225 1311 4906 3646 3386
10 1226 9180 4907 2480 4640 4908 976 6360 4063 8312
13 9228 4910 9383 7033 5675 1226 7168 320 9218 8218 7092 4909 8861
14 5068 8451 5520 7484 3089 4911 4224 4912 227 8661 9096 3298 1227 6555
9 9884 1791 3042 2410 984 2399 4913 4914 1227
13 4793 4915 3651 544 4916 1228 6551 4336 8906 318 6740 9692 3089
5 4917 2787 4918 1228 6221
13 4920 5819 8800 1229 9586 2983 5439 4919 1716 2964 4737 9193 8262
14 4922 7870 115 8188 7782 1229 9551 3725 5937 7588 5104 9910 4921 49
10 7183 9899 4923 6460 907 4968 4570 4924 3929 1230
11 4926 1230 5662 9964 4837 2159 514 7688 3753 1620 4925
15 1231 4927 4427 2614 3293 5485 9006 4928 2891 889 2469 9894 2519 925 9167
11 5606 8643 522 6403 1231 9636 7510 4929 5446 4930 5532
15 18 359 3717 6169 429 8800 125 9581 9338 8972 1232 4931 4179 4932 6034
8 6465 2358 4933 6173 7739 4934 6602 1232
8 8671 1178 4935 9367 4936 1398 1233 9178
8 6507 4938 8948 332 8875 8303 1233 4937
13 1234 7671 5882 4939 3138 2463 4940 7660 8746 2643 5510 2304 4608
12 2528 3761 1234 3599 2745 4941 8198 9349 4942 7414 8951 3121
9 9529 4943 4944 3448 9311 1235 1040 3389 8443
11 1235 6530 8693 4945 9410 6702 4986 9849 8784 4946 7428
9 4948 2040 6848 4263 4947 2308 1368 5911 1236
10 3822 4871 1236 4949 8271 4950 8878 1239 1819 5887
13 2978 8915 1237 169 4951 5175 3736 4952 1977 7725 265 9682 7161
13 9568 4953 9682 3514 4954 1975 3169 38 5175 4179 1237 831 2441
16 4955 4902 7846 8224 7879 7375 9343 4956 1238 9389 5433 9975 1626 113 3836 8634
15 2995 2687 9038 4684 3948 2570 5624 6299 4957 9442 1238 1604 2147 4958 5060
17 6940 4960 1239 8014 69 302 271 5941 5490 2437 3620 5649 6682 4247 4959 2719 3939
6 5306 4961 1239 2453 4962 3642
12 7281 4964 2203 2310 8275 7157 3986 5718 1240 3865 3068 4963
8 8068 4124 4966 3112 2849 8168 1240 4965
17 9641 8112 8035 8771 5311 5238 2799 3344 1049 4536 4967 6098 4968 1241 6050 9722 1372
16 4857 6634 48 7118 5281 959 990 3761 9193 5489 1888 4969 9486 4937 4970 1241
9 4853 4971 1242 6980 4972 9238 8877 5787 2189
11 7314 345 6920 4973 1242 4974 1968 6231 4275 9781 6643
9 4976 423 5765 8949 1243 7280 1064 9964 4975
11 8066 8977 5245 44 4977 2424 5587 4978 9593 1243 6390
12 197 6986 552 4779 1781 4979 168 8456 9729 4980 1244 4314
13 4981 7710 306 4982 3884 1244 404 9565 5621 6403 6037 4354 1656
10 4983 5495 1983 1245 8277 4984 1475 2359 6754 6190
12 2771 9297 4304 1245 3707 5244 5720 3671 4985 6018 6352 4986
13 4988 4183 5586 631 2985 9666 1246 4108 9504 4987 237 8728 9537
11 5968 2438 291 1298 4989 4538 1071 4990 1246 1044 489
10 1501 4992 8257 1247 6908 5363 2818 4991 7650 7748
10 4993 1347 4994 1247 5471 6402 1694 4817 4387 2139
8 2320 9938 1248 7539 4995 4996 810 8989
13 2150 6167 1248 273 4997 5753 5119 1920 1695 6437 9893 4998 581
11 8589 4999 6170 4076 7992 5959 5000 1211 1249 3977 2778
10 5002 1882 1249 4739 1764 1851 7180 5001 8063 736
11 3503 5004 9043 1314 6405 5710 4942 1250 6479 5003 134
17 9183 2857 1250 1228 5005 791 1845 668 9535 371 5006 141 1252 7792 5918 6967 8317
10 5363 9466 6892 314 1251 5007 8313 3902 7102 5008
7 5952 5009 8132 3704 5010 1251 118
11 5429 5011 8260 7256 4162 665 3097 5012 1252 260 5005
12 5014 9536 5516 621 8773 8009 6086 2324 4484 5013 1252 1368
11 8755 8979 6755 1253 5015 3040 7106 5016 4004 4488 4273
7 1393 5017 1253 1902 5018 1244 6710
10 2404 344 5020 961 9757 7079 1448 7953 1254 5019
12 5021 8152 7144 6506 5022 6795 8706 4852 9943 8211 5601 1254
16 6985 8571 8425 7917 6201 8109 6121 5023 9752 4507 2771 1255 9224 5024 2372 8379
11 5498 1255 781 3722 1368 9989 5025 3212 6729 2350 5026
17 3689 961 5027 1195 8654 224 1256 1944 5617 3296 5028 8570 5244 8497 688 2280 5762
14 5030 3615 3347 3197 4787 5332 419 1256 1385 5029 1185 8384 9624 4672
14 4861 5032 3467 1188 9737 1384 9563 1257 1111 2186 1350 5998 1620 5031
9 5320 6927 5459 4447 5033 5034 1257 9788 8418
19 3935 6891 8599 5627 606 5322 9628 1439 503 5035 4730 1393 1584 5060 8752 5036 7004 1258 5858
11 5037 1258 3326 638 5038 9015 2746 4824 8280 3739 90
18 4439 1259 1138 1547 4387 2121 7217 1896 1561 7165 5039 457 970 2463 5353 5040 4235 9781
12 5042 7246 4457 9288 1259 8963 5178 5776 459 5041 9888 6054
8 1558 5043 2823 4381 5044 4983 1401 1260
10 268 9947 9232 1868 5045 788 5046 7124 6258 1260
5 1051 5048 1261 7091 5047
6 5049 3285 5050 1261 872 1797
13 4073 4866 1262 7843 4017 4433 5051 1212 8243 2868 1384 671 5052
11 5053 6765 6367 1224 2765 6847 5054 1262 7067 5873 8467
11 9230 7027 5055 617 6637 4466 5056 4499 1263 7147 5732
14 4005 5672 2470 1263 1765 2863 2396 6593 9065 5057 3431 5273 2553 5058
18 6820 8532 5060 1572 7630 8175 7378 2837 3557 1168 1198 1012 5050 7409 5059 1264 7828 4665
5 4571 1264 5061 6074 5062
14 4431 2233 8864 1204 5648 1265 5063 5917 1610 4588 5064 9663 3865 6227
13 5065 8814 3431 1362 3838 1339 5066 6372 4632 7893 1265 1723 3942
12 1266 6707 3597 4309 9392 4464 3615 7193 1144 6506 5067 5068
15 5070 886 9543 1266 7189 7059 443 7710 8491 201 4357 8626 9171 5069 8273
15 8790 8713 1267 121 2055 3095 5071 600 5661 2766 3628 5072 4849 850 2076
9 8874 9610 1267 5073 5074 88 3546 1456 8999
11 5075 371 5076 4109 790 2975 5 1981 3598 1268 2814
11 5077 617 3894 7265 4098 5314 5078 6437 9890 1268 9927
9 2430 1515 4064 217 2224 5079 8194 1269 5080
6 1269 5081 5082 2753 9365 5100
5 5083 2672 1270 7865 5084
11 415 5086 5306 6685 2925 8333 1270 9126 1144 3540 5085
15 2989 3339 7836 9414 5088 6381 8943 8146 1271 6927 5077 6923 4537 7351 5087
7 4945 4718 5312 5089 1271 3630 5090
15 5091 1272 8442 5092 3616 556 9008 2422 5382 4272 7273 9075 8595 3212 9551
13 1258 2026 5093 8183 4349 1272 8509 108 5094 696 114 3502 8341
6 9716 1273 5095 5096 5588 1107
17 7517 5098 9233 2197 7428 9152 7441 5782 3001 1823 7507 1142 1955 1186 1273 5097 8110
13 6053 9534 5887 5432 5099 4648 5791 4990 5100 4173 1274 1049 4585
15 1041 2332 2563 2169 9073 1195 5101 2938 3215 5858 5549 5102 4997 1274 165
9 5103 1275 5104 7687 5410 6890 8899 8302 4334
11 526 1376 5978 1275 5491 5105 6065 4020 6773 3203 5106
10 3584 1276 1153 5107 763 2403 7535 9422 5108 2528
9 5458 3405 5109 5110 1276 4070 7994 9893 9133
10 6753 4529 1226 7705 5111 5112 1262 6284 1277 1314
9 2038 5114 1277 2874 6104 7365 1659 9354 5113
12 1278 6921 5116 8792 8382 656 1408 9952 7472 3549 5115 382
10 3518 1278 2439 7715 5117 9370 1113 2121 5118 3313
10 6107 3533 5119 2148 1916 6364 7283 5120 1279 683
12 9251 4112 5121 5122 669 7729 1279 6973 4806 8864 4237 5681
10 1280 154 3544 3670 9525 7102 4049 5123 8714 5124
8 8785 5126 6391 1280 560 6437 5442 5125
10 1281 7623 2550 9835 7562 5127 5128 3360 7963 2649
7 9338 5130 5602 7509 4838 1281 5129
9 5131 4160 9478 5132 7252 1282 459 5126 2886
13 1282 3086 7770 8275 8686 8621 5133 6987 3011 114 29 5134 6590
9 9784 3885 892 1815 5135 1283 9230 5136 285
18 1283 8975 2990 1066 2998 5137 6239 3328 8675 3877 2093 1343 5138 2178 5415 1913 5306 4920
7 4536 1284 5139 1717 5140 9817 8207
14 546 5142 3565 8749 5574 2478 3111 4949 1284 615 6 7430 6239 5141
15 889 5894 7533 5602 1101 5143 9900 5192 3883 5144 6730 5990 9975 1285 1096
16 4029 1285 8839 3216 3814 6510 4310 5209 8413 5840 429 5145 3637 5146 2934 5890
11 1286 8920 5147 1843 1246 2655 8116 5148 8755 6792 2877
8 368 4612 388 9414 5149 1286 5150 3566
9 8047 5152 4766 2428 4027 7675 1287 5151 1096
11 5345 5154 1810 4077 2420 3740 1287 5295 944 5153 7572
8 8467 5264 5155 7554 7770 1288 5156 8974
9 9329 7768 5158 4012 2618 2752 7584 5157 1288
13 6553 8200 5159 7237 3114 1289 5160 6457 5567 3734 2925 2852 8463
8 6854 833 1289 9568 9865 4738 5161 5162
8 9181 5164 5916 9190 1290 5927 5163 4720
12 3636 5165 3348 5479 3576 5166 588 8167 1290 397 4265 5237
9 3515 5167 4415 6209 5168 6941 4152 4632 1291
12 4946 8337 7886 1291 5170 3670 132 1962 8864 2656 5169 7320
9 5734 6007 1292 8883 8497 5171 3614 5172 9535
9 6659 1985 8722 5083 5173 1292 5174 9984 9606
10 5118 5175 5176 5018 1293 489 868 3401 6772 779
9 7709 657 5177 3998 5178 235 8744 1293 8375
11 5180 1294 5783 1097 470 104 1770 7476 5179 6334 5643
12 3062 163 5181 1294 6385 6015 9260 5182 1158 8066 3732 4029
14 500 9333 5117 8695 1295 5183 1877 3012 6257 5184 895 8344 2607 8763
12 5185 5186 1435 1295 8981 4887 512 9941 9217 9949 8583 2344
6 6154 5187 5391 5188 8929 1296
14 1296 498 5687 9266 5440 1880 4335 5880 5750 5189 8198 5852 5190 7837
10 963 5192 1190 7478 5661 395 3047 5191 1297 4964
8 4647 1297 7648 9515 5193 5194 2674 9591
10 5196 2197 1298 1422 9951 4775 6499 7235 1770 5195
7 2332 5197 8434 5198 6061 1298 8619
10 1299 709 6914 3889 5199 8407 6334 2161 8298 5200
8 1299 8334 9766 6713 5201 4827 5202 4686
7 1300 9403 5203 7212 5204 9624 7239
13 1759 5842 3720 9620 110 1300 5205 9646 5206 3787 3357 709 2319
9 3431 5208 4737 3266 1301 5337 2820 5207 3508
9 8464 7436 3545 9177 5209 5210 7711 1301 9647
9 3617 5211 3926 4170 6293 3382 5212 1302 8250
12 1302 1937 5213 9007 5214 6076 2191 424 4548 6325 617 1783
11 9817 2840 5215 5577 1303 5216 877 6818 3091 8048 2591
16 7361 7451 5524 6935 5484 5541 3171 7831 5928 1303 5672 1013 5217 9263 5218 6938
11 2994 6064 5219 1304 7464 5220 972 327 5266 4502 1201
11 9120 5221 1608 7283 1304 8113 5222 1794 6918 8512 8545
14 5679 3028 4171 3504 5224 8201 2379 1471 7275 5393 66 5223 6459 1305
14 6961 5225 6388 6335 8344 1305 2794 5226 391 9017 1402 5248 362 3891
10 5819 1029 886 1306 3092 1520 5227 7431 1784 5228
13 4409 4572 2463 9797 1283 2430 393 9794 9209 6485 1306 5229 5230
10 5231 1992 157 1915 5232 9896 6631 1307 6900 762
10 5234 5760 6488 2983 9965 573 7111 5233 1307 4819
11 3849 1308 5236 4574 1179 5319 3 7275 5039 5235 3824
9 6310 5318 1308 5237 2578 3916 5238 6971 8142
8 3729 6124 1309 5239 7577 9895 3215 5240
7 4566 5241 9189 5242 1309 1548 6346
10 5243 1237 1933 8025 5244 6464 6733 4985 1310 79
13 9617 5246 1310 875 8533 6537 2134 5948 1390 9152 3525 5245 6225
15 6970 3831 5181 9853 5763 4421 5247 1311 9899 1965 1448 8330 5248 6916 9726
13 3793 5249 5009 8506 3208 3489 1311 5250 6442 5637 7459 5861 4926
19 6605 1516 3410 254 1406 5252 2626 1312 5119 7294 6489 4318 5371 6185 1116 9540 9662 8223 5251
7 9815 5253 982 5254 2625 1312 6715
6 1313 5871 5111 9471 5255 5256
9 7011 1313 2808 6533 6293 7001 3883 5257 5258
10 5486 1314 8808 6153 6828 5259 6435 5260 4122 4599
11 5262 1341 8942 8894 1314 2710 3076 9086 4585 5261 64
11 5264 5081 9680 1238 6587 1315 2339 5376 9613 5263 1514
10 9260 9488 7272 5313 8887 5265 1852 5266 4657 1315
11 69 4940 9616 7002 1714 2864 5267 1162 5268 1316 8586
9 3150 30 1316 5269 2105 5270 8641 5433 3697
11 1317 4066 2154 411 8942 6743 5271 7178 2103 8968 5272
11 3359 5274 715 1467 4918 1317 6399 5273 6176 7510 4908
13 1842 387 3136 8210 4429 5275 2929 5276 512 6200 9583 1318 2956
15 4946 1318 9447 4324 9488 881 5277 5278 7193 8844 9759 4156 6799 3937 7832
10 5279 1319 8894 1186 5280 4349 5643 1182 4241 4197
18 4793 5281 1916 1319 1204 4070 2944 5282 7112 5051 9475 4706 6243 6646 9179 3060 1322 9810
12 8781 7956 5549 6013 5745 5233 3965 1320 4791 5283 2852 5284
11 3532 697 5285 8294 5286 1190 6775 3742 1320 6678 5601
12 7713 908 1798 5287 3571 9455 1321 5288 1785 2469 4647 3712
18 9266 8168 1538 1568 5290 6323 7572 7052 5336 5617 874 2727 8850 8964 1974 1321 5289 8229
9 1322 5292 8488 2421 26 8664 6993 5314 5291
12 2402 6661 4300 8118 5386 9842 4951 1322 2438 5293 8737 5294
8 405 1323 5493 3376 5295 5153 5296 971
7 6508 5297 938 5298 1323 4299 3816
14 8175 369 6476 7847 119 9023 2835 6112 5299 3018 6186 1324 2563 5300
12 1324 5302 913 6454 452 6057 8944 5301 4988 3459 7741 9774
6 4265 2932 1325 5303 6158 5304
7 1908 8231 9846 5305 1325 5306 4286
11 3416 5307 3616 5308 2661 7728 7159 1326 2907 3883 5803
9 830 6628 3465 9980 1725 4662 5309 1326 5310
12 1728 1327 2573 837 5257 3147 7754 5311 5958 7658 7853 5312
14 5015 5491 6573 5398 5313 4642 1327 8709 5314 6961 2338 6116 2584 7491
8 1328 5315 112 2815 9211 2876 5316 2108
14 4118 812 215 5318 1595 431 1328 6849 2436 7207 5317 6594 6411 6976
8 5319 8438 6438 2146 5320 8879 1329 1482
11 9478 4087 5234 2750 388 5321 6940 5322 8075 1329 5652
16 7014 3164 5323 268 5356 1330 2653 5324 9862 2326 1460 6699 2272 1596 7188 612
12 4117 5325 9115 5326 1330 5111 5872 8909 9808 3636 4848 7507
9 5328 7211 4898 6728 1331 9473 5534 5327 5022
8 8651 5330 4379 5888 8393 1331 5329 1646
11 9440 5253 5038 8803 5331 5994 437 4531 5332 5089 1332
15 9104 4583 7356 1332 1277 5238 53 4633 3198 4723 3869 5333 1799 3695 5334
11 1333 5335 3717 5474 9593 5336 82 4418 6842 4041 2233
11 1333 4392 2395 7276 4678 5337 2168 4821 1840 5338 299
10 7145 9300 5340 42 4138 1621 3041 1334 5339 2936
12 4653 6247 857 5341 3971 8310 7993 5342 9709 3180 1334 8767
8 6826 7416 9543 5343 6336 5344 1335 5385
11 1335 8346 3085 5346 8424 2541 5550 2712 1580 3645 5345
10 7547 5347 1336 391 3270 5348 7361 2071 5277 486
13 1354 9437 3859 6799 7291 5718 1336 5349 3463 3321 2596 5350 1488
9 5351 7214 5352 1700 1337 2366 5175 1349 8009
14 1337 3254 3872 9475 1296 2860 9431 5353 1688 5968 5354 5737 3895 5432
15 7543 8442 3632 5356 9244 3430 1187 1265 1675 5355 3078 1338 315 8718 3648
11 9086 3406 1338 5358 7460 9221 3285 5143 1281 3091 5357
12 6886 1645 6468 7151 3330 1339 5359 6766 1888 5360 8617 606
12 3572 5361 4910 2780 5362 9489 4286 7539 1339 4819 9906 818
9 7611 5363 9929 5364 187 1340 3930 1781 6334
14 7884 3611 4164 7360 5433 4372 3315 8723 5365 187 9635 1340 8952 5366
13 7104 5120 5368 1341 4259 9504 9107 4777 6070 9010 5367 7262 528
8 5369 4182 1341 6061 5370 3256 7977 6343
14 1342 5923 8501 8851 899 2155 3346 6306 5371 7063 9397 5372 7145 4710
11 6471 5374 4017 9803 1342 8271 1218 4551 8211 2844 5373
10 2262 6951 1130 2478 2882 1345 4151 5375 5376 1343
13 6222 1239 673 1356 5023 5377 4039 4958 7150 5378 3959 1343 8879
9 5379 1344 1302 5380 9617 605 8586 680 4813
9 6100 5381 1344 5382 8289 5927 2272 721 4554
11 2309 5595 4099 5384 7898 1345 5451 1299 5541 1978 5383
10 5385 1118 5386 8725 1246 9677 6579 1345 4868 1908
11 3657 4763 7422 9936 2077 5387 859 7872 5388 3656 1346
13 4811 6572 6865 5389 1346 5390 5069 6460 4749 7522 605 8263 3945
9 1347 5391 5127 8531 5392 3465 1221 5056 3955
10 5394 3646 2217 6578 1347 6339 1782 2802 5393 4601
11 9620 5396 3359 9393 9865 4982 248 1348 8847 5395 8241
13 2290 1089 4128 5397 8544 4576 9252 3149 5398 47 1348 605 757
10 5400 9975 323 6459 4963 8761 1349 9302 5399 6501
14 1752 5401 4694 9870 6634 5402 4878 2935 9258 6002 1640 9702 3266 1349
9 9455 9349 1350 5491 9615 5403 4302 8974 5404
12 5406 6248 5634 2048 9888 817 9657 8108 1350 9442 5405 9687
11 767 5195 5407 9583 6993 5408 5225 7429 5681 1930 1351
9 1351 4847 5409 116 3319 1331 9057 5410 1847
9 1352 5412 8466 9967 1938 5939 7289 1594 5411
12 2424 6062 1352 5493 4998 9861 5413 9898 6706 5414 4504 2764
10 6698 9752 2003 463 5106 5415 1353 8095 7636 5416
9 5417 5418 3918 3654 2853 2369 4354 1353 1050
8 5829 9265 5419 5420 1354 215 5120 6357
10 1400 5422 6077 2630 4363 6221 4782 6811 5421 1354
10 5424 4753 1355 9743 8125 6031 4251 4243 5423 7769
7 2672 1355 5425 5426 9582 281 5610
14 5427 4122 4972 5428 1442 7628 1582 5465 4961 3453 9633 3193 1356 3881
13 5429 3827 1738 3722 5446 5430 7752 6008 54 9636 2907 6888 1356
8 9958 4328 5431 1357 5314 2193 5432 9299
11 3633 5434 1357 8793 9164 7566 2911 2899 5433 9906 6938
14 5003 5841 5435 4203 7025 1358 9115 4879 1695 5436 9470 7649 6527 205
9 5529 1181 4664 5437 2343 1358 4230 5438 1761
8 7826 5439 5440 2199 4676 3481 1359 2479
11 381 5868 5441 572 9162 1359 5442 5125 9622 3340 250
16 6994 1360 6104 3006 6934 2046 2722 9171 5443 3252 1625 772 5444 9372 725 5924
8 5445 5051 1360 2721 5446 8764 986 4334
11 3645 9561 1361 3694 3292 5447 7175 5769 5448 3538 6856
9 5450 4073 3569 1361 5147 6168 1065 5449 5043
9 1903 227 1126 5451 5452 9709 1362 1406 3131
10 6765 1683 7933 6571 5453 3246 5454 2074 1362 8797
15 7667 5455 1363 9160 5456 5953 5608 2644 3974 4275 1766 5861 54 6711 8565
10 5457 9344 5458 1363 541 1468 6114 4939 5098 3716
16 7189 2078 8003 1364 1976 518 8256 2840 6264 5459 7797 3674 1493 5460 9839 7237
13 5462 8658 6113 6195 6362 5151 1364 3330 1354 9925 5461 3323 9292
5 8235 9423 5463 5464 1365
13 5466 3486 3925 8975 7312 1365 4702 9508 9996 2828 1247 5465 8295
5 5467 7501 5468 3066 1366
8 8814 1366 8815 4900 5469 5470 5153 9809
8 687 8165 6072 1367 2374 5471 4943 5472
12 7595 5473 5075 1007 5474 3157 688 7752 1567 1367 7871 7477
15 3010 9024 94 8215 5934 8183 5475 3971 8151 5476 5171 1368 5127 3806 9344
9 1803 5478 5653 7170 7671 4724 5477 1368 8222
12 7169 1369 6133 693 5479 5036 4313 5480 1807 985 8429 4843
8 7337 6207 1028 1369 5481 9303 3131 5482
10 793 5483 4666 5484 4513 2907 6128 7832 6714 1370
10 3830 5485 7124 667 5486 4637 3670 5122 5651 1370
14 5488 5749 6823 175 3896 5994 1970 6592 1111 8524 5487 9683 1371 458
8 1371 6237 5489 5490 6804 617 9919 9903
10 593 6043 4596 5491 1372 2470 5492 7460 1616 8990
14 5494 6246 6222 6796 1797 1372 6992 2518 897 4053 5054 4383 5493 1974
18 5495 7483 9891 3052 8586 5496 7261 237 1373 5147 3753 7494 5803 3644 8210 8141 1402 4096
8 587 5854 418 5497 9421 1373 5498 8235
11 1374 1745 4224 9340 5010 3628 6243 5499 8435 5500 8306
10 1871 7863 5501 2660 1374 9035 6689 5502 7215 1880
14 1703 3992 9262 4030 1375 4709 5063 4421 8560 5503 494 3300 5504 38
11 5506 8523 3986 4637 9614 2578 1121 4305 1375 1033 5505
13 7555 1279 5507 8085 4259 2540 5508 5703 7423 1376 3524 9164 3895
8 1221 4528 5509 9604 5510 2167 1376 6556
14 5511 4812 9488 742 1377 8923 5512 9562 6013 6859 9766 6680 7465 6542
5 4183 5513 5514 1377 7447
8 5516 8945 1378 1581 4441 5515 3962 7426
13 5471 3036 1110 4309 5517 9022 2984 88 9726 5518 1378 3783 1121
10 3899 1960 8280 5519 4027 3466 3011 5520 1726 1379
15 5521 335 3635 1379 5522 5982 9182 934 4760 3284 3398 4000 8570 3443 6257
14 3514 5523 2296 4657 1164 6073 5524 8586 68 6192 7164 6575 7169 1380
7 5897 1380 6382 5525 8550 5526 1827
8 2130 1971 1381 5527 614 6934 4580 5528
10 658 6077 642 2160 5529 5530 9466 2032 1381 2706
12 1070 5532 1382 2162 65 7472 3984 2526 223 1253 5523 5531
10 5534 9755 473 7970 4571 1382 2535 4061 5533 4525
14 2935 2058 9693 5241 7587 1383 9986 7474 5535 6686 2442 1041 5536 1115
7 6174 8439 1383 3406 5537 5538 3355
13 5339 125 5539 2945 634 4194 9805 9403 5540 9086 4073 9737 1384
10 6677 2900 5665 6690 8626 4707 5541 3277 5542 1384
15 5544 2492 9257 3431 1671 3549 3175 2980 9360 2511 2912 6913 5543 1385 478
8 8142 1385 5545 2789 5546 241 4010 7247
13 5057 1682 1804 665 1386 99 5547 300 1222 6117 6857 5548 6094
11 5549 5550 3534 4567 2402 348 9760 1386 7146 7549 4768
16 8336 5551 7141 6206 5401 5084 5552 4190 2885 2295 1320 5573 1387 6034 4298 1276
10 5800 5715 9342 5980 5553 6570 777 1387 8872 5554
8 1388 4176 603 5555 5556 6036 3565 9652
11 9134 8394 6167 5557 1388 5558 1726 9454 3904 2499 7674
14 3742 4775 5560 1475 8598 1389 8937 932 5965 9710 5026 9385 5559 1867
9 5639 5562 2680 7701 9055 6807 7693 1389 5561
12 466 6708 4338 2996 5310 5563 8471 1390 8890 5564 599 1893
15 5827 7600 9763 6560 6174 1503 2016 9492 8073 9846 5565 2894 447 5566 1390
6 1082 7974 7177 5567 1391 5568
8 7945 5738 840 1391 2226 5569 1877 5570
7 5572 1392 3887 8795 4896 5571 8328
10 7145 1685 1520 9280 5573 1392 5574 3403 6079 817
11 1393 6578 2458 824 5575 9446 5002 3982 5576 8650 5016
13 5577 6553 1393 5578 2834 145 6091 6095 4372 4352 3608 3344 3454
11 1394 5427 7701 7030 2772 9726 5579 8405 6742 9552 5580
14 1933 6172 2879 5303 1394 9089 9447 3881 5581 973 1840 9448 4797 5582
9 3269 5583 5584 3592 7528 6654 2365 1395 8135
11 1038 3429 5947 6142 5585 9196 1469 7204 5586 9912 1395
10 1396 5588 1316 875 6833 2136 2338 4967 4484 5587
15 5589 4524 8525 2612 1210 5346 5590 5700 6249 1396 1464 8051 3058 2393 4694
11 5622 1397 5591 6181 8657 5376 7698 9902 8296 3384 5592
7 5064 5593 5451 5594 3765 1397 6725
15 364 1101 2875 5595 6124 6933 3046 5596 7942 4482 8845 4096 1896 6089 1398
11 5598 4850 1398 5533 6249 938 1904 8012 2321 5597 4796
15 3144 5600 9044 390 2483 3690 9082 5626 9558 2115 1456 8599 5895 5599 1399
8 3120 1399 6304 9504 5601 4325 5602 9116
7 3724 1400 5603 872 1088 5604 1453
9 1391 5605 5727 7505 5606 2696 177 1400 632
6 6642 4907 5607 6588 5608 1401
16 502 6082 4472 1352 1401 9897 4 6153 3714 6593 1187 5609 9858 177 1037 5610
13 1402 9652 3594 5611 2423 8722 8893 1376 4750 3571 5612 809 7886
8 1272 4872 1402 5613 366 8606 5614 7843
12 5616 7084 7625 4893 6056 2441 9671 47 1146 1403 1673 5615
10 5617 9618 160 811 5618 8550 2628 9522 9482 1403
11 4406 7391 5769 5619 9982 4298 7018 9584 1404 5620 9158
9 9666 1125 5621 5622 9611 5937 1787 5352 1404
11 8972 4654 5008 6305 6688 5623 1405 5331 6014 5624 5056
8 5626 587 3041 3233 892 1405 2139 5625
12 3684 7986 5628 9926 836 4758 1406 4121 6646 1701 5627 8827
8 4148 9861 5629 687 1406 5630 2537 7786
12 2035 1407 5631 329 5632 8625 2657 8756 8122 3516 5049 479
13 7194 4710 5633 1407 7183 5634 2124 9335 8701 4334 5416 1023 4506
10 3364 4959 1408 1291 5635 2251 5871 2039 9799 5636
12 5638 4447 5387 3635 8896 2495 6620 9540 1408 5637 6231 5613
11 267 4679 5639 8193 7787 5640 1409 4966 6580 6511 4775
13 1472 1686 4534 3713 1530 5641 6881 258 3584 5642 2603 1409 489
8 4753 2067 1410 5644 9271 223 9207 5643
13 3720 5200 5554 9771 7120 9511 1293 1410 5645 4226 9423 5646 3817
14 3400 1407 8442 9048 2521 1411 1979 3304 6659 7635 3618 5647 5631 5648
13 8775 5649 8516 5650 7000 4601 6008 9314 1411 5513 61 9214 9686
16 3068 9972 8667 976 7346 6773 9924 15 5651 6229 5652 1514 1412 6125 5007 7158
8 3137 5654 1009 1412 4370 4294 7454 5653
9 9067 1172 5656 9690 4386 1229 1413 6025 5655
10 3049 1413 2732 5295 5657 94 4153 3572 5658 5606
14 4370 5659 9290 1355 7274 6831 5660 345 4709 1414 7601 2319 1411 2975
13 7230 8157 1411 5661 5592 7162 5662 2331 1666 5768 1414 653 4977
14 5709 1415 8413 7942 6320 9301 8236 1811 300 6781 5663 2878 6131 5664
10 5666 8440 1415 6139 9429 3363 2370 5665 1579 1880
12 3617 1416 1027 5667 3143 5668 3131 1551 1458 6376 7974 8357
11 9784 9276 5670 8297 2788 5415 1416 4737 9527 5669 978
15 5671 5672 2907 2240 4578 16 706 3981 1579 2649 2422 1417 3714 5032 5028
11 8469 9929 8323 7689 5673 7674 7975 5674 6780 1417 5772
10 8206 5637 5507 7471 2529 1482 5675 8534 1418 5676
7 1418 6673 3278 6669 5677 5678 8024
10 1538 3820 8159 5679 1419 798 8408 9270 5680 8303
14 2607 547 5682 8325 6288 7748 8614 7553 2729 2333 1419 4257 4148 5681
10 8634 7967 6215 5683 7956 5716 7188 5684 6921 1420
15 3642 1420 1712 6383 6550 2043 4062 9303 4408 5624 5685 1304 9764 6239 5686
11 9029 4691 5687 8025 5688 6050 7929 1479 7934 3080 1421
9 5689 1421 5299 5690 4731 502 1368 7180 2686
9 5355 4912 4771 1422 3174 5691 8306 5692 8843
11 8398 9959 5694 2200 2377 7509 8042 639 5693 1422 5799
11 3665 9512 1467 9317 4808 5695 4264 5696 1423 7571 1328
9 408 49 5698 8952 6074 5639 4859 1423 5697
7 5699 2337 1424 5078 5700 2482 4486
11 3259 6382 1873 38 1424 3249 5701 5702 5165 3059 6914
7 5994 1425 4507 7614 5703 1676 5704
17 1803 2041 1233 544 5705 4327 582 259 8751 5706 1425 3974 2579 2641 9570 9464 3569
12 9682 1501 5707 261 7626 6366 1141 2708 7326 5708 1426 9194
11 6043 9117 2341 1426 5710 4665 2252 6956 3106 5709 6945
15 8970 7324 7613 1427 5711 9232 867 1441 76 2939 5712 7847 919 1414 6286
9 5682 6086 9063 1280 6892 5713 1427 5714 3291
22 7353 4031 386 6719 2502 3670 9903 5715 9773 5736 5716 561 7538 5318 7607 1428 3204 5803 9288 8170 366 5015
8 5717 6372 5718 834 3860 5064 1025 1428
7 5720 1429 2883 6462 6581 5719 7289
18 2676 6745 708 9815 5721 1429 7836 1783 9560 5722 7227 2185 7780 7577 4162 5195 3723 8696
12 8441 5738 1430 2414 6658 5723 3532 5724 5992 9676 9652 5359
9 1334 8775 5726 6133 1867 991 1430 5725 4306
14 6796 2950 5727 8858 2528 5195 5728 9412 4778 8596 432 1431 8320 793
10 1431 4157 2633 7176 1169 9758 5729 1061 9820 5730
14 1928 8566 5732 3138 77 6506 172 8934 9410 5731 8561 901 1432 5455
13 1432 324 5733 5734 7064 3799 1592 2250 1220 1172 5601 2063 3467
11 5736 8615 7225 358 7782 1433 8433 5735 8549 951 128
13 4286 9755 5738 6043 4998 1350 1550 1433 2525 5732 8058 8026 5737
10 2362 1120 5299 5739 8081 4674 5740 7338 7098 1434
9 6398 1434 6008 1533 3667 577 5741 5742 180
16 381 1435 1411 6247 5743 1961 968 5744 4378 1324 447 6461 4355 2359 8511 3225
9 3203 5745 1435 5746 3437 7121 31 5898 4048
12 4422 5748 4126 6936 1725 6725 5916 1436 2162 3669 5747 3255
8 1713 2556 5749 989 5750 9629 8731 1436
12 3017 7941 7986 2797 4994 5478 4421 5751 169 5752 4658 1437
14 2205 1437 5753 1451 8128 5754 8893 3116 2657 5324 7045 1045 3914 9900
12 7283 9003 6710 4165 6064 5755 1438 5756 2309 9604 7047 2573
12 3624 3067 9224 8895 1438 5334 5025 7229 5757 2831 5758 5616
8 2790 8589 3417 5759 1439 5760 6370 1127
13 9492 4670 4573 5220 5761 3684 6396 5762 1439 9687 5849 9610 1523
12 5198 6597 5764 7281 2326 8165 1163 4754 2347 1433 5763 1440
14 5765 6440 1440 6404 5766 1765 2687 9113 6145 1524 7304 5414 5813 6533
12 6814 1008 754 7880 7323 9344 6018 2859 1441 5767 5768 6907
15 3221 7064 5572 7430 1026 7711 497 7139 812 5769 8351 1441 8734 454 5770
13 7824 8743 5771 2445 5792 470 2775 5772 1442 1211 4313 2232 8701
10 5774 1958 5710 6057 6049 5773 1442 2565 674 9746
5 5776 1279 1443 6562 5775
15 8248 1043 4158 4028 1443 5777 6517 1273 4505 9413 1604 5778 1437 8353 9776
10 4317 710 1444 4168 8194 1520 5779 4909 6414 5780
11 720 5781 3716 5782 5583 1462 1444 6137 4722 807 5987
7 8946 5783 2463 5784 8988 7708 1445
13 2097 4859 671 1445 530 6442 4650 2014 587 5785 9693 1785 5786
11 4034 5787 3937 1446 3860 5788 6711 4390 1457 9282 7705
8 6800 8830 5789 1446 5790 4509 2782 9564
7 5792 8187 1447 9380 5367 5791 258
15 5793 3679 1366 9518 5794 9161 3290 6889 587 1447 4101 6150 6634 4581 3723
14 1448 1407 2133 6241 9315 9938 5795 9337 6353 9256 5796 3381 8297 4333
11 5798 140 6299 4250 8938 1448 5797 1227 3809 4537 6489
10 6351 3940 1449 9003 5799 8755 2716 5800 3523 4121
11 8266 5802 2770 9360 9470 1654 1449 4186 5801 9908 663
10 850 6401 5804 1981 5093 477 1450 8494 202 5803
7 2446 3101 5805 9347 81 5806 1450
7 2334 4997 5807 1451 5808 7585 7504
12 1555 1451 5894 8903 5069 4963 5809 8538 5810 7787 3718 8821
9 1452 58 1425 8092 5811 7157 1201 5812 5129
11 5814 4204 3647 8502 1230 2012 1452 26 6276 5813 6830
17 9294 6973 9970 2835 5815 4018 5201 2741 1015 5816 5150 2653 4113 3418 1453 2714 1971
10 7743 6808 1453 1327 5817 9367 1464 9278 5818 2073
10 1168 6824 5820 56 9151 204 4769 9819 1454 5819
6 5821 1454 5822 785 8268 7280
8 1642 2716 2923 1455 5823 6673 5824 7101
7 5825 3902 5826 993 2771 1455 3799
12 2923 541 5814 5827 8031 3697 5828 6467 1456 4154 4772 4671
9 5830 3176 6828 7304 1173 6930 5829 1456 1311
11 5831 5010 1481 6019 5832 5966 1457 5162 29 8241 784
16 2965 1234 9365 9743 4189 9711 1743 7577 3149 6630 1457 5833 7013 5834 9852 67
9 3227 9826 1458 4729 5835 9991 556 5836 7085
10 1789 5837 3987 4337 1339 5838 1289 1458 9763 3022
9 5840 4352 503 3126 3537 9502 5839 1459 3067
8 5671 5842 1459 8652 3396 5841 2035 6081
15 9607 5448 5883 2165 4269 5843 1460 9865 8389 5844 8532 4584 7654 1764 8464
8 4929 5738 6824 5845 1460 5846 1372 1293
17 5054 2913 6591 4477 5847 5498 4343 4400 5848 6710 5909 2911 1461 7382 5906 9282 6875
13 5661 5645 9634 9618 7215 5849 735 1461 7456 5850 5484 5407 3248
14 1462 136 3723 6289 9546 217 7587 5851 2542 2579 8291 5852 4002 7690
8 3376 5853 9285 1462 3556 9420 5854 6493
10 1463 9534 5855 9669 302 6384 2977 5856 4653 3503
11 5858 8013 6395 7847 1463 3863 6323 7803 5857 9842 4365
17 4957 5860 3018 8060 6775 7804 5584 2637 7455 2395 3324 707 1464 6639 1240 7973 5859
11 5737 5794 9360 7600 3653 5861 5199 498 4695 5862 1464
14 5863 5331 5876 1465 5864 1758 4856 7568 4336 1957 4451 9826 8997 607
16 234 1173 5649 3559 5865 2651 8781 1465 5866 4057 8176 7619 8225 8421 5026 6941
13 3567 8402 9415 6187 1466 5935 1961 4931 1713 5867 5932 571 5868
12 5870 8493 4923 8010 1466 5665 259 321 4092 5869 2572 8626
14 3056 2767 348 482 5984 270 5871 779 2700 5872 5632 1467 65 9240
9 1467 754 1713 1207 478 5873 1765 5874 2669
8 1468 5460 5875 5745 6827 5876 1056 8784
12 1468 3810 2550 624 5775 7349 5877 5861 5878 9375 3016 4736
8 5880 6377 4580 1469 9957 5879 2855 4281
12 8466 5881 7361 5113 5882 191 231 1469 1182 4062 5603 1306
7 3577 8737 5883 5884 1470 7637 796
11 5886 4528 6663 2087 3838 3013 2295 3062 5885 4466 1470
12 6761 5887 1897 4123 1471 5888 6059 5592 8914 1560 7980 7346
13 3736 5782 2640 7051 1471 8576 6397 6344 5889 8662 8540 4739 5890
15 5891 2769 2960 7473 3806 5892 979 5746 614 2286 3742 2201 672 1472 9570
12 1472 5893 4235 5894 4581 6256 4374 7473 7554 9274 8933 2215
11 5896 6865 4861 8411 1670 4093 7102 5895 5151 8965 1473
13 3047 7223 4808 5898 1473 4296 9712 1635 8473 5046 804 3083 5897
12 5629 8345 1987 9761 5899 1474 3659 1194 5900 6819 710 4864
15 7117 2863 8776 5902 7850 9493 5281 6684 9888 1193 1875 1474 4449 2099 5901
11 5903 9070 6712 1457 6102 5904 8596 1475 9971 4307 7723
12 8212 1650 1286 191 5905 2266 1475 5641 7414 4324 5906 3495
8 5908 98 1476 965 7987 566 4634 5907
12 9124 7990 742 1840 5909 1476 9024 5910 7988 565 5020 1688
10 7552 1477 5911 7619 5912 9405 7726 1877 1218 3982
15 5913 1411 5914 7809 8114 1477 6029 8477 6416 8193 9905 6396 2637 5852 8511
13 8812 490 565 8862 6024 9432 310 3589 5915 1478 1338 5916 6551
7 1478 8021 1065 4534 5917 9491 5918
12 9968 378 342 6256 5919 2345 1479 7066 5920 8937 924 7235
7 2387 2945 5921 5922 1479 8512 4024
13 5924 319 9795 9092 5022 1480 5779 505 503 6053 5923 523 9278
16 5926 7215 9801 475 166 7672 1716 2332 6493 1480 9860 8441 3863 9466 1501 5925
3 5927 5928 1481
15 5929 8678 1481 5930 5987 116 3544 2076 6545 4264 6936 6058 8904 5851 2459
12 1274 2916 453 1482 5931 5932 304 4859 5392 8202 7759 4722
14 8809 3930 4862 3687 1482 6396 7075 5933 6100 3620 9231 1897 5934 8683
11 3278 2168 8605 4832 6898 1483 6561 6004 5935 7989 5936
14 576 9774 1108 5201 5071 5937 5722 7072 7987 5938 8057 4361 5618 1483
10 1019 5940 4379 9608 6152 5124 6958 1202 1484 5939
10 3067 1437 5942 2391 8152 9754 5026 9283 1484 5941
7 4665 1485 1359 5943 8802 5944 9742
6 2324 8164 3273 1485 5945 5946
7 3491 5947 5948 5261 8409 1486 1414
11 1486 7807 5949 3522 5950 9772 9101 1627 9431 1171 1192
13 5952 6612 7905 2537 221 1730 1558 7748 5951 194 2829 5138 1487
14 5195 7952 1487 3724 7164 6144 5953 8669 5954 1110 9415 1544 6626 6480
15 4282 940 4600 2271 4726 1249 1488 5955 2927 9078 7769 5956 4521 360 6103
12 5957 9934 2475 6767 6775 5958 5922 1456 3068 1488 6712 9392
11 5959 8005 847 5960 8709 1489 3757 1730 7678 8036 1378
16 5962 2419 9301 8679 6374 5557 5293 6159 2771 2010 5961 6827 3985 1489 1527 2441
16 5549 3996 5964 1490 5761 5737 6473 7412 4388 8389 1417 1332 8158 3881 5963 5402
10 2041 1451 1490 5965 4282 8804 5966 1365 518 844
12 8997 5968 2198 1060 842 2616 2459 5869 1491 9093 3491 5967
14 5295 5970 2758 8044 2021 1168 858 1066 7025 5683 1491 5505 5969 3338
18 3537 733 9234 4916 1149 7039 8092 8320 2316 6942 8178 2493 4901 5564 5971 5837 1492 5972
10 1492 8475 8101 57 2388 5973 4611 2269 697 5974
10 1611 8268 5975 8073 7028 1493 1206 5976 5034 8482
12 5175 9290 5977 8933 803 5978 1493 8487 4995 9614 9939 5597
13 6138 2543 1612 5980 4505 8388 1494 8710 6637 7710 7881 5043 5979
15 7614 4528 3857 2568 9985 9274 9620 5489 5412 5981 1494 5982 1587 9748 1089
10 1495 8242 8494 7246 5983 392 9293 8777 839 5984
8 5985 9941 2006 1495 5986 7767 244 4309
10 1496 6483 5987 767 4109 5988 1325 9534 3554 9393
9 5990 2609 1496 6776 8920 8347 8298 5989 6103
11 2478 8743 7178 5991 9886 1330 5992 7460 1497 5302 3424
11 1914 5232 2781 9168 5570 5993 5920 579 5994 8747 1497
6 5995 5996 1498 3260 325 185
11 5997 9018 8006 2568 5998 1498 9841 3429 1989 6638 5780
12 4956 5599 200 1499 3843 5999 1278 9260 443 6000 9119 4260
12 3624 4917 7739 3495 5203 1499 4704 6001 4318 6148 6002 3709
9 7409 6454 6003 2548 6004 1052 5415 1500 4786
9 6006 1500 1513 4145 7061 8664 7794 6005 9128
7 7630 3666 6008 2166 4810 6007 1501
14 1501 5146 6334 9083 2358 5013 6009 8278 537 6010 8759 1984 6275 2217
5 6372 1502 7621 6011 6012
12 1035 6013 4623 2721 1466 6014 3904 7934 7625 1502 7321 4089
11 3839 4270 8007 4868 6686 6015 6016 3 1503 2303 7961
12 6905 4897 7182 7406 9248 4544 7366 8647 5398 6017 1503 6018
11 9441 6640 1504 9564 6019 1604 6020 1329 3431 6229 8217
16 2737 7796 909 179 5346 6021 8249 1504 1115 4521 1652 6778 1982 3993 4294 6022
11 6023 1632 6024 9241 7070 6159 2759 2566 1505 8738 9641
10 6025 9490 3310 6026 2205 1608 2591 6979 1505 7480
12 1978 8973 7123 8526 1859 2942 5795 6027 4706 1506 6028 7057
9 305 1506 2118 8310 6029 8184 6030 8510 2106
8 2301 1363 1507 6031 886 6032 5402 9489
14 1804 6034 5022 5258 6617 2244 2349 7130 4666 1507 3219 662 6033 2938
14 2875 9219 9817 6036 5532 5223 4134 1508 3492 4078 5001 8575 6331 6035
14 3701 1359 2929 3283 6037 8701 15 1508 3021 2649 6038 5 6368 6665
13 1509 8843 2171 5936 9482 3985 1132 443 6039 3250 3482 6040 5849
12 6073 6041 1509 5777 52 6042 4266 3579 6832 3352 7288 1536
12 8492 55 5342 3854 527 1510 1212 6043 3018 7385 6044 7418
10 584 6046 4798 2251 1984 5901 1510 2918 7895 6045
8 19 6047 1334 1511 6048 5536 5805 7960
11 1229 4438 3251 8025 6049 6724 7920 343 8437 6050 1511
10 1512 5430 6052 527 160 3792 8818 1939 5005 6051
10 1823 5032 6053 1991 8859 8221 6054 7428 1512 9980
12 1833 1513 6533 4362 8107 1381 1449 883 6055 3848 76 6056
17 7556 1835 812 2611 6626 9822 8895 6057 5549 8916 6058 9953 1476 391 1513 3916 8430
16 6859 7294 3582 9913 4026 6059 6978 7926 6060 6182 4426 6764 4971 5870 1514 3931
13 1110 6062 1514 9759 4051 1843 3938 5658 9744 1067 6061 6228 6846
14 6063 1515 6425 6893 9768 3303 6064 3503 4125 6089 7943 276 5858 7770
9 3249 9015 1051 1515 3169 994 6065 7338 6066
12 7455 3296 1657 8916 8128 1516 6067 1902 197 6068 8243 8642
7 2397 7488 6069 6070 1516 6312 7552
9 6072 7162 1517 4573 6529 3688 9279 6071 2106
7 2758 6074 1517 4665 7040 4934 6073
13 754 7155 3061 1518 8176 5005 1477 697 1393 6075 6909 3193 6076
7 4099 729 5145 1518 6077 4057 6078
11 7949 6079 6811 7259 629 6080 7707 6613 2279 1519 4513
9 1519 4294 5181 6397 2507 7300 6081 9358 6082
15 992 2812 3947 935 3716 2669 4371 8998 5087 6083 3107 6673 9251 1520 6084
9 1520 1480 6085 2456 768 6086 7924 4746 5124
11 5138 2005 2280 4924 6087 1521 589 6088 3807 3930 5036
12 4516 7948 9318 3264 6090 5395 5331 1521 3620 4222 712 6089
10 6091 5148 8938 6092 7963 4743 1522 681 8423 9200
11 3091 2797 6336 5088 3938 7703 6093 1522 4667 6094 421
10 2948 1205 1523 1261 6095 1677 3160 6096 2595 6288
12 8698 6271 4787 1523 6097 9314 6098 3651 8087 6961 3619 4831
12 2828 6100 3897 9407 4589 6480 3776 3886 7257 1524 7038 6099
12 4967 6102 4606 5041 3663 8624 7503 6015 6101 1524 5117 7927
6 6103 4367 1525 6104 1355 9000
11 8181 2747 9409 9064 476 7662 6105 6016 1295 6106 1525
12 8859 7253 6107 1526 7705 8437 9645 6108 5340 1633 9480 3524
17 7079 7323 4164 2340 904 1526 6109 8569 5109 3056 1803 9944 5382 6110 6793 1250 6578
16 6112 7271 2164 3120 9215 5719 4357 1527 1730 5801 5891 62 4082 6111 8230 8661
14 2935 4648 1314 1029 6113 129 8525 1527 6114 1389 3054 1024 6871 8014
6 5029 6115 7689 6116 4177 1528
12 4979 1528 7667 8395 6118 4138 8237 8583 2794 8052 1787 6117
10 7532 1529 771 5342 6379 894 6119 6120 2850 7397
14 5228 9835 5814 9949 8067 3192 1529 6409 1319 6121 2640 505 4776 6122
14 1109 3264 3037 6940 6680 434 6123 9002 6124 5010 7271 1530 2159 1443
8 9381 8381 2590 6125 8947 6126 2942 1530
12 7323 9580 2017 6128 6132 1531 296 3703 5586 8233 6127 1181
12 6276 6130 1531 7668 3781 899 2169 5750 9011 6303 7503 6129
11 1590 9207 1860 6337 5402 1532 7712 5167 6131 7043 6132
9 6133 9382 6134 2733 6639 526 1532 5774 408
18 5728 2878 3451 5415 2970 6135 367 290 6136 1643 6307 5665 7885 5060 3828 1533 9968 2919
12 2825 4504 6293 1533 3887 7364 7047 4132 2978 6137 2481 6138
10 7640 6140 7242 4274 1894 2072 8834 136 6139 1534
10 1235 1534 2271 5721 2450 6141 6142 926 5923 5870
9 2164 5320 9041 6143 1535 3781 836 6144 5022
6 6145 8711 6146 4565 1535 1178
17 8328 1536 6161 2341 9780 8711 4564 1639 5797 2413 6147 5643 250 4411 6148 6847 6648
9 9399 4882 1791 1536 2316 4725 5156 6149 6150
7 3910 1537 8501 6151 6152 9414 124
15 5078 8197 9254 967 6153 4998 2359 1537 3799 2630 7199 6154 1620 1062 4151
13 9791 6156 8238 8893 5267 7792 1105 1538 4992 815 4081 6155 2443
16 210 1784 698 5676 730 6157 7267 5267 6365 6235 6158 9285 4573 2677 1538 2002
8 9247 5096 6503 5467 6159 1283 1539 6160
14 1539 8682 6161 6162 3361 7968 9448 9965 8851 2292 7388 1781 2843 6262
17 7760 2075 6163 8180 1399 1540 4171 9331 8343 4887 6164 207 4603 909 6873 1302 5304
13 1095 6166 3292 9578 6082 7749 3752 9795 1540 933 1932 6165 6877
14 8778 6168 3810 2009 2163 1541 4991 2269 7069 4735 4479 6167 2948 2128
11 9669 7709 6681 6169 9219 8585 6170 1541 9220 1130 3561
11 2672 6172 3448 2010 5144 9072 8007 404 5292 6171 1542
9 6173 1542 2566 6174 6670 527 4475 5683 7124
9 8747 8402 1541 8069 8724 2177 1543 6175 6176
9 3829 74 5395 2109 1543 6177 922 6178 8443
9 4613 6658 6179 2455 6180 9998 1544 446 2457
10 8497 5070 6262 2153 6181 6182 8935 5719 1544 9314
17 3622 1105 5017 6184 1545 8490 3046 5099 8429 2678 7426 6121 2607 46 4910 6183 6342
11 5171 8900 7461 9734 6185 1545 2613 5385 7044 6186 3674
12 1546 8487 3507 4751 6337 3125 7679 6187 9497 382 6188 4285
11 9039 6189 798 257 8056 6190 8044 7760 1546 7870 3622
12 5133 118 3511 6191 2535 8444 7501 9762 6192 9706 1547 5783
13 6194 4023 1547 7866 5943 8265 5415 6074 4762 6193 4681 8015 222
8 9648 6196 4912 2505 1094 6195 4723 1548
10 8574 1548 5757 9998 6197 168 6129 7235 6198 9464
13 6199 9045 8110 173 5561 6200 9258 8474 9100 1549 7519 764 9951
9 6201 9613 8572 6202 1714 8621 8532 3422 1549
15 1550 9437 6091 186 3872 2902 9276 5922 1026 6203 7781 7464 3146 6204 9412
10 6206 8113 7499 1550 3312 6081 8838 3224 6205 5722
9 1551 1498 1797 1614 6207 7842 6208 8640 243
8 6210 5544 1551 1991 9733 4480 2060 6209
12 9033 7964 6212 9710 6844 1552 1953 8947 5381 5068 1712 6211
11 311 3723 7830 4854 1611 6213 2854 2275 6214 7711 1552
7 9971 1518 6215 3041 1553 8310 6216
13 1553 7229 5680 6217 9076 9113 6218 5307 7141 491 6869 4552 3390
7 9679 6219 1554 9952 6220 2289 4457
9 6222 5560 9752 9626 2120 1554 4728 3155 6221
10 6559 7344 4026 6223 2570 3524 9676 6224 8111 1555
12 3934 4475 1555 8171 1275 2482 6225 8608 3908 6226 7446 7268
10 6227 1556 5894 1051 6228 1953 5815 5994 55 1263
11 2402 2579 6229 1556 1709 6230 4734 9276 1754 6101 392
10 2142 8823 4676 4924 6990 4209 1557 4328 6231 6232
12 6234 2351 6722 1135 6686 4117 2876 6233 1557 3611 137 1144
13 9076 6751 7975 6235 4532 6752 112 6236 3768 9737 1558 8192 536
11 1558 6238 6966 6666 4206 1693 4784 1714 4630 5700 6237
9 6239 1559 1279 6240 2116 9583 9571 6141 5291
12 5454 6617 3055 2800 9976 9346 3752 1559 2085 6241 6242 6775
16 69 727 7013 1856 9429 1560 483 5490 8820 7007 6243 505 7065 6244 2470 1775
11 6245 4835 192 6246 6681 8214 1560 3921 8247 8284 7093
10 6248 8705 6038 5481 9381 5307 3990 6247 6471 1561
11 3440 1561 6250 2445 6246 5222 6755 6304 8070 302 6249
14 6868 9373 3933 1592 6251 1562 3093 1574 6195 8452 6252 1084 1195 8526
13 9671 6158 3369 1314 2919 6253 4220 1562 3241 6254 3363 8198 4974
8 6491 6255 9114 6256 1563 4777 6640 73
8 6257 6258 6539 6417 1563 9081 9098 5398
8 4508 1564 9538 8347 1095 6259 7939 6260
9 6992 7972 6261 5216 1564 6262 4104 5674 9037
15 8518 6587 1565 9918 6263 5084 9784 2740 2833 7606 6264 2298 7781 2725 7509
10 8327 6266 5099 1565 3287 9740 6252 9651 5797 6265
8 8357 6267 3214 6268 5252 6838 1566 3648
8 1566 4291 8374 9667 1834 6269 6270 6730
9 1013 5168 7637 6271 1036 1567 1910 6654 6272
9 1567 2637 5492 6273 7741 3179 6274 3347 91
9 2826 6276 4589 4663 1568 791 6275 6576 588
12 2865 6266 6278 4404 2469 8028 1568 7146 4841 3817 351 6277
16 9705 8363 621 5327 5498 6279 7011 9036 4629 6280 4495 6837 4341 5183 715 1569
8 5226 1569 8605 5167 6281 7298 6282 8986
8 1570 6283 7987 3954 3515 6284 3476 2331
17 2152 2006 6285 9477 5830 1570 2113 7286 3196 376 6286 1640 5973 3961 7478 2095 4210
12 6288 5520 1573 1238 8152 9608 2833 1571 9035 1383 6287 7133
9 2799 5910 1235 6289 6261 6290 1571 5116 6889
10 4797 8668 8046 8217 6291 1572 6292 9012 6752 5931
8 1775 4716 6294 4360 3101 6293 1542 1572
12 6295 3937 5531 340 1573 6296 5792 2399 8171 2655 9022 391
8 7555 8739 3800 1573 6297 9684 6582 6298
12 6299 8458 5783 2916 1574 6300 1545 747 2698 9639 4842 1013
10 2634 6731 9744 1075 6301 6302 4115 1574 7742 2077
7 1575 6304 8122 2183 5419 8457 6303
7 6306 1575 3704 8779 6937 3494 6305
11 4891 1660 1576 6307 96 4470 6007 5446 6308 7467 4475
12 8242 4786 1083 7389 824 3963 5821 6309 3707 1576 4927 6310
7 3464 6311 6381 6312 3519 1577 3110
4 8783 6313 1577 6314
12 6316 1578 7971 7845 9350 8744 5207 979 2736 9417 6315 8413
6 6317 1816 1578 4830 6318 2341
8 1579 7400 6575 6319 7283 4002 6320 6276
14 1963 6321 7842 6322 4041 3047 3529 976 1579 4985 1092 1747 9963 9142
7 6323 6324 6857 6170 6520 1580 3195
8 1580 3952 9478 8613 8183 6325 5378 6326
8 3216 6327 8002 1581 5112 6328 1337 5606
9 2661 8650 6329 8029 1581 6330 7432 6253 1421
10 8747 6332 8565 1582 3651 6989 5896 6331 7360 1850
10 6333 1308 6334 3195 452 996 6201 4563 1582 6328
13 1583 8488 4829 6956 5505 3651 6335 1530 9507 7649 6336 2100 7337
5 6337 8675 1583 6338 7125
12 1584 2291 6339 2476 3032 3481 8434 6340 9658 3470 334 6907
11 6342 3659 1584 3998 7227 5564 6341 3731 103 8330 4626
11 6344 9402 9065 3568 6024 4971 1230 2608 1585 9144 6343
11 1968 3279 6345 9594 6346 9733 4427 1585 4591 4672 8409
9 5650 5544 4609 4585 5631 730 6347 1586 6348
9 1307 9374 6349 6350 6184 3326 4546 2845 1586
10 4373 1300 1587 2771 9229 1676 6351 8673 6352 1333
9 2914 5628 1587 45 6353 3454 4434 8151 6354
11 9831 825 6355 8083 6498 8686 6356 4189 6767 1588 618
12 9543 7990 1588 9824 8381 8316 5966 6357 715 6358 4870 6106
12 6360 3957 4112 3136 6110 8879 7314 7668 6359 4619 6664 1589
13 6361 8053 1589 5943 6362 7281 6253 3452 2330 8828 2670 6539 1903
12 3673 3775 647 1313 5260 1590 6058 6363 636 6551 6364 6466
7 819 3356 6365 9195 6366 5245 1590
11 6367 9974 9096 4827 6368 1591 6861 7179 6000 5317 6045
8 6370 9111 219 4714 6369 5670 1591 4544
10 3196 1592 6372 777 9093 3429 467 1132 5529 6371
12 3871 4539 1592 3360 825 6373 1466 7179 6374 6895 9839 9148
11 8833 3820 1593 1215 2197 4927 9420 6375 3212 1221 6376
10 6377 9366 1859 6378 6411 1593 9705 3521 5965 7352
10 9040 5999 1458 7460 365 6379 7445 1594 3810 6380
6 1594 864 6381 4462 2269 6382
11 286 6406 6431 4065 9180 6383 6310 1595 6384 7246 56
9 1705 1126 3060 6385 4092 4080 5666 1595 6386
14 9734 8482 6388 227 8775 900 1596 683 969 2713 3037 4760 1199 6387
12 3696 5660 6205 7783 927 2312 6153 6389 3848 2332 1596 6390
13 1249 1597 410 2361 7544 7227 3166 1304 6391 3573 6741 3161 6392
11 3185 7848 6393 1597 8069 6394 3142 9355 5038 940 7124
15 9472 1598 2514 6395 5074 5399 2211 6396 6990 3367 6238 9499 7540 6601 9610
11 6398 9476 424 2220 2666 1598 6230 7950 6397 3539 9902
11 6399 3456 3887 6115 5477 6400 5453 3393 4580 1599 9407
8 1599 6401 6755 1540 827 6402 8350 8432
13 1816 6403 8485 4334 7030 6404 1600 3940 6901 4917 6962 9911 5760
12 4518 6405 6332 5784 6406 9118 1600 283 7988 7822 6704 1719
12 6408 2872 4099 9698 4372 5519 1601 6236 221 6407 2552 1773
5 509 1601 2857 6409 6410
8 7467 8870 7118 9074 558 6411 6412 1602
12 4899 1717 1602 1537 8812 6413 1722 5905 5739 6414 9082 1160
9 7501 734 6416 7389 7548 1985 5560 1603 6415
9 7143 1603 8872 3509 1392 2624 6417 6418 8167
10 7743 8061 8305 1604 2067 9074 6419 3516 6062 6420
12 8949 3648 6421 4868 4986 3255 6422 7150 3796 6720 1604 1936
9 3222 7532 4186 1161 6423 244 6424 6408 1605
15 6426 993 4199 3187 309 8855 3997 2512 7811 5400 2080 2545 1605 6425 1063
13 756 1288 1606 8842 8305 6427 8578 6428 8713 4550 4363 1540 9182
8 8257 3133 6429 1606 9105 5145 6430 5109
10 6431 5643 6432 5481 5819 2550 4262 1607 6869 2619
10 9238 3163 1109 6433 2572 3738 6434 7382 5187 1607
8 6436 2217 852 7979 5268 6435 8798 1608
8 4921 6438 1608 7094 7769 3512 8949 6437
6 1609 6439 7875 3260 6440 3016
11 6441 9381 7824 7857 6442 263 5215 1609 1980 3972 6201
10 2884 7610 6443 6444 8014 1610 4534 5222 7504 4723
13 3211 8488 5618 319 8847 9258 3570 6445 8433 7011 1610 3242 6446
8 1611 4989 9064 6447 6866 9562 6448 54
11 2180 7005 1822 6449 989 5762 1611 6450 687 3102 5907
13 1313 490 8451 1612 937 6451 2341 6452 3301 6875 339 5498 2871
16 6454 2242 6129 1616 1910 1612 7309 9891 8647 7903 215 7758 6095 6453 4660 974
7 3351 2917 5438 6455 1613 6456 6542
7 9504 6457 1493 5457 5429 6458 1613
13 6459 9854 1614 9375 6460 6249 6420 8616 6457 3803 3917 3848 3295
11 5342 6461 593 6462 8507 1614 3795 7877 495 2379 5565
7 7574 4517 90 1615 6463 8667 6464
12 4331 6466 5051 7202 31 7069 6720 1615 9201 252 6465 1272
11 1616 2287 3709 8576 630 6145 6467 2812 2069 7655 6468
11 6469 8503 128 6470 1616 3868 893 6089 1681 8867 2446
12 4560 6471 8028 5223 4845 6472 4248 3500 437 4522 4148 1617
8 3735 1617 5712 7607 6473 887 6218 6474
9 6476 5379 4981 1915 1767 1618 8015 6475 9834
11 7208 6477 5957 167 6478 7828 1913 86 6987 1618 5687
13 2037 2014 6480 4305 6229 6368 3449 1619 7625 8394 3726 6479 2324
14 1170 9316 6482 1214 9780 8833 8195 5101 4854 5826 4350 1619 6481 8270
13 9140 3570 1514 1620 335 6483 9707 8024 3670 3126 6484 3878 9152
12 4482 4592 3430 699 1620 4541 6485 8884 9169 9275 3222 6486
12 8239 6487 933 2445 6488 8213 9319 4440 1621 1774 4392 8934
8 1915 9314 6489 6490 7418 3767 979 1621
8 3552 6492 1412 4005 6491 1622 4064 5471
9 9814 1622 5659 6493 6494 4807 2726 15 6593
8 6495 1623 6422 8671 34 6496 8220 3821
21 5586 9453 6005 8644 8404 8811 5977 4034 5107 6498 5181 9427 8187 1623 9704 27 7317 3593 2924 3301 6497
16 3032 6035 8076 7255 893 6499 9504 8679 6500 2379 1624 2850 7993 243 1035 6258
13 8755 5206 6072 1606 1317 6501 8656 3019 9425 1624 1711 6502 6913
9 6504 4150 1625 470 3024 8376 6503 4206 7248
11 6740 6598 8440 7452 1625 6505 6506 2721 3400 8072 16
13 3820 8386 7890 5699 6508 6265 8 1626 52 7393 6507 6857 7125
10 5875 2676 6510 173 1984 4389 6509 1626 6253 1431
11 9929 711 6511 3210 6853 5772 1627 6512 2300 2873 6643
8 891 4596 4524 6513 2684 9616 6514 1627
12 6515 420 6377 170 1628 6516 1935 6553 3382 6586 1414 5481
10 646 5824 1628 5191 7448 8066 6517 7953 6518 8807
11 2850 6520 7785 1629 8900 5802 1491 1597 6519 4653 3287
14 3694 806 8732 9513 7106 2997 1321 6521 6070 2329 3219 6522 1629 5848
7 7253 1272 6523 9471 6524 622 1630
8 6525 1073 1630 7754 1218 6526 720 4097
12 8340 1631 6527 5519 6528 7028 2282 6708 8615 6420 2043 4847
11 3061 7974 3044 2191 8483 1631 9736 4959 6529 6745 6530
9 368 9206 9613 6531 9963 6532 1632 3549 9502
14 6068 7845 7459 1320 9456 6533 2603 1835 8034 6534 7933 1632 2700 5421
7 6536 1188 1633 5712 9091 9136 6535
10 6537 6538 3985 1633 316 7344 5881 6979 9732 7984
13 8407 2791 480 1634 4098 3688 8124 6083 6539 9129 3482 4438 6540
19 653 1769 8885 8889 6210 2673 8288 1443 3535 1634 928 4459 6541 8261 339 6875 6070 6542 8079
14 9901 6543 5157 7048 6544 9207 9419 7793 4305 1604 1635 4505 5611 9750
7 1635 7884 8202 1636 1124 6545 6546
11 6548 2972 4606 9709 4533 4619 8555 6547 3766 1636 5685
12 6767 4925 5531 490 1636 5699 6549 5431 6550 3521 5188 5363
10 9425 6807 1637 6551 6238 6552 4991 648 8545 594
10 6553 5081 9757 7724 301 6554 237 398 1637 669
17 2063 7412 7925 5591 7246 4754 6555 1427 4563 6556 1638 9411 7374 7956 3886 2770 5249
9 6558 1190 2117 8628 2838 2967 6557 1638 7212
16 1889 1639 3172 6559 6560 4043 181 4588 7650 8780 1760 1420 4309 8444 7814 8676
15 8926 3413 4747 7366 6561 7935 1639 4980 7623 6562 27 7018 2193 2334 4201
8 6942 6564 7085 3629 7070 6875 1640 6563
10 9529 8675 6565 327 985 6566 5058 116 5283 1640
15 4093 3018 5626 337 4736 800 9546 1668 1255 6567 7633 1641 6568 1051 9203
13 7044 4389 1641 6569 6570 7904 5851 3558 1460 8039 2760 6031 1897
11 4497 2524 2678 6571 1642 6572 8784 5691 252 8863 5964
16 6574 6501 6672 4127 9986 262 8251 1642 7247 1400 5784 7813 9354 6573 4085 670
12 1663 6576 1643 5256 3132 2410 3460 1191 9181 3259 6575 4782
10 9443 5564 6577 4861 1390 1458 1643 3732 6578 494
11 7638 6313 4553 4277 5570 5717 6579 7742 5429 6580 1644
6 6581 9411 1644 6582 2896 5400
8 6951 1645 9941 1695 6583 2856 6584 4498
7 6586 3082 2723 9092 9142 6585 1645
8 7058 2463 215 6587 3969 6588 1646 6418
7 4925 1085 6589 6590 5379 5859 1646
10 6591 1206 9905 1932 1647 6592 1751 489 9034 3229
14 6593 6784 3033 5105 7793 6594 8399 1243 1647 5948 2513 5928 7636 3355
6 1648 811 5867 6595 6596 925
8 7231 6597 8594 6598 9501 1648 2455 3632
5 6599 6600 9512 1649 802
13 6602 1649 6944 6948 824 8742 971 5088 3462 6601 3877 7935 2751
10 1650 7441 5360 6604 3225 172 6590 1961 6603 3248
14 9754 7327 1650 7580 4120 1457 6605 1515 1028 1052 229 6606 3870 5968
14 8729 6607 3513 6156 3031 9263 6608 3640 1651 7614 4906 9391 4951 186
15 5462 6609 5247 9122 6610 1647 2823 9920 5468 1319 552 1651 109 9381 3575
9 1652 4478 7801 7041 4500 4110 6611 6612 5254
16 9769 6614 7903 8867 266 1652 7229 434 3741 6551 8568 9971 4104 6613 8451 8671
12 3666 1653 9359 5765 2381 6615 412 9409 1726 6616 4148 5389
12 6359 5689 2274 1653 6617 6731 8199 1955 6618 6464 2372 3870
8 6619 2422 6620 7849 8117 6906 8809 1654
11 1654 6802 6367 3012 6287 6621 4153 7073 2072 6622 1043
7 9588 5873 3792 6623 8648 1655 6624
16 1655 1472 9007 3102 6625 1977 8496 6626 7704 8887 621 1542 9864 837 1006 5164
11 402 8981 6627 1363 1656 1701 6628 5750 5140 5120 2558
8 9382 7297 6630 1548 6143 1656 6629 5389
14 6631 4753 6632 8633 8771 3457 7820 2682 1657 6275 5820 1898 9061 1083
7 5453 6633 6926 2316 1657 6634 6528
11 4907 1658 6635 9827 6636 6555 431 8889 330 3596 5764
5 6637 1658 6638 1557 1019
7 6640 2704 5670 1659 6639 6245 5985
8 8585 5052 6642 9030 3403 8124 1659 6641
12 7975 5381 8801 3532 5439 6643 6644 1660 887 6189 2674 1094
11 4643 5042 2330 5348 6645 4311 6646 7398 1671 1660 3496
9 6647 1661 6648 8690 6527 6312 2730 3971 8838
12 803 8940 5427 8440 1257 1661 2929 6649 224 7674 4214 6650
12 8344 1662 4267 851 4446 8939 8996 3370 6651 9660 2216 6652
14 6038 5079 2518 6653 4673 6076 9223 6654 3174 5520 8781 1662 9741 3825
11 4828 6142 7212 6655 1419 2294 160 6656 5969 1144 1663
8 1663 1779 6658 2568 1124 992 6542 6657
9 1983 983 650 418 6659 7155 6660 925 1664
11 6317 7854 6603 1664 9266 92 2679 6661 6852 2730 6662
13 5016 6663 9005 6651 1674 6664 3338 1665 409 8385 942 9561 5430
10 9449 3420 6665 6666 4389 8301 7443 1665 9355 7591
9 6668 1666 1799 1531 9472 6667 4036 8607 7383
11 1467 6670 1884 5264 1666 4691 6143 4631 1647 6669 783
8 2305 6332 1667 4190 6671 6672 6457 6974
8 6673 9646 6674 9805 1165 1667 1991 4037
6 6675 7635 6676 5684 1668 9776
14 9647 8879 3331 4798 7030 9185 5656 6677 6678 3543 5133 1668 2984 8000
11 6680 2543 1678 6987 6679 3845 5752 1669 6273 7513 7420
11 5326 608 1669 8116 6681 2159 6682 8077 2720 830 3748
12 5177 7999 3401 1595 1670 6683 1196 520 6684 9449 2449 5205
9 4116 1603 9410 6686 4560 8850 1670 8421 6685
13 1671 1507 4254 6645 7027 5206 5495 6687 9875 6688 564 4875 6209
16 9988 5105 8700 1671 7676 2483 7810 4655 2177 6689 1944 8434 3632 8735 6690 2788
12 3409 1672 7227 100 6691 3744 6692 576 1600 504 9564 7808
5 6693 1672 2685 6694 9927
12 374 6696 2514 5168 5644 9462 6649 8670 1673 3136 9508 6695
15 6387 1042 1824 6697 660 2582 3636 5592 6698 9333 7170 9882 7886 1673 6386
14 2198 7995 6434 1500 6178 701 6699 9090 6817 985 6700 1674 2224 4867
7 1674 6701 1589 5612 6702 1670 9831
11 3227 5434 6703 1675 6704 3663 8099 5265 4778 455 6722
10 5369 1675 9909 6705 4701 3020 1051 6706 4616 7678
11 5858 6708 4912 1676 1840 7803 5469 3713 3954 6707 4235
5 6461 6709 7600 1676 6710
13 6712 9908 9778 8119 1364 9608 427 3296 6442 6711 1677 4902 2768
10 3513 6713 8551 3182 189 1677 6714 8366 4402 5642
16 1356 2236 9914 3506 4535 5153 1678 8630 1916 6715 3886 7273 6716 2602 3923 9221
13 6873 8117 1239 4487 1844 3593 6439 6717 2159 1678 7531 3 6718
19 2636 2697 3844 6800 4857 6719 8065 4235 1231 652 6720 4671 1679 8823 9502 7669 7275 5128 158
11 6119 6721 7518 7498 3186 3628 6722 5954 6950 2563 1679
7 3723 1680 8643 6724 3080 4567 6723
14 9098 1409 9261 1680 857 1222 5993 6725 145 6726 5466 7816 4767 5987
9 3399 8783 16 1681 6727 9553 2832 6728 3126
11 8083 2817 6729 4286 7323 6730 94 1681 6040 9452 795
12 5466 649 4031 6731 5963 6732 3801 6891 9420 7176 1092 1682
10 6734 1682 744 9178 9435 1769 9087 6733 7900 7998
8 6736 4708 7184 1215 3197 130 6735 1683
9 3926 3540 1683 3427 6737 8514 3758 6738 8699
8 4690 6740 3126 1684 5806 8258 9254 6739
13 7676 6741 7091 6148 6742 6356 1686 6218 2427 1507 3325 1684 7895
8 7579 6832 5848 6743 570 6744 4654 1685
11 7157 1110 1685 5183 6745 9888 3720 332 681 6746 2346
10 4591 4246 1230 1686 261 6747 6748 8883 9530 1231
11 5672 7986 6750 1471 5629 1686 4715 8460 6749 7912 303
8 6752 6220 9681 1624 1687 9170 6751 5625
8 2926 6692 6753 6754 2647 1687 3425 724
15 4078 7656 6424 8266 8116 6319 7491 7251 6755 125 413 6219 1688 6756 7663
8 148 6757 1789 6758 1370 7202 2332 1688
7 4245 5677 6759 1689 6760 4663 5058
6 6762 894 1689 6761 4663 8034
9 5538 6157 9357 7023 6763 6764 816 1690 2897
15 2261 488 1690 5288 9057 6765 4029 3257 6766 50 2605 1607 7437 7458 9040
7 1691 5043 6767 4718 6768 6440 7966
10 6769 1691 210 6770 3445 6637 898 2795 6227 533
13 3398 4317 2003 5993 8193 1692 7767 3827 6771 5462 8422 2440 6772
12 6774 171 1386 6576 5198 2035 1493 2452 927 6773 1692 70
9 2225 6775 5165 6389 3905 6776 1693 4085 5663
7 6778 667 9036 5532 6777 1693 8973
14 7682 6133 6141 6780 6674 1694 3776 9371 6090 327 3619 2471 6104 6779
9 4776 1694 3422 6305 6781 4285 6782 8937 3108
11 9054 1695 8144 6668 5733 4859 3790 6783 6080 6438 6784
13 6785 917 7383 5834 6786 133 9368 3818 6787 1695 4198 6288 7711
15 5914 4849 4610 8786 1244 8778 9319 9303 3199 9706 6787 5986 7206 1696 6788
9 6981 6790 1696 7132 5730 4665 6789 9448 8318
11 1505 1697 9877 6791 9800 7283 6792 1121 5080 572 8915
17 7735 5548 8886 4308 9228 1852 2920 6793 5972 3549 3801 1697 8644 6497 6794 1359 2230
7 6795 8572 6796 1698 6061 4375 7445
15 3385 1774 1293 6797 6480 1602 7058 309 9583 6798 848 5323 1698 9723 2760
11 3363 1699 620 4122 9762 4603 6799 9161 9560 1221 6800
11 2823 9045 6801 1953 5691 7468 1699 698 5879 6802 3252
17 479 7656 8705 3341 1700 9641 6990 6803 5742 1266 6332 6454 6068 6804 5707 2587 3565
8 239 6806 7806 6709 8559 9202 1700 6805
12 6807 8483 6808 9675 3320 5996 5703 4626 8497 2786 1701 545
8 7636 1654 8442 1906 4491 6809 6810 1701
9 2554 793 1196 6802 6811 5620 1702 6812 6011
10 2678 605 1702 332 6813 6748 2768 6814 9942 6214
12 4661 6816 3974 2115 6329 9419 1703 2422 7205 9283 6815 2326
10 3776 6818 5590 6742 6612 2379 1703 9016 6817 8415
12 3345 9843 9876 6819 1521 2101 4238 6820 8536 6227 2308 1704
17 7173 2625 1704 4299 9150 1994 6821 9334 1715 7879 8070 6822 7363 8794 2309 4684 5867
9 1705 78 6823 4278 6824 8801 8411 6342 8595
10 1538 1705 6825 1333 1180 3849 1171 6826 9426 5287
7 3280 8302 1706 6827 6534 5571 6828
8 8947 1631 6829 9936 818 6830 1706 1249
13 6948 4301 9071 6831 2375 4827 3758 1810 1779 6832 7312 1707 3621
11 2653 2196 6834 9075 6827 7108 4917 7418 1707 9354 6833
9 6835 1708 2879 4441 6836 7117 4097 4866 6440
9 1656 7784 1708 8199 228 6837 2907 6838 1340
10 6839 2268 1709 8828 6840 905 6771 3799 1175 5321
11 6206 3332 1906 6841 8338 6842 1709 1733 1369 1469 4652
9 6844 7503 7434 948 5330 6843 1710 4006 4681
10 6846 5801 5057 1710 4399 3390 1165 3100 4035 6845
8 6520 6663 9778 5895 1711 6847 6848 6210
10 971 3779 8158 7731 6849 1711 9798 6850 2995 6505
11 6851 5627 6852 9280 5499 1712 3515 3816 6963 1229 3376
9 4350 1261 7051 8105 6072 6853 1712 3666 6854
17 3778 1713 6856 5718 1086 5438 3368 7313 5211 694 7464 5899 6838 7814 6631 6855 9051
10 2403 8673 8698 6905 405 1713 6857 6858 4667 825
13 2792 6211 6012 1714 258 3185 6859 2998 6860 409 6027 5360 8703
13 3938 82 3242 6862 1662 2336 2677 1714 3762 6564 9845 6759 6861
13 6863 2603 890 8282 2532 2446 2771 6864 439 1715 3009 2528 4756
11 1715 7326 64 4318 5900 4169 765 8341 6865 4401 6866
8 6867 1716 5965 2084 6868 1761 9826 7911
14 5441 6869 9825 8028 1213 6971 5898 3938 1613 6870 1716 6879 3582 4993
10 6872 9455 7646 1717 4085 6533 3935 2087 1934 6871
15 6873 7979 2064 2015 9529 6874 3829 225 5379 803 1717 1315 6226 3628 6584
12 9967 8123 6875 1140 9811 6054 2872 5054 4591 6876 942 1718
10 6877 1718 6878 919 4939 613 5274 9393 4831 9837
9 799 1719 6879 540 9828 6746 6880 6300 9822
6 6882 3124 4321 1719 6881 8191
7 6884 1104 1720 7911 605 5362 6883
9 9979 6885 475 6886 8598 8655 9225 1720 1526
12 9195 4149 9785 6663 3524 6208 6887 9774 6888 1721 2760 5230
9 1721 6889 4145 6890 9216 5195 9754 9828 8068
14 4624 6434 1722 7760 2223 3703 3384 6891 9388 4021 423 1254 6892 3587
15 8261 9916 9701 6717 421 7148 1722 6848 6893 3868 5214 7349 8516 1867 6894
9 6895 9416 8160 8412 6896 4986 8316 1723 839
14 2380 8514 1723 3851 3085 6897 2471 6552 8406 9866 6898 4625 9395 508
11 6900 3672 9572 9499 3239 7374 8797 8440 6899 4244 1724
8 6901 1724 6902 7976 8114 1953 3780 2265
13 9857 3067 44 7166 7919 5081 3894 1725 6903 179 6904 5786 272
7 6905 6906 3180 6964 1725 7546 7559
9 4715 5805 6907 6908 2713 2116 1726 7364 5718
11 1607 8197 9421 3176 5014 1726 6909 7771 6267 2788 6910
10 6912 5493 1727 5063 7386 2155 6911 1790 4256 1340
14 3199 6977 8701 7685 4392 1727 6913 6299 4084 6914 5605 3487 7602 600
10 9763 678 1728 7020 3991 3315 4463 6915 4895 6916
9 6917 6918 6597 1892 1728 7989 8526 837 7136
11 6242 9926 362 8170 7914 6919 793 6773 1729 6920 2650
9 8931 1729 3562 401 670 6921 3526 3287 6922
9 7906 1730 6923 9932 7773 6924 5196 393 3677
11 9062 1841 6925 832 7263 1730 1273 5442 6926 3300 4788
12 3760 8229 6273 6928 1277 1356 759 1584 1731 2674 6927 3825
12 3155 2023 6335 1393 9946 6929 7202 1731 6389 6930 832 6260
13 1732 2654 7202 930 6137 2695 4532 574 751 6931 6679 4516 6932
12 3997 6933 1732 8763 5303 7690 8239 6934 2759 1294 6070 7229
14 6947 1733 6935 6675 2515 9639 5752 8253 6936 6661 821 4140 4315 2866
9 6931 1733 8501 7302 6937 9446 6738 6938 6889
10 6940 4749 5534 8116 8487 1734 2229 4324 864 6939
11 8098 5488 7501 7530 599 6941 4827 3169 6942 2038 1734
16 7805 928 3683 6944 5822 1735 797 8461 3879 4705 8556 9585 7943 4841 6943 4825
8 8811 6945 5327 6946 1735 6378 221 5363
10 5680 6062 1736 7267 7751 4478 6947 1638 6948 7493
8 6950 7125 1011 3735 9404 1736 6949 9617
9 5580 6036 6951 6952 7026 1821 5953 1737 4323
10 1737 9860 1283 6140 6953 6954 3141 5137 6101 7394
10 6955 9090 5496 6956 8835 6140 5156 2126 1738 623
9 2157 1738 127 399 6957 5457 9153 6958 7650
10 5322 580 9283 91 1739 428 6784 6959 6960 3642
16 961 9347 7481 6961 7628 1356 7568 6962 5112 2369 2003 8650 499 1739 655 5411
10 6963 3169 2719 6964 5001 1740 5249 5323 1592 4156
9 6966 5173 8170 476 3269 3019 2045 6965 1740
9 8027 2003 1741 6967 8557 4122 6968 8250 1781
14 4418 54 648 1741 6969 7132 6970 5738 9593 3608 2394 6979 5239 6609
13 1613 7313 3837 4219 6972 4692 5782 6815 1742 4669 5787 6971 995
14 1346 1742 1408 2732 6973 9425 1428 6974 9210 8902 1627 9471 1764 9651
15 881 4534 1298 8889 5376 8731 3543 3511 6975 2449 3456 1743 4987 5089 6976
6 255 1743 4303 8319 6977 6978
11 4205 614 8280 852 6979 1744 543 2624 7110 6980 7659
9 6982 965 7508 48 7846 1744 201 6525 6981
12 6983 1618 5788 2973 8350 8838 6984 9383 1745 140 3823 2983
12 1664 5073 875 6985 9311 3017 2103 1745 6986 1088 9873 6743
7 1746 2271 4632 6987 9549 4967 6988
11 1823 2158 6989 1746 6990 1583 1463 3152 4930 4471 8590
12 5603 8559 710 1747 3701 1646 3000 6991 6992 7192 5863 2952
9 6994 1747 2121 462 6675 661 9034 6993 3322
8 1838 6120 8690 6995 6996 1748 9119 172
14 4454 9708 5484 3622 9034 9896 6997 4046 6998 9121 9556 4055 5478 1748
14 6999 5999 9313 1749 3861 9399 4467 7000 1848 5297 4419 108 6575 6258
9 4764 2161 7001 3235 7002 1749 6966 4491 5463
13 5878 7326 9184 6375 2231 4062 3635 1750 7617 7003 4836 9301 7004
8 3940 7677 7006 8433 1750 86 2546 7005
13 2501 9739 7007 3031 9410 6011 7008 5459 9086 891 1751 2439 2927
8 1751 2611 7010 8202 8459 5967 7009 7090
9 1752 4161 7012 4386 577 8006 7693 8242 7011
9 1752 6890 3357 4626 7013 148 1533 7636 7014
8 3093 4241 685 1753 7015 6023 7016 99
7 7017 8416 7018 405 1753 4043 2603
9 1070 676 3208 1593 1754 9910 7019 1159 7020
12 42 9929 7022 5607 4156 8259 8475 8809 7858 7789 7021 1754
9 4407 1755 3095 1932 6010 7023 1148 3487 7024
7 407 1755 3218 3670 7025 8249 7026
14 3356 1979 7027 3303 9561 7028 7354 4032 9229 59 1756 8315 7010 3591
15 2761 1756 2476 8533 2032 7029 9782 7030 7433 6205 714 1147 6869 1741 4523
11 7032 83 2583 9867 3141 4241 6994 3425 116 7031 1757
9 1757 4491 7033 7034 3209 2815 822 9528 2060
11 9612 9263 1695 5380 7035 1758 5405 7296 7036 452 592
14 7017 7802 7038 2558 6782 9535 1272 4449 5336 1758 4678 1540 7037 7212
13 9218 3839 7039 5242 6824 5340 7040 274 2319 374 3155 1759 1874
8 1625 8504 6638 8907 4268 7041 1759 7042
13 7044 1760 8439 8923 2061 8578 9493 7908 3188 3274 8401 7043 7381
10 622 7045 1760 2974 6716 7123 7046 6188 9584 4889
14 5206 7048 1522 18 1367 1978 9172 2899 1761 55 7047 4750 6336 7580
16 4366 9127 7050 3443 3937 3111 2753 5682 3893 3053 1761 9403 7049 2316 4268 7895
11 8590 852 9059 9657 7051 7726 1762 2622 1011 4966 7052
11 1762 7584 8568 7662 9008 6833 743 9102 7053 3460 7054
8 2431 4989 7055 1763 7056 4409 4576 4637
10 440 881 8243 1763 7296 7057 1473 6025 7058 6013
10 7060 7105 9630 3160 1764 5931 4842 5851 6221 7059
11 7869 7061 2084 4293 7062 208 1764 7176 7347 9567 3648
6 6395 7063 7064 8943 1765 7931
11 7065 2642 525 1765 3321 6818 7066 9201 2861 6108 9975
18 2559 4928 1766 9283 5152 7067 8779 3994 7068 4718 401 4597 4097 4565 8220 9871 8928 1418
15 5241 6640 6238 9568 8942 1766 1316 2774 3551 7069 6614 7070 6346 9542 6058
12 7770 7575 7071 5734 8527 7072 3270 7296 1767 188 6971 7366
9 782 7073 5081 7777 7074 251 7436 1767 3957
16 2985 9072 5726 1768 7076 1920 409 6329 1826 2919 804 4821 7526 7075 9234 606
7 5947 7078 9502 1768 1566 2723 7077
10 1769 7436 6558 283 6867 7298 5493 7079 7080 3198
11 3368 7595 8133 1671 702 1769 8321 7081 2542 7082 9050
11 2371 5786 8368 7083 7084 8906 1632 9541 1770 5744 2240
12 4635 880 1770 8738 7169 3977 7409 9223 7085 6488 6114 7086
13 7088 8211 289 1722 6553 2223 3487 2225 7087 6981 4867 3338 1771
14 148 1771 7621 8341 2561 7089 7553 7931 2964 2434 7090 6717 1379 8494
12 8455 4841 2604 9094 850 5505 1772 7091 6705 9478 7092 1876
11 7093 8183 8602 1900 7094 1657 4680 1772 2536 6393 8552
12 2121 7095 8246 9893 7096 4734 5222 2450 1773 4068 3865 5760
11 7428 1259 4017 7912 4457 3718 4377 9264 7097 1773 7098
13 1774 6399 2401 7099 2771 6713 7100 5303 3396 8857 7194 2557 3265
6 8722 5128 7101 1774 1062 7102
10 9096 9881 7104 1903 3534 5410 706 5439 1775 7103
13 7105 3245 6475 9960 2260 7236 7106 9513 6574 9726 2334 2201 1775
8 1177 9045 4695 4809 1834 7107 1776 7108
11 9967 2265 1776 1112 7109 5633 4231 7110 5094 8579 2993
12 5578 7111 1777 7112 296 3600 3795 8154 8008 8931 4690 826
10 7114 462 2926 671 8669 1777 1473 7259 7113 2200
13 7811 7116 1439 1470 9959 2529 1778 5182 3914 8720 8318 1112 7115
9 7973 776 7117 3284 534 1778 7118 9485 9453
13 7796 9837 1779 2932 6138 3951 4590 7119 451 7120 8889 7360 8483
10 7121 6751 1779 7122 1707 862 5643 8807 2255 2372
15 829 7710 4523 2027 1168 1780 7521 9058 7806 4350 7123 5460 7124 6132 3084
9 7126 9607 1256 7725 9848 3460 4055 1780 7125
13 6565 4264 5045 5720 7127 8831 6985 9941 7128 1781 5677 325 8902
11 2130 6193 5055 7206 7129 4910 7366 7447 7130 4390 1781
12 737 1782 7132 2570 168 7141 4323 7576 691 2777 7131 3401
9 6917 7637 7133 3596 4137 7134 1782 5216 2574
13 2933 7389 2179 313 1783 7135 4842 984 4611 7136 6392 1912 8657
13 9068 6572 7137 3171 4983 7138 5837 1405 9135 1783 7725 6733 133
12 7139 502 813 2724 7140 6417 1784 9557 9695 6959 3637 2852
14 3241 5678 1784 7142 6004 4403 331 5298 3222 2010 9816 7141 8735 5942
14 824 7144 7376 2643 6714 3632 2805 8906 5865 4511 8549 1022 1785 7143
14 2680 4029 1785 7145 5352 4604 4523 3645 2285 2828 5117 7565 7146 2379
14 7147 9904 7148 7530 9409 7486 1786 9947 3195 4670 5296 4829 8728 7285
11 1155 9255 7149 9357 8081 7150 6829 6643 1786 245 4786
11 4302 1787 1490 4771 1115 2074 6000 5236 7151 3304 7152
12 7154 236 6378 8163 1787 715 2582 1442 5884 7657 7153 8568
8 597 1788 2941 7305 7155 8342 7156 9158
9 9185 1536 1788 1905 7157 7044 7158 9903 9851
10 7159 4797 3728 7379 7160 16 611 4608 1789 3020
10 8550 5265 5160 3644 7161 7162 3787 2123 8293 1789
10 967 4263 840 5882 7163 7493 1790 9652 7164 5798
11 436 1790 4558 3029 4689 7165 7166 7745 3434 5789 607
8 7167 9700 8521 1791 9010 7168 9319 6027
17 2553 7170 7150 1261 4565 7224 7448 9176 2820 2180 1791 3944 7169 1880 7808 9528 8487
17 9440 7172 649 362 7669 1408 8088 5193 5742 299 1792 1081 9837 3706 5792 6451 7171
11 7980 8619 4232 4712 9949 1471 7173 6181 7174 1792 4816
10 1793 7175 7176 8770 9579 6229 1059 7414 6593 3445
7 8482 7547 7177 1793 7178 5780 9038
9 3936 6506 206 2957 1019 1794 7179 7180 2030
8 7080 7182 9135 1851 5496 7181 1794 9771
10 5913 5653 5027 7183 4756 1795 5891 7184 161 3513
15 6923 8558 1646 6892 3733 2791 1108 40 7185 2286 6100 7186 1324 1137 1795
15 7187 7188 1796 2314 3358 468 7510 5014 8649 2087 9259 3248 7613 6007 1805
13 938 2805 8652 8160 9506 570 418 1796 7189 468 5543 7190 8260
9 8819 1797 6336 8674 7191 6622 5093 9261 7192
10 9762 5444 3566 4005 7193 8324 1797 7194 3317 2098
10 3819 2533 7195 1212 8220 2097 9184 7196 4163 1798
15 4392 1798 5653 7198 9134 8143 3659 6509 2537 7197 5888 1612 6571 9153 6738
12 1799 6381 4243 7199 2208 2470 9330 3703 7200 9973 7823 506
15 2035 1461 995 1799 5895 8745 8351 1195 8246 7201 3555 7202 5974 1887 540
6 7203 7204 4927 1800 1186 8820
12 7205 5111 2323 7303 6071 5327 6584 9487 7206 7263 3868 1800
10 8818 7208 1801 7790 7604 5490 7207 4316 2237 4825
14 1577 7210 8637 4750 964 1801 6309 7525 6542 8461 7209 7510 369 6713
10 4347 1802 8300 7211 2434 2411 9115 7212 2053 3639
10 7775 7214 6869 9626 1802 1864 7090 3618 7213 6599
13 5369 7215 101 9334 7216 3744 1015 5091 1803 773 4091 8052 3864
11 1803 9098 1661 6846 9949 7217 2788 3484 532 2368 7218
9 6754 6087 3965 1001 7219 7971 7618 1804 7220
10 6972 596 6330 1804 7005 1239 7221 7222 5848 1421
12 9291 6075 8255 2682 627 1805 7223 6646 7224 1826 6090 3116
12 1538 9828 7226 5832 1046 5422 1805 7541 6907 7196 2352 7225
9 8640 8868 6494 7227 1562 7228 9139 5273 1806
12 4649 1806 9472 1215 3756 2059 7229 2585 3753 7746 7230 2234
14 251 7751 1807 2514 181 7231 6150 7988 7232 396 6606 2533 584 329
14 8822 2653 7233 4094 2545 3708 1807 2326 7986 4709 6616 7234 8527 9447
7 7236 2833 8197 4871 2605 1808 7235
13 328 5199 7237 8904 1510 7238 8263 2823 7271 8430 3606 1808 7780
13 1521 7006 7239 1240 6467 4166 1809 7240 3048 3389 2366 4972 8302
11 7241 987 6428 7242 2479 5775 7552 3044 2966 1051 1809
14 5108 7243 1810 267 2328 7313 7244 344 9168 6196 5716 3989 6124 3415
8 3091 6222 3498 6671 1810 7245 3094 7246
8 7248 5870 1811 2092 7247 4539 5080 9406
14 2878 3000 7249 753 8465 8876 7213 6225 8136 1811 4431 7250 4266 532
15 6727 7252 5780 2267 1523 9436 5765 8290 7485 6416 5656 7494 4445 7251 1812
18 3712 7254 1812 1532 1911 8454 5059 1686 6653 1516 2397 824 7504 807 6297 2107 2363 7253
9 2047 3700 6640 7466 7255 1813 9073 4133 7256
16 8447 8435 2749 2535 1976 3360 7257 4110 9835 1813 4326 9173 1321 7258 3436 6250
9 5738 7259 3281 8618 7260 1814 4691 4000 5208
14 2252 7261 7192 6257 5928 4253 7197 7262 2544 5429 1814 6076 3958 5792
8 1815 7264 9444 4740 4781 7588 2451 7263
11 5438 2677 2132 7265 1815 3571 7266 8730 3344 8080 3298
11 2716 1307 9119 772 7400 1816 1142 6299 7267 7268 4731
11 7269 3996 9331 9762 2123 7270 1816 569 5800 8594 4260
15 4579 7271 2760 8747 3501 2818 9122 7272 790 9298 8444 9880 1817 476 1032
17 1555 1817 2582 6263 6751 9276 3348 7273 8460 2301 6724 2662 5371 6290 8990 7274 9852
8 8207 7276 2572 171 7275 4043 1818 3569
6 1818 7671 7277 6236 7278 7877
10 7280 1992 8720 6118 6842 1819 2445 5063 3605 7279
9 7281 9514 7282 8034 3303 7771 1819 3856 5479
13 8037 1820 4480 7997 6879 6180 9323 7283 4547 6633 420 7284 269
13 7286 7067 93 2842 1820 9792 5401 1970 708 6496 7285 2480 3479
11 1821 8218 7287 6994 1938 829 7288 4690 8293 1275 4261
12 7290 740 5750 7710 1821 3580 5532 7289 2747 1584 5399 4380
13 8072 8853 2723 7292 4080 9492 5955 6309 1822 3572 2672 9511 7291
15 2696 1617 8186 4108 5995 7097 5870 7293 2452 4468 7294 8965 5497 1822 8913
12 2906 4606 8758 5152 7295 9479 7296 6304 1823 1832 1179 1241
10 880 7297 3210 7298 6242 346 3133 3530 1823 2677
14 2352 2382 243 9779 7299 1824 1605 1344 289 7300 5797 1703 4049 4671
7 7302 5400 3863 1824 7301 5142 5362
14 6729 2457 7303 690 44 7271 7759 3167 4600 7304 7288 3048 3165 1825
13 5990 1825 1505 7207 9545 7305 4463 7407 1061 7306 7294 875 1198
10 9914 7308 5536 2930 8370 4927 757 7254 1826 7307
11 7309 1826 1029 3935 7310 8469 5871 2708 7648 202 5357
19 961 7911 2409 1983 6326 8384 1827 7734 8783 8112 7311 4148 2281 964 647 6092 7312 8292 9195
9 6978 4926 4934 7313 9521 5284 1827 2693 7314
9 2693 6997 7315 5409 7743 7316 1828 1720 8379
11 7318 8985 7257 6766 5531 4958 4011 7317 7659 108 1828
10 7320 3170 1829 6808 2949 5342 3598 7920 6786 7319
10 8405 6205 1163 7003 7321 1829 7322 4777 6172 902
10 7085 9049 1830 6143 1017 7323 3802 4888 5494 7324
6 7325 8541 7326 1830 7404 5291
10 7328 8435 3050 3351 8184 8664 7327 1714 1831 9438
6 1831 7330 3834 5007 7329 7033
10 2847 9254 7331 4554 1832 474 7332 5593 1967 4711
14 3307 2229 1936 3003 7324 7333 7752 1832 692 7334 9676 3426 1805 2310
11 7335 9287 1494 1122 7336 8178 643 1833 2870 4044 4167
7 1854 7337 6166 7338 7335 8291 1833
10 1834 1438 7288 9082 948 7339 6782 9092 2873 7340
17 7918 2857 7341 1834 2584 2561 7342 3512 9103 9591 4289 381 1527 3241 2742 7352 6307
6 1835 603 7343 4001 2492 7344
14 7366 7346 8269 7171 5057 6521 3449 5595 1835 2014 5274 9284 7345 4841
10 3181 7348 3848 6183 1580 1836 6895 9180 1113 7347
13 2013 9872 3905 7349 2325 2729 7350 6480 3092 5106 837 8774 1836
4 524 7351 1837 7352
14 1837 4043 7353 9695 1985 1351 1504 1798 1047 7533 7354 1873 5782 6258
14 1159 7475 8118 4483 1838 8448 7355 8648 2330 5965 3461 6018 7356 7466
8 7358 370 1838 7202 2115 5198 6922 7357
13 8561 2896 9676 795 7359 9608 7360 6860 7739 9577 1839 9260 9886
7 685 1839 7247 7361 1410 5796 7362
5 7363 3729 7364 4564 1840
17 7365 4625 1778 1840 7760 2305 9277 4833 7366 8822 9578 4012 8127 351 536 4936 8181
18 7368 3471 8003 5259 8244 4678 2260 4235 120 5516 1841 5317 9810 7367 8737 5936 1576 5294
13 4343 2813 7828 7369 7370 5439 2880 8123 7644 1841 6835 56 5396
11 7561 9461 7371 6579 7636 7372 5872 8397 1842 7166 6430
7 7963 7374 2159 2178 7408 1842 7373
8 1378 5692 1843 5965 2966 7376 2260 7375
15 3992 6477 3269 812 1843 1680 7377 4242 6873 3035 653 7378 8801 7976 1313
9 7379 8538 2513 4749 7380 7194 939 1844 5349
10 5136 7381 4011 2799 6215 7382 807 5887 5851 1844
12 6205 8653 9377 416 4548 5451 1948 7383 7440 5525 1845 7384
12 4381 9569 1845 449 7386 2303 5870 7037 5033 8160 2076 7385
12 8484 8326 473 7387 876 5639 1846 799 7388 4412 7389 8776
8 3260 2723 5753 7389 4267 1846 7390 4280
9 7391 7392 1847 1786 6401 2666 9061 5162 7821
8 3194 3858 2106 7006 7393 1847 6605 7394
15 1848 5677 6922 2913 7618 2634 1440 7395 9123 4858 9798 4244 9648 5180 7396
10 7636 7128 7397 1848 7633 289 8032 7398 7366 6513
8 9496 6231 1849 7399 7400 7083 4612 970
11 7401 3627 7402 6817 9102 6313 1849 6859 5497 8738 7303
14 3018 8326 9123 3495 7404 8295 7271 6210 8345 1850 9313 9789 6650 7403
10 6289 9469 5281 3936 7405 8007 1737 5991 7406 1850
13 9651 7407 8891 1851 3980 2437 7408 3445 6778 6335 3599 3063 2009
10 2504 7490 7409 3152 1851 9089 7410 8102 6976 8099
15 2342 4546 1852 6056 9187 922 1161 8159 7411 5285 8237 7412 7493 1823 9941
16 7194 7414 4946 1291 8196 5773 6338 1852 4029 3585 1720 6730 4640 7413 6905 9418
10 373 1493 2492 7415 3154 7416 6900 1504 6738 1853
11 5738 1853 7418 3616 1178 602 6599 6945 4534 7197 7417
11 7419 3233 1390 1854 167 7420 248 8035 4579 6783 3000
7 9736 7220 1854 7421 371 7938 7422
9 4582 5779 1855 8573 9647 8899 7423 511 7424
11 156 3626 7425 4681 7775 6808 7426 3828 1855 1977 2643
10 8670 2820 8919 7427 2401 3353 6045 3805 1856 7428
13 8706 4047 7430 732 1678 1040 3809 2804 2835 6168 1856 1485 7429
14 171 4201 3998 3868 4677 534 1857 7431 1221 1752 7432 3789 5766 1750
13 4418 54 2890 2330 1857 4115 3041 8181 7433 5372 2728 691 7434
11 880 2465 2667 7435 1187 7436 302 9645 2236 1858 1622
9 4736 1858 5123 7437 7324 7438 3548 9476 2904
9 6972 7440 4472 6932 1732 6304 7996 7439 1859
14 2822 2602 1859 4124 7442 721 8654 229 1090 4699 6903 3372 7441 7376
12 2442 6893 6121 1860 7443 8122 7748 5415 918 8111 7444 1524
15 5278 2512 3795 7446 2714 6243 8528 9447 1743 5874 1860 1122 9839 4590 7445
12 3361 7447 3106 6577 2925 9550 7448 1861 1425 7084 2896 2860
13 157 4930 2976 4898 7102 1649 2801 8835 7347 7449 8673 1861 7450
10 7452 1862 4997 6718 9646 2460 8837 5922 2413 7451
9 5496 7453 722 1862 6620 7454 3239 5845 9700
10 148 1775 1863 7455 5308 1312 8496 7456 7160 7896
11 78 3579 7458 1863 6130 8452 136 2287 9912 8957 7457
15 1063 2619 3681 5018 5547 6596 8938 8682 8955 7459 2313 1864 2407 9619 7460
9 2151 5524 5655 7713 7461 4420 9247 7462 1864
13 4490 2161 8353 851 7463 1865 7350 7464 7863 925 7734 3170 1323
14 7277 2115 1897 8432 1866 7668 7465 1865 7466 3288 6593 6044 9846 2590
9 8041 7468 1866 8437 3592 3758 8792 6511 7467
6 7469 4184 2579 426 1866 7470
9 6001 4989 3236 4510 3474 7471 8492 7472 1867
14 2944 7473 1719 6660 5473 1867 2221 7474 5580 7101 2475 2133 8423 9009
9 56 1868 5275 2009 3958 7475 7476 6696 4074
14 7478 6380 8645 5718 8475 1868 3216 3739 5130 4122 9123 4419 7676 7477
13 7480 1345 5293 7652 5538 3738 6498 312 1070 1869 2363 2518 7479
15 5882 5118 5086 8981 7245 2576 7481 9803 6632 7482 149 235 5206 3897 1869
14 9366 7081 1870 7484 3837 8997 3306 1533 8360 6173 1035 122 9727 7483
14 2779 7485 1025 166 2142 4493 7486 7230 1870 2945 4360 2642 4438 742
12 9416 1277 6258 6693 7059 1871 4169 7487 4328 7488 8139 1184
12 6495 8467 3607 3345 5833 7358 1871 1476 9148 7489 4822 7490
14 398 1077 7186 2395 7491 2323 5861 6142 7492 3967 9977 1872 6806 6819
9 1872 5691 7810 7493 4139 946 7494 5323 2076
9 7142 9549 314 717 7496 9816 7869 1873 7495
9 5158 1873 7497 9437 2196 7498 3953 5051 3340
9 5509 6241 4001 6396 324 1874 7499 1747 7500
10 7501 8575 8701 7502 621 4921 4259 5816 1874 4264
9 6856 7503 9467 7504 4280 1875 9697 9482 2160
9 3082 5556 3120 9046 9859 7505 1875 4891 7506
15 1876 1572 7507 782 9512 1245 7508 2747 2462 3614 4581 4886 4935 5635 7050
13 7617 4430 7711 1876 7509 6399 2152 9604 7510 4969 6754 7767 6970
7 7512 8554 6196 1877 1171 7511 4738
11 5187 7513 3614 7514 1304 8629 8373 9036 9642 1877 8281
14 9266 5566 4940 6176 7469 1863 2979 7515 4807 6804 6727 7516 1878 7252
13 7518 6473 2389 1878 9394 3415 6138 4479 3368 3733 2045 5972 7517
6 9372 7519 1879 583 7520 7798
14 3463 7522 3936 3844 7495 8040 8715 5991 1879 4471 3967 1520 7521 2261
9 7524 2470 1880 7265 2484 1174 5742 8454 7523
10 582 8398 7525 201 6269 240 1880 3430 7526 7640
7 6252 6334 4863 7425 7527 7528 1881
15 5134 7529 9310 1881 4159 7530 4936 5294 8295 7681 1531 7653 8223 72 4011
13 7591 8742 1882 7531 9438 2796 7532 6398 8716 4996 6216 5549 8997
8 1792 7534 119 1882 5889 7533 3273 864
10 6217 1823 7535 1017 7536 1883 5707 3244 873 1880
11 6495 7146 4442 7537 3117 7538 9124 5050 4497 5140 1883
12 658 9471 1884 7540 5032 8899 4630 7672 2195 9759 6510 7539
5 1953 7541 4748 7542 1884
11 6540 4881 639 4695 4138 1885 5212 2394 7543 7393 7544
13 7546 7620 5746 7600 8328 7161 9162 1243 1885 1606 7545 9867 7920
9 4606 2371 1348 7547 2259 7548 2080 1886 375
7 6545 1886 7550 9413 7479 7549 9456
10 7551 3181 7552 2305 2448 9802 1511 2109 5216 1887
11 3408 7605 1887 3389 5898 7553 3049 5346 7554 7770 4538
6 8241 7192 9575 1888 7555 7556
8 3427 7557 5557 7875 7558 5948 5497 1888
13 7560 942 284 1889 4271 7682 9379 3424 553 1652 4135 4603 7559
10 7562 4403 6022 1889 2413 3450 872 7561 713 5748
11 6009 1890 4391 7563 2003 3064 3071 8548 7564 2096 887
12 1824 4298 7669 4925 1890 9110 7565 8748 7566 5590 9803 7746
8 1199 7567 7568 1712 1891 2758 9392 9884
7 7569 7570 3870 8917 1186 1403 1891
9 8593 3832 9525 642 4378 5428 7571 1892 7572
10 1892 7573 6325 5309 1061 610 7574 2383 6982 190
16 83 5207 5879 1105 4761 7156 7575 630 1893 6815 7441 2602 7576 3580 6199 253
13 8748 8956 8566 7578 1632 2120 6619 4664 1893 6795 7791 3929 7577
10 7579 8291 7580 5380 8511 1894 6756 2429 3715 8298
12 1797 2000 262 3391 7581 5744 7098 7582 1894 6814 9160 5456
6 1895 1578 7583 1820 7584 9121
15 9117 7812 7332 6454 8162 7585 1554 1895 3311 4455 3025 7586 6147 6228 7672
9 7824 2624 1896 6367 1196 7587 6051 7588 723
7 5943 7590 5770 4018 1896 7589 4418
16 4589 9940 3722 9652 8160 7591 9937 3230 7823 1434 3555 1897 518 8316 7592 9662
11 5050 6892 4961 1291 7942 7593 3210 8980 4235 7594 1897
12 7595 7006 7596 1898 9324 5763 7264 3938 7065 6748 6126 4561
7 9608 5559 1898 1479 7597 6077 7598
15 7600 7796 1899 3076 4654 3419 9188 7395 2866 4476 7599 1307 2912 4534 6624
12 5023 7601 9602 3148 5386 7602 1899 9538 4273 6713 8701 5599
10 8317 1811 7603 122 3365 2005 3396 7604 9174 1900
9 7488 1900 7606 6819 1911 3661 7881 5401 7605
10 7607 1971 654 7608 7238 7165 5727 6219 3229 1901
10 5363 1901 2389 842 9178 8625 7609 7610 8659 7899
9 5695 7765 7611 5453 8978 7612 1902 3713 9793
10 2945 7613 659 7614 3894 7102 6501 2737 7611 1902
12 1097 9222 7616 189 1903 9011 7378 5707 3043 4207 7615 8022
14 1533 7577 3987 7618 4357 1903 4679 8009 972 1875 6189 9633 7617 6633
18 929 1294 1904 8175 857 9505 1260 9009 2103 1469 7619 5582 3714 8770 7620 2898 4583 9434
9 3083 2938 7152 1276 1904 7621 5487 7622 3189
14 7045 8578 7330 7623 9892 1814 7624 8039 931 4620 5340 1905 9427 1308
11 1377 1576 4778 87 9267 5478 1108 7804 7625 7626 1905
9 7628 8377 8968 4597 6695 8139 1637 7627 1906
8 1906 9377 8958 2572 7629 7630 6329 7005
11 9028 9313 5301 1119 1907 7631 85 7632 1990 9653 35
14 7633 7601 7634 4910 892 7229 1907 3425 2140 1775 8706 8332 6917 2648
13 4569 8371 7635 6599 7636 4054 5014 1908 4088 3138 583 2822 6142
10 9961 4757 3392 1485 7198 7637 3933 1908 9248 7638
7 3597 1909 7639 7640 7620 752 9028
15 3253 6575 3187 9295 2839 1328 7641 3945 1909 4751 9191 7642 5809 3972 38
19 9742 7644 1735 77 144 9296 1840 7564 8882 1910 6317 491 9692 3247 7643 4618 5411 6326 3915
9 2474 7646 8224 6427 3927 2315 4977 1910 7645
9 9752 8439 7293 7647 7648 1911 6148 3491 4441
12 7169 5848 7649 4998 7137 9386 7650 5345 5989 1324 2617 1911
9 7651 735 1912 9197 7652 9755 7816 3326 3463
6 1912 1785 7653 817 6125 7654
15 9815 8904 6359 5611 7656 2714 1993 1913 5625 7223 3385 3987 7655 2437 9168
9 8290 284 5737 7657 3712 7658 1913 9403 3067
8 2347 3088 7544 3436 7659 7660 1914 9767
7 9466 2742 7661 1914 7662 5898 7639
12 2623 8011 4686 1915 6516 6927 7663 4671 7664 8632 5457 9108
10 3785 5931 1667 8075 7665 7490 1915 4681 7003 7666
10 752 7667 7668 5977 1916 9080 1450 6726 7129 8353
15 1797 4521 1743 3664 4221 7669 789 8194 1096 7670 6999 7979 5458 2428 1916
12 7094 8180 221 7672 1917 4673 6401 7637 8467 6101 4467 7671
14 7673 6673 2220 7674 1917 546 8748 9521 7102 4679 5212 4062 2477 9494
10 3485 3741 425 1918 2321 7675 5464 8420 7676 1859
16 7677 1884 2532 1812 7678 1918 2942 4105 7386 6394 299 8724 6484 5923 1537 8522
8 3519 3007 7679 6252 2363 7680 6441 1919
3 7682 1919 7681
7 7684 1114 6872 7878 6260 7683 1920
10 4219 1920 5367 2239 7685 7287 8710 7686 5832 5142
11 624 7688 9888 6615 9128 7835 2999 1921 9995 7687 8415
9 7689 3359 810 4766 7690 6564 3760 8724 1921
10 1161 4363 1222 7055 3877 7691 9456 3339 7692 1922
9 7694 9284 103 1922 4113 2119 1182 7693 1327
11 1678 1366 7239 1118 1923 7695 692 9069 4219 7696 5843
13 7103 1923 3673 7697 2296 5807 7698 3194 6417 8829 795 3229 3027
15 2617 7614 9627 7700 5163 6802 3412 2202 4709 1924 8971 6507 689 7699 464
11 7110 7346 5126 7701 9035 4705 7702 1226 5901 1162 1924
11 6408 8726 3448 9552 9243 6532 7703 1925 7704 384 1677
13 4147 1925 7705 1592 9783 7494 8214 7706 4872 7828 4124 7516 5349
12 1935 7707 7756 1926 5638 7281 7708 5602 7440 4021 2201 4233
14 7710 7499 8740 7264 3021 7866 4963 9757 1926 6952 7709 7754 9421 2326
12 7712 1927 9360 9084 277 7861 158 2110 3946 4324 7711 2403
8 1367 1405 7713 7714 3640 1927 4653 8272
9 1928 7715 7012 2990 7716 1574 979 102 4149
8 9640 7717 9795 3696 5164 1928 198 7718
11 8778 2674 1929 5141 7719 5133 6833 4316 5024 4256 7720
11 7722 3888 5543 2893 9224 2858 4610 7721 1929 5973 5457
14 8905 5169 9345 3499 7723 8333 2196 5305 7724 1930 7993 8859 4489 757
8 5183 7725 7030 7726 5766 1930 1412 7345
15 4657 1600 7727 862 996 1003 5243 1931 7728 3650 2928 8079 2962 2188 2397
11 1643 2211 1931 9099 8806 1645 7729 7730 5746 1942 3607
13 5033 5489 1932 664 9413 599 7731 3547 2481 6024 7732 2531 7326
12 7769 8859 7733 9088 60 8238 7734 8893 4994 5372 1932 955
6 7177 7735 1819 7736 1933 7713
10 2182 7738 1933 3715 3234 5279 3602 3446 7737 9591
12 5 390 9833 7739 1934 2666 7740 1177 4354 6993 7912 5753
13 2277 76 1130 3784 9778 7741 1934 7742 3302 442 606 3308 565
8 1723 3186 7743 6520 7744 1935 7798 5615
10 2676 7745 5415 4777 6697 7746 1187 3101 1935 1895
8 1936 7293 8481 5498 7747 6873 2031 7748
15 6347 7750 1031 5681 9983 6417 1936 9186 7516 8004 7260 4418 916 8070 7749
11 1937 7161 2372 7751 1099 7752 4426 5337 9184 6322 5814
11 1398 7754 5595 1937 6267 9406 4210 1301 4317 811 7753
14 5360 7755 7756 2568 368 7997 3845 1071 4867 1938 4514 7775 3300 1904
12 1938 5462 1533 9094 8086 8224 5248 8265 7757 8843 7758 3241
10 3471 4456 5733 7185 9771 7759 6198 1939 8044 7760
12 1353 1939 9842 8826 7761 375 4175 7497 7762 9434 130 8455
13 5119 9665 7763 9483 1940 7764 3942 2790 5223 2713 23 6956 2981
16 9746 7766 6855 6030 7100 8824 8568 835 5934 7280 1397 1940 1855 7183 7765 1590
13 4224 5929 7767 2571 7768 2628 2311 2653 6480 7834 1941 4943 899
11 2490 1941 4657 6902 8069 5321 7769 77 967 7770 5973
10 5559 1942 7771 2567 7772 9012 2326 9416 5835 4306
12 8468 7773 4500 1942 625 4228 6172 7774 3049 3357 3277 5255
16 7776 7382 3199 8842 3068 307 1943 4514 7738 2785 6055 7775 7218 4941 7194 4149
10 1786 3860 7756 4276 7777 7273 8847 7778 6465 1943
10 478 1212 2599 7779 2233 6092 7194 7780 1944 5337
9 9351 7782 8575 5233 7832 9854 1944 6545 7781
17 7783 8653 1945 8642 7784 7101 4690 8801 9049 6505 6562 5253 5001 1831 9604 1551 2612
11 5348 9142 1945 7785 5585 6411 6098 650 7786 5412 8018
8 9797 1946 4302 7787 4262 3524 4661 7788
10 1031 7504 2538 7789 3451 7989 7790 3806 4062 1946
15 7792 4214 9033 1093 4931 1027 9221 1285 2676 7791 5083 1947 9275 2753 7080
16 1947 7550 7794 7428 2743 4656 2060 7502 9495 9772 8487 5255 7272 9850 7793 6183
14 6098 1522 7542 3049 6648 8051 1948 7795 6413 5169 1157 4279 7796 3740
7 4250 9923 7797 1948 7798 9392 6851
14 6648 2759 2278 7799 8364 2006 5141 7800 8187 7309 1949 670 359 7025
7 7801 9757 7802 2416 1949 9076 285
5 7804 1950 9744 6972 7803
10 2912 7805 1950 6671 7806 801 3903 2503 7941 9592
11 6370 7578 5151 1951 7807 9491 3902 7808 5344 9577 203
13 7988 7809 276 6671 1491 7810 2223 1951 3006 1240 2778 9329 1005
12 9766 1285 7811 7377 7812 3674 3387 7638 3914 1952 5980 8709
10 1952 7258 2447 6344 4466 5950 9146 7813 7679 7814
11 7137 6740 4114 926 4367 7815 1953 6421 7816 9674 4173
12 5458 1953 4023 4198 7817 4532 8582 7818 5476 3112 9762 9844
10 322 7820 7621 6589 368 1954 6416 4424 1655 7819
15 9151 3075 7480 5988 7822 9733 5241 6209 2142 1954 1839 9471 5588 7821 372
9 1955 6708 781 8546 7823 7372 7824 1716 2264
13 5717 1955 2418 4591 9495 1354 7625 7825 967 7480 9184 1243 7826
9 1956 1322 7827 2135 880 7828 6548 5690 4504
15 6481 9543 1956 1872 4937 1398 4340 8406 3557 7829 5719 3905 2876 324 7830
11 7832 440 1131 8781 5545 1957 9921 7831 9352 5079 3821
12 7889 4197 6381 7642 7833 7134 2618 7834 1362 3028 1957 7636
9 2087 7835 9535 1958 7836 6287 1185 3229 1533
13 1958 7837 5093 6687 7838 5061 8058 6920 9152 2708 9304 2255 4340
5 7839 37 1959 7840 8430
9 6090 9725 923 6713 7441 1959 9520 7841 7842
11 5171 4964 7843 136 4461 7844 7072 4254 3122 1960 6760
12 1960 1058 7324 7422 8967 7845 8447 8923 8834 7846 8261 9408
11 7848 1609 8126 8427 4654 7785 4728 7847 3357 1961 8864
15 4068 660 1961 9594 5077 7850 8806 264 8990 2400 5624 2012 835 9304 7849
10 2732 6499 8199 6537 1962 7851 707 9205 9502 7852
9 3368 2089 9213 4502 2605 8552 1962 7853 7854
9 4134 7855 7856 3822 7312 1963 1234 4658 2101
7 85 9739 7857 6410 1963 7858 7134
12 4432 1103 7860 4774 1964 8771 9353 1962 3788 2461 5143 7859
9 2966 7530 1964 9630 7861 8187 2681 7862 3043
9 4393 1965 7863 4790 7864 6986 9731 3029 7377
11 6649 7865 5243 4491 7866 4187 6903 1965 7538 7713 1537
13 4076 1832 149 3125 4370 5960 7867 580 3818 1966 417 7868 5811
8 3112 7492 1966 572 817 7869 7101 7870
17 2517 9834 1604 3992 1867 7871 5517 3654 6383 1967 7872 5355 3435 7999 8296 8178 8024
9 3589 4859 3760 7873 3702 7874 1967 5570 3972
14 7339 3147 7876 8498 2893 4408 4144 839 1968 3524 8150 5724 2638 7875
18 7877 3430 8886 347 414 7878 3434 3046 754 1968 3797 3952 3030 9490 798 3993 8344 7307
11 7226 1969 2345 1564 6236 6777 7879 7880 2479 1596 5014
9 2899 3502 7881 1969 3201 7882 4341 9169 716
11 654 1970 5053 8627 515 7883 7884 8811 6762 8056 6182
16 7886 9741 9489 4630 7883 1190 5659 1970 4761 466 3881 163 7885 2183 2532 8971
12 2378 8648 7888 6884 1896 9309 1971 9802 9078 4927 7887 8481
10 6932 9559 7636 6234 7889 5019 3584 7890 5508 1971
16 8413 1739 6267 3820 2378 7891 61 6159 7001 8863 1972 4570 7892 113 2151 2694
7 1972 9499 7893 7894 8940 5103 3855
12 5254 8885 1973 6576 3041 5077 7895 9680 5472 6253 9396 7896
12 2022 5732 5537 3952 2478 1973 7071 6087 1144 5063 7897 7898
12 8606 7866 9822 7899 1573 7900 6668 433 4318 5046 4729 1974
8 905 6822 1974 7901 88 7902 4690 8411
9 1975 7029 8530 5257 7904 3559 7552 9980 7903
11 7905 3162 1975 0 7906 8309 5654 3948 6460 3938 4371
7 9910 1976 7907 3967 8936 3748 7908
17 7457 9555 7632 6144 7909 3141 7910 668 7919 7870 1976 7464 3353 8310 5716 6269 5733
8 5081 7911 2353 5724 7912 1977 1634 2695
8 7914 5194 4004 5533 2290 7913 1685 1977
11 2391 5919 3179 5757 1807 7916 1978 1689 8389 7915 3536
12 2127 4110 3737 1343 1978 7917 8194 7918 7357 3630 9358 1051
10 7919 4073 9160 7920 6977 4160 8901 1979 7076 2688
7 1979 8083 4603 7921 7922 1188 6607
14 8876 5176 4274 378 9658 3142 7923 6972 5256 9477 1980 7924 6863 9392
10 7084 7926 1980 9427 7683 3996 2303 2757 7925 6864
11 5368 556 1216 7906 1345 1981 7130 7927 9993 3154 7928
9 180 2409 1696 7929 6128 418 1981 383 7930
11 9058 4293 7932 5021 3609 2641 1982 1849 588 1950 7931
12 8931 8277 6183 4447 8517 7933 6799 1982 5604 9597 7934 9711
11 1983 6473 1855 3745 4625 7154 3953 3760 7935 7936 5956
7 6257 7937 7384 1983 2344 7938 8159
11 9174 2148 8540 1984 7939 3293 4898 9033 7293 7940 8860
11 5051 6157 8064 7942 2438 8109 8703 1984 4211 5151 7941
13 7943 7944 4732 2670 2737 7510 5786 4237 6474 1985 7267 3323 5678
11 6732 7945 5022 8970 787 3220 4010 7946 3820 1985 3936
10 7947 1537 1986 8887 7265 7948 6879 9278 5746 42
16 3407 4155 4688 7949 5034 7750 7950 1327 6348 1986 4718 2852 2727 6728 9204 1626
7 6712 9250 1987 9336 7951 5337 7952
8 6718 7954 8647 1987 4187 7953 5099 1906
13 7336 7320 3542 4019 7955 1209 226 9334 7956 6765 1339 2499 1988
12 7266 7136 1608 5998 1988 7958 617 1668 9740 2365 146 7957
8 1989 7959 1733 5052 6020 7960 4839 8950
18 9764 4291 1989 3703 8098 9932 2028 8196 461 363 377 5021 2189 7961 4733 173 1923 7962
17 8168 210 4322 133 310 877 946 8511 2835 7413 1021 1990 7963 122 1903 5382 7964
12 8774 763 7416 7965 2009 7966 6421 2787 976 1990 1137 2955
12 9011 7967 8723 7475 1398 6158 8183 9460 1326 7968 1991 494
11 7970 5856 7942 7365 1943 2765 1261 4167 7969 1991 139
15 1992 280 8414 7971 8239 3268 4702 7552 1586 3019 7878 7972 2980 1840 9896
13 7601 9272 2752 9761 5549 5228 8660 2481 1992 6253 7973 813 7974
13 2918 3808 2003 7975 7976 8110 6501 1993 4074 297 3827 9312 904
9 1993 6842 8599 7977 4615 7978 2070 7382 6528
9 8074 5980 7092 7979 8020 1994 3621 2117 7980
15 8006 1994 1731 7848 7982 4494 4628 1552 5951 2299 3123 9485 7822 7981 8473
12 6103 7116 9202 7828 3457 7983 1995 9675 5451 4784 7984 9680
12 3688 2751 3935 8685 7986 8820 1523 1995 8996 793 4004 7985
13 8979 7987 5035 1907 4316 7988 6171 239 5793 1996 1034 3010 3938
10 2141 368 7691 3533 7305 7846 7989 1996 7990 9714
5 7992 1997 449 7991 8719
14 3634 2981 8358 1997 7993 1486 4562 3962 5412 7994 7998 1598 907 1900
10 3466 1998 9616 8669 1611 7995 409 7996 3212 9103
13 6814 5721 3715 7998 1692 2588 1998 7930 9276 3170 1465 1625 7997
11 5489 1731 4981 7999 5011 1999 7699 8000 5577 9509 4122
10 1999 9019 482 5524 6354 1568 3629 8001 8002 2760
11 2125 8003 3749 2000 3671 8004 4170 1143 292 214 8498
10 1909 8135 8005 9982 5314 8006 8185 2000 3159 2925
9 8008 8671 5390 2005 1360 2001 8872 535 8007
11 8009 7472 3956 840 2507 2001 384 8010 8417 8214 3992
9 2528 6639 3596 4932 3245 8011 9752 8012 2002
13 5850 2002 6473 8014 8071 8596 7348 634 4104 5524 7732 3421 8013
10 2003 8015 1616 8016 1707 6215 807 4150 9738 4375
9 2176 8877 9125 2003 1732 4402 8017 8018 4058
13 2320 8020 4800 5166 931 4232 6054 2004 8864 120 5884 8019 7714
13 1288 8529 8021 4777 9754 8022 8295 6803 9690 9454 3972 2772 2004
11 6918 8024 2005 4121 3690 8330 4688 3658 6567 8023 3764
13 8025 8159 1129 7131 7664 1229 8026 4790 2578 2005 3682 7531 4490
11 6114 1016 474 4504 2006 4663 8136 4656 8027 5657 8028
6 8280 2006 8029 867 8030 7103
8 4209 7917 8031 8032 194 2007 2130 7733
6 2007 8614 8033 6858 8034 142
14 10 5995 3548 8036 2525 488 5158 2686 5180 7709 8035 4335 7657 2008
11 2008 5796 2907 8037 4919 9839 3794 8038 997 7437 9966
10 2451 2287 3977 1746 8039 2009 1412 9138 8040 6650
13 9704 8041 8151 4154 8042 1506 6937 228 8576 173 2009 2552 4848
12 8518 9425 133 8043 8044 2010 3853 3445 4748 8082 551 6013
8 8046 1660 5111 5620 1091 2150 2010 8045
10 3096 7099 2011 3908 8047 7873 528 8048 17 533
10 7369 795 8049 2011 5740 8050 2960 2449 7453 6608
8 8052 123 5114 2012 9396 4188 4420 8051
12 8053 3111 8054 3029 8347 8160 4948 4477 6433 9450 2012 9252
14 2284 8094 9037 1608 7456 5895 2575 2759 8055 9950 7860 8056 2013 5064
7 2013 184 704 2888 8057 8058 1463
15 7635 3572 2572 2014 4485 8059 2160 4514 8060 3382 3706 1848 8667 5179 2590
10 7216 5610 8062 1344 2149 2751 2014 5218 8569 8061
17 2857 3365 8064 9845 6503 7121 9988 6988 2015 5728 8684 4663 1782 4623 8063 7262 1625
8 9788 6930 724 8065 3513 2015 8066 743
7 2016 5061 788 8067 1598 8068 26
12 2374 2063 2893 8069 3248 2016 8070 6041 9071 9482 8267 2195
8 7822 2017 9112 8071 8072 3422 795 8196
15 8074 8449 6977 7978 2017 5746 2141 9914 662 1003 6788 9899 8073 3333 5459
10 8075 5481 6343 1369 2119 2315 8076 2018 3336 7813
5 4986 8077 8078 2018 7709
16 2019 5754 8080 7788 9508 7394 8553 6890 4723 6134 2688 6171 7363 9872 8079 9242
6 8081 8082 4085 2019 946 7991
13 4145 5231 3160 2020 7781 626 5407 8286 1060 8083 2667 8084 8800
12 8086 8392 9828 7230 7482 1696 2020 5897 8085 4800 1847 8976
14 9887 8545 3676 8087 4851 3279 4750 8088 696 3508 2021 3637 5898 8431
14 4813 8090 2021 7029 8623 9672 5083 3667 6287 1559 8540 8089 9646 1378
11 6583 7254 9466 8092 7442 8687 6309 5407 7489 8091 2022
10 2022 767 6657 4299 4828 8093 3498 8094 5764 8875
10 3714 2023 4244 310 1000 1999 8095 1666 8096 4364
9 6531 8369 8097 7870 8098 5452 7969 2023 2872
9 2024 7032 5199 7879 2561 994 8099 3649 8100
7 8102 2024 6318 7836 8101 8577 1390
14 2025 8103 6737 4692 7538 1309 1054 8498 3030 6441 8104 5779 7857 7003
8 7205 5347 29 8105 2025 8740 2395 8106
7 8107 6469 8108 6320 2026 2746 4276
12 606 2026 8869 6816 8109 7959 5223 8110 3817 8115 5757 4538
12 9292 1367 2405 9164 3562 8111 7603 2027 3498 2351 8112 9840
10 2027 7283 2004 4669 8113 5540 8114 7183 9570 5838
13 6159 8115 100 6570 2028 2932 8116 5091 3038 8316 9686 9565 8378
11 8118 6809 2331 6416 2028 6839 5730 9861 8117 7601 4008
12 1036 8119 2049 7591 7404 8120 5994 8149 2029 1238 689 4426
8 9717 278 8152 8006 8121 8122 2029 5630
9 2030 5120 5198 8123 1064 9807 2766 8124 4579
19 491 8125 109 2030 342 3501 1720 2842 7317 8126 4764 5032 6346 3894 67 3836 2940 7075 4241
11 8128 1088 8137 9130 2031 6541 8127 2453 6830 1926 1724
8 8130 2539 6907 9733 8262 8129 2031 3245
8 1030 7012 3191 8131 8612 2032 8132 7674
9 9539 1439 2635 9174 8133 8134 7752 6557 2032
12 8135 2033 5066 8136 8270 321 7925 605 7483 471 5638 1553
14 3924 8115 5078 8543 5892 7746 2033 1041 5128 4124 8137 3547 2024 8138
11 7479 2034 7703 98 5431 5602 8139 1590 2085 8140 487
10 34 8141 5291 2640 6560 8142 7866 2034 2554 8941
11 8044 8943 4219 8143 8144 6660 130 6730 2035 4445 4730
9 4657 2035 485 8146 7910 5546 9226 8864 8145
12 8147 2525 2036 3959 8148 1192 2724 6376 8011 2769 5336 8321
13 2036 7721 6563 6433 8104 8149 8019 3987 3737 8150 7467 1947 5650
10 1166 8151 5383 8152 5375 7953 2037 4510 1447 6612
13 2499 8153 3933 964 4637 8154 9561 335 9159 9513 6732 2037 5366
7 8156 2038 2576 4356 7548 738 8155
14 8491 6962 8158 3377 7805 2038 6078 9839 9115 1632 3017 6477 8157 629
15 617 2039 1295 9000 6776 8159 8818 4927 6009 8160 1710 7766 7555 7616 7840
16 6557 9135 3645 5773 8977 2019 5806 51 4509 2039 8311 6445 3192 8161 4661 8162
12 4357 8163 8164 4359 9210 392 1227 5567 2040 358 3077 4869
13 2040 1688 6386 5358 7908 6229 1468 8165 9889 3055 7694 8166 8065
13 8168 2251 7278 4997 5559 5994 6299 8284 8167 5142 7724 1847 2041
11 2041 8132 8169 446 1095 6328 4722 3456 4706 8170 7784
14 146 642 4040 8171 2042 8172 5037 3435 283 7912 3387 5839 9649 3286
9 8174 8829 7651 2042 7810 5558 8490 8173 8047
9 5219 8175 2660 326 8176 6859 5908 2043 2044
9 9155 9940 4561 5290 8177 2043 3817 8178 5397
7 2044 8179 1401 8180 5347 2152 3006
12 8237 4985 8181 8994 9889 2044 7336 8182 7040 4325 9005 6350
13 8184 4460 6505 7579 9811 2091 9560 2045 1844 3607 8183 786 1787
12 6311 4437 8186 354 9654 3192 7858 4500 6285 2934 2045 8185
15 8933 9527 3283 9938 8727 5808 5255 8187 2947 7069 4878 8188 2016 2046 1652
9 8189 6970 8190 3616 8285 8110 5586 8628 2046
7 8191 2047 7757 8192 9485 619 748
15 1121 8581 4381 4174 4386 1832 2047 2797 8193 6888 5099 5510 8194 1254 2747
15 8196 734 5123 4790 5676 1049 4855 2048 3417 778 3533 7540 8752 8195 3262
11 3269 8197 2538 7787 1912 7962 2048 8198 8861 4653 2319
13 1422 3038 2691 3203 1746 1870 2023 1280 9382 8199 8200 8721 2049
10 8201 1834 2049 8202 6539 2374 4397 1379 4631 2339
11 7888 8572 4579 8479 2050 8203 7740 7687 8204 2896 2440
11 6556 1102 567 9025 6427 1101 1073 8205 8937 2050 8206
9 8207 9195 8208 8237 2051 4139 7717 7783 5884
14 5817 1786 9973 8209 8210 9495 4006 5124 532 3306 3130 2051 4170 1888
12 1618 2052 8212 540 6460 6152 3838 4856 8869 1657 8211 7508
5 8214 8035 2052 6866 8213
9 9709 2053 1835 6487 9878 8215 8216 6871 507
11 4484 7969 8217 3646 8218 5380 1295 2053 8556 2493 6626
11 8219 6487 2993 2537 8220 6277 8786 6855 2054 6892 434
8 2054 3958 7731 4784 3305 8221 3628 8222
13 8224 6253 7042 596 8713 6038 7128 564 456 8129 9825 8223 2055
11 5418 4784 2560 9769 2055 5683 3179 8225 8226 8450 6763
10 5459 8228 3846 1847 2056 917 2033 412 2907 8227
6 8229 8230 1595 3907 8682 2056
11 2057 5777 2149 4595 9340 3716 8231 3150 4467 9167 8232
12 3342 2057 9801 7508 6049 6533 8790 8233 1720 9347 5493 8234
13 2662 2058 7661 6832 8235 3116 258 8236 5374 8257 9 2098 9071
9 2658 6379 8904 2058 8237 151 7176 8238 2281
11 8240 6280 8424 2013 1300 1175 2059 7153 4746 8239 5397
8 7585 1653 3302 8241 8242 7762 8865 2059
10 4011 128 2899 8243 2813 1698 9329 2060 8244 6195
14 2713 634 5370 8245 8485 5070 3399 9547 8246 3738 2629 3483 3999 2060
10 832 8247 2943 2061 4759 8248 8834 9514 8356 8250
13 8250 2482 5380 8039 3720 5535 3852 2061 9647 4068 9810 8249 8425
13 4503 8252 8204 476 3031 2062 8900 1520 6213 5632 5982 8251 6198
10 9577 2873 7569 8253 1756 5037 8254 2062 276 1278
9 8256 224 3286 7305 533 6949 5909 8255 2063
13 8257 902 965 5810 2063 2698 8258 4843 6860 5361 4666 7191 9850
14 5720 871 8782 2349 9291 2064 4648 8259 2370 2232 9687 8260 6040 1239
19 1341 1286 5046 4900 1905 9820 9316 6714 9211 663 7516 4386 2064 8261 9611 667 9465 5517 8262
9 9308 8263 9162 6377 8264 2083 2065 7843 7286
12 7910 566 8265 2255 1884 3068 8266 5648 9702 2065 5726 8011
15 1393 2236 2066 8268 8110 136 227 8005 7257 1753 3627 8328 5079 8523 8267
10 3927 2372 6121 564 1223 3017 2066 8269 8453 8270
10 1395 1 1945 2067 355 5941 8271 9060 3779 8272
11 8781 8273 4606 5615 8274 7498 2067 9580 4925 1406 9606
10 1298 3566 8275 7698 8430 8979 8276 5857 9980 2068
14 2068 8278 1628 1130 2076 3771 3058 4819 7161 2669 9158 8650 9821 8277
9 7192 2069 8279 386 3746 9296 8280 4103 1436
7 8190 8467 8281 2069 8282 3467 4384
10 5563 8283 8284 8138 446 2070 2022 8078 4301 5895
15 9789 8285 967 687 7489 8672 6928 8286 4188 470 6477 7307 2070 7072 1351
10 2071 6882 5703 4574 602 6449 8287 9048 392 8288
12 3937 1047 2071 4193 1634 750 5686 8289 9257 6590 8290 4911
13 4041 2072 3444 8291 9076 3002 8292 7528 7134 829 634 5349 6069
8 1238 8294 2072 4278 9105 4206 8293 8578
11 3852 4197 8296 7975 5686 5162 5435 2073 9290 1039 8295
15 9117 2814 4954 4816 986 8297 7476 4260 5740 3655 3307 3235 8298 2840 2073
9 3443 6477 8299 1091 8515 2074 8300 3857 3887
13 3251 2074 4926 898 581 8301 8545 8302 4007 1186 8466 6604 170
9 4736 1177 7254 8303 2075 2687 8304 8032 3076
16 8306 1745 204 901 5782 7421 7564 7926 2075 7451 7532 8748 2583 8305 8419 4260
12 50 8307 7100 5311 2828 4994 3310 8308 8670 6894 2076 77
9 4020 2076 9675 8309 4743 1723 8310 2913 2170
9 9242 8311 272 3974 8552 8312 5755 2077 10
12 8313 7268 2077 7980 3510 9330 6228 8314 8840 1120 2638 3481
11 2864 7171 9318 7261 2078 5196 8315 6152 68 4278 8316
8 8317 2888 8318 7737 9725 1868 2078 4575
8 518 3764 6835 8319 8002 8320 2079 5381
11 8830 8322 2565 5765 4672 148 3959 6844 7072 8321 2079
7 3505 5518 8324 2080 7434 4756 8323
13 6977 9823 1300 5676 192 1816 2505 2080 8325 7443 8326 2860 8152
12 7044 4621 2081 1106 7428 8050 3597 353 8327 8762 8328 7283
11 575 4775 8784 8329 7528 3054 2682 8330 5488 2081 4740
13 4811 2877 6621 849 7375 5708 9091 7615 8331 4855 8510 2082 8332
8 1935 2082 8334 7278 4855 3619 8096 8333
13 1512 380 4757 8628 2083 8335 6144 8336 8987 3984 3667 1790 4808
10 4277 5184 6966 2889 8337 2083 9553 90 8338 5240
9 8339 7164 8340 7027 1108 3743 2084 3432 717
12 539 6450 8341 8342 708 4001 2605 2211 1309 9063 2084 4104
11 2085 8060 2611 3081 6768 906 8424 8343 8242 7868 8344
7 5624 2085 8345 8451 8346 5984 6586
14 5089 865 8074 2086 8347 1126 8348 1116 1263 2549 2252 4214 7357 3907
9 8350 4096 2086 289 6136 9979 8349 9317 2105
10 8351 3880 8352 8406 299 159 715 2367 1220 2087
6 2777 8353 6845 11 8354 2087
7 4710 1453 6545 8355 3057 8356 2088
9 2283 6730 2088 8357 6052 8358 8895 6387 9437
15 139 8360 7490 2031 6991 2089 6788 1567 8090 2476 2465 1629 8481 8359 6192
11 2131 7333 8244 8362 5159 1022 2089 4737 1749 1653 8361
9 4487 1172 5285 8363 6778 8364 5872 6816 2090
9 8725 2090 1623 2684 8365 8569 8366 5935 1216
13 2054 2091 2200 2756 6460 8367 2493 8473 8136 8368 5209 2033 7947
13 6553 5716 30 2091 7933 3734 7405 6584 8369 6865 8370 8358 7321
12 2237 1823 8372 1606 2323 6520 2092 4345 9119 8810 7208 8371
8 3211 8373 8374 2900 4866 5513 2092 4257
13 1525 5821 8375 3932 2428 3976 2093 848 8376 8328 9113 5527 255
10 5194 7211 8378 4142 7395 8546 8079 4025 2093 8377
21 7915 1848 8074 8379 2916 9375 7265 2094 8022 8380 1907 9287 8088 3177 4417 7865 5064 2010 7679 4223 5703
12 475 3335 7091 2775 2094 8462 8320 8381 1729 6897 427 8382
10 8383 2112 8384 6855 834 8881 9540 2095 9435 931
10 2095 9791 8376 420 8385 6454 5299 7137 8386 6610
10 5147 7522 599 8388 6116 4144 4959 2096 4195 8387
8 9906 8390 2096 7886 8317 5882 2769 8389
10 9369 4279 8391 2097 1444 6842 8493 8392 4193 1542
9 365 7912 2439 7412 9600 8393 2097 8394 5715
16 8821 671 2403 8602 4147 3916 8395 6745 8396 591 713 2098 1866 1581 7645 2639
16 4902 9769 1469 6610 3908 9636 2209 9742 7242 8397 8804 6560 2098 3392 8044 8398
12 1659 8400 2099 325 362 5709 7917 3212 347 9646 8399 7684
5 2099 8401 5502 9361 8402
5 3715 2100 8403 8404 3280
9 2260 9560 7869 492 8406 4621 6821 2100 8405
6 2717 7890 8407 8408 2101 5782
10 2101 2906 6228 7635 332 1802 2358 8409 8410 5999
14 415 9146 3489 8411 2102 7785 8680 8412 6375 5277 9990 918 199 4498
11 7001 5619 1926 8413 3118 2102 8414 4146 3251 2245 4687
4 8416 2103 3807 8415
12 9300 4234 5511 8418 1750 5804 29 2103 4858 7253 7611 8417
13 2343 2295 4015 1668 3115 8130 1922 8419 9343 8420 2018 5542 2104
12 1577 8421 7750 6494 2104 8422 7117 3876 9517 5415 3142 4899
9 9439 2105 8423 8424 8936 3970 7088 8873 5214
11 2053 2187 968 1951 4654 2105 6777 9867 4220 8425 8426
9 8428 1807 2155 1420 2106 4795 7011 8427 6573
12 3895 1988 8176 2124 8429 8799 8470 8430 9581 3324 4173 2106
7 1935 1137 811 8431 2107 8432 4574
7 34 8433 8434 9700 9928 9518 2107
9 2204 2108 24 658 9122 8435 9456 8436 6196
9 8438 5450 5288 7273 2108 5533 634 8437 5815
14 3842 8638 3485 4071 8439 3847 8623 8440 899 9770 4822 5912 2109 269
11 2109 952 8441 9657 4212 9068 3126 4978 8442 762 8606
13 7374 7244 9139 8444 7062 3834 1031 7169 6937 758 2110 8443 5117
8 8445 2110 8446 2381 7316 8224 3044 1546
7 8303 4250 2111 8447 8448 6936 4189
12 3883 999 2749 8449 9799 8450 4921 2455 2111 4528 5992 5187
10 624 8504 8451 5016 6423 8452 9558 2112 5692 693
13 8454 6767 6824 2436 7199 1411 2822 6980 6948 2112 8453 942 5839
15 325 8456 8891 827 2113 4468 8477 1337 1977 8299 6689 4526 460 8455 5910
14 115 4679 8668 3886 4940 8107 8457 2113 1492 8458 630 8284 412 5804
5 8460 2114 9137 8735 8459
5 8461 20 8462 2718 2114
13 6582 5546 1345 3554 42 9113 8914 8463 8464 2115 9806 6541 7997
12 2115 3586 7430 5003 4507 4009 1236 530 8465 9669 8112 8466
16 6856 8483 4242 853 4661 6292 8467 9065 2116 9614 8468 5516 1564 6879 3853 5298
12 4208 1916 8469 5741 7355 2116 8848 379 8470 186 5474 363
16 8471 7179 3359 8472 5049 2946 3683 5907 2117 4383 9978 3796 6925 8137 2519 3353
11 6723 5044 8000 4797 8473 864 8376 630 8474 2117 7442
9 7505 6440 488 7332 3971 8475 8476 2560 2118
11 1561 8477 2118 7331 8478 6356 5933 3409 9410 6987 9045
9 2119 2083 97 8479 9049 8480 7049 4935 7079
14 8482 7852 9674 2119 1175 7557 1090 6821 4528 9940 1930 8481 6530 9913
16 8630 6215 8484 7610 8086 3507 2081 1076 3515 2120 113 2413 2639 2188 8483 4062
14 9150 4233 4979 8078 9989 6094 8485 3688 6237 6380 8486 5807 2120 4567
13 5397 8487 7943 8488 2121 4491 6695 8765 4825 3599 118 5151 2711
16 8489 198 8490 6445 2121 5575 2230 6791 4047 6161 6446 5641 3697 1242 8651 3449
9 3379 7659 2122 2344 9747 8491 9447 8492 8931
8 8494 1397 3373 7671 5902 2122 8493 1942
9 8181 5209 5726 8495 5161 8496 2479 7809 2123
13 9982 2123 8498 1672 5209 3235 8739 2281 8130 4414 8814 8497 5854
7 5039 8207 8500 2118 6344 2124 8499
8 4807 3898 2898 2124 4223 8501 8502 2352
9 571 9306 579 2125 2711 9141 8503 5788 8504
9 9436 8505 9705 6481 4448 8506 1213 2125 7561
13 8181 719 8210 8507 6417 5271 3630 8508 1406 4621 2126 8525 5781
10 1018 8510 3343 9039 2419 6649 1688 3921 8509 2126
8 2127 9088 8511 6852 5702 6491 9370 8512
14 7723 4763 8325 2127 5426 810 134 8513 8514 9323 2303 3455 4794 3859
15 5502 8515 8516 1061 8622 8569 5487 1965 7265 2840 688 2128 8864 9356 4186
10 4837 5752 8517 6993 5033 8518 4802 9873 7507 2128
12 8520 4410 2683 7460 330 2753 4944 9567 7461 3750 8519 2129
11 2129 8522 5855 7413 951 4148 8521 5435 3634 4152 2999
9 5399 7310 8523 2130 2167 5348 8524 5406 3643
8 8526 7331 3215 2130 4690 3893 6634 8525
11 2058 8527 8528 4702 3581 2131 2473 7476 2037 1720 1594
13 3563 8373 9288 2035 5084 4324 2847 2964 8529 2131 8530 9738 3750
10 2132 2139 2651 8159 9775 8531 1731 5673 8532 2582
8 5792 8533 2132 8534 3020 686 3624 5742
11 8064 8536 243 2133 3325 7070 3694 4867 5790 8535 7677
9 5053 8538 1679 2133 5010 3520 9394 8537 3524
8 9005 2921 7506 8539 9588 8540 2134 6622
13 1598 2287 3007 2032 4941 1450 6487 5345 8541 8542 5310 7839 2134
11 3779 2005 8543 1072 2135 5043 8544 8593 9037 4919 5952
14 8545 2089 9956 8838 2346 2135 708 8546 1081 2545 9791 6522 4851 7141
11 9130 6569 2136 9384 9628 2507 8547 3800 483 6600 8548
8 3069 3961 8549 8602 8550 4362 2136 7526
10 8676 5537 4619 9803 8551 2486 2232 8552 2727 2137
10 8553 2137 8554 5773 3888 818 7775 1271 4053 8362
8 4168 9970 8555 2138 8556 3289 7175 9209
12 3411 9161 2138 8950 5291 4146 8557 7862 4157 8558 5533 6875
11 8560 4195 501 7894 6398 5727 2139 2169 3897 8559 9657
13 679 418 8561 6341 2384 4426 6203 3751 8562 2139 3694 830 1556
11 5929 2140 8564 8284 6190 7223 2939 5261 8563 9730 8421
13 2977 9851 8566 8729 2140 2982 5038 7437 8027 9938 2313 35 8565
13 2141 770 289 5635 6188 1473 961 8567 853 4835 8568 6344 2035
12 5245 9445 6136 5783 8487 2141 5564 9923 8073 8569 853 8570
11 7302 8571 4599 7088 8572 3390 6483 3093 4837 7606 2142
11 2142 2868 9719 9166 8573 6426 3364 8574 2680 6563 2652
13 8576 4344 5999 9008 6337 23 1077 7903 9176 8180 8575 2143 7567
8 673 6116 4774 2143 9975 8577 8578 8416
11 1474 7382 2144 1655 7912 8579 9783 3670 902 8580 1397
8 7784 4625 8582 7502 9039 6193 2144 8581
13 9050 2242 840 3980 3134 8583 8584 1162 2145 1664 5747 6357 2153
12 873 5212 8599 4330 5754 1879 9272 8585 2145 535 5882 8586
13 8127 2146 8587 3965 703 8766 727 9608 8840 8588 3530 33 5918
7 3040 8589 2146 8590 2826 3010 5538
9 9271 8592 4743 937 4695 2147 4346 8591 7445
12 8593 2948 8594 6305 9696 6110 8379 5037 515 9799 2147 4531
8 8085 8595 408 958 531 2148 8596 9519
12 3782 9542 4830 8388 269 8597 2809 8634 980 8598 2775 2148
12 956 8599 3410 7152 2149 4046 8600 5762 1472 2648 4540 9517
9 8602 8517 8753 2646 7425 2149 8601 8662 1682
11 945 8604 3415 7446 4661 2150 4141 8603 8969 9323 480
17 3575 112 327 4835 2145 7686 8605 3893 21 4524 8606 2119 2150 7476 2701 5525 8843
8 2151 3488 6541 8607 61 8608 1733 4827
11 4596 8609 254 2492 158 8610 2151 1397 5789 444 904
12 8171 4764 2152 8611 3239 8612 6092 8959 6865 3271 2752 5605
13 8614 173 9346 8708 9428 7399 2152 1168 8613 8219 3885 4751 2862
9 7427 5394 8615 8616 2951 2153 1123 8024 9431
9 7238 3396 8617 20 8618 9163 7610 2153 5029
14 8620 2758 2154 8181 2533 15 6031 7154 49 1103 3279 2992 9607 8619
10 8621 5361 2572 8622 233 9956 2154 5455 5318 4623
9 6243 2155 7452 3322 8623 4911 7518 8624 1704
9 1679 966 8625 8626 7321 2155 1838 1010 2200
10 5536 6638 8627 6013 8628 2739 2885 7572 442 2156
13 2156 9988 8630 8037 9648 15 1813 9364 9104 1104 2390 8629 2489
8 7347 8925 8632 7260 9472 3467 8631 2157
13 4732 2235 7233 3993 2431 2157 8633 9768 8634 3603 3859 4825 100
16 2889 9767 3385 1130 223 7780 432 6870 4463 2158 9871 8635 8636 3876 7417 5083
11 5636 8637 4803 3432 8638 2013 2625 3949 7997 3000 2158
10 8413 9523 2159 5372 8243 8947 8639 9038 8640 5656
10 8642 595 1223 8122 2159 5424 8201 8641 7783 8288
9 3440 2160 5703 8643 8644 1613 1443 8763 9918
8 8611 3981 2160 222 8645 4722 8646 8740
8 8648 4664 3565 610 2161 8647 3475 1738
14 8649 8389 2638 4783 878 8650 4264 7273 6993 3469 2952 8270 2161 3855
14 4794 4961 5185 4726 2237 4808 555 4463 2800 8651 7716 2162 4090 8652
14 2162 8653 5392 5832 6308 8654 8004 1452 8070 3628 6033 6444 8595 8355
12 5759 1707 1112 6829 8655 2163 2852 8822 8656 915 8486 6612
10 8658 4858 2715 3743 2163 3115 6083 7445 8657 5278
14 8660 1570 7457 2164 5030 6592 654 4917 7926 1398 1241 8256 9537 8659
10 7899 4292 8266 8514 911 8661 2164 9333 8662 5109
15 5253 3232 9755 8393 266 212 7499 4531 8663 15 6659 6956 8664 1206 2165
8 8665 2165 8666 1784 1480 8342 8253 5570
9 1392 4558 2166 1629 8667 546 1838 8668 2897
14 7137 8670 3201 635 1741 291 9400 2816 2166 7189 8669 6730 2722 2551
12 245 8671 262 2594 8672 1160 2167 5249 5469 4017 8966 5612
14 4948 8620 8144 8673 1279 2931 6909 2457 5047 8674 1829 5027 2167 82
6 8675 8676 2918 2168 8966 8332
10 932 9733 2781 1447 2168 8872 8677 8678 910 5133
11 2169 1614 2370 7031 799 1062 6007 6731 8679 8680 9599
9 6172 8681 8682 7804 3914 2169 365 6878 3918
7 8683 3940 8684 7794 5977 2170 3139
8 5933 8686 5116 2170 6263 2183 7967 8685
17 3684 2171 1373 8687 825 1899 2923 8688 9782 6729 6644 92 8584 6588 8727 9268 1725
10 6931 2171 4287 9070 9558 6123 9368 8689 6575 8690
11 7321 8691 8692 6168 306 8441 2172 9287 4185 9755 6161
9 6314 8599 8693 1804 9015 8694 6251 2172 4295
7 3605 8696 2173 481 9568 9930 8695
7 8698 6950 2141 2173 985 1129 8697
12 6266 2546 2174 4901 2639 8699 9752 6666 7528 5829 8700 4839
17 7837 3426 5874 362 2174 199 632 1297 8701 7575 3561 9763 5254 2373 8702 3240 8971
9 1520 8703 1443 9456 1046 8704 704 9925 2175
11 2175 7613 6271 2919 5312 98 7748 8705 2788 8706 7950
7 7737 9128 4844 9284 8707 2176 8708
15 5626 2176 8709 5387 703 7116 1517 8710 5661 2708 2490 1026 3869 5447 5988
10 7271 2177 5393 7097 8711 9468 8712 2871 7672 1598
15 5928 5400 8714 624 1678 662 5291 2327 4077 2177 6744 5488 9737 22 8713
10 4081 3808 4380 3055 6206 8715 2178 26 8716 2534
9 4466 8850 1595 2321 8717 2178 8718 7901 5031
7 5352 2179 8719 1548 8720 4081 9527
8 9042 8721 2179 2318 8722 3742 3146 5108
9 8724 9055 630 4965 5563 2180 9902 8723 2968
11 8726 7531 8975 3027 8296 9443 7646 4274 2180 1333 8725
14 6001 490 3845 5193 8727 100 2710 8728 2181 3213 7915 4886 9465 7318
10 8729 8730 1953 5148 5470 8841 641 2181 4047 9412
9 8731 6064 2182 8732 8745 7009 9002 4607 2928
17 4693 3524 9219 355 7354 2182 5626 6354 6919 267 8733 6761 9132 6408 8734 8966 9080
9 6391 8103 2183 6432 3051 3907 9967 8735 8736
5 8927 8737 8738 2183 9845
10 8380 8059 2127 8739 8740 1101 6110 4996 5391 2184
14 2829 6314 427 8742 2123 1355 2184 5034 5896 2826 5092 3933 8106 8741
10 296 6563 2185 8743 8902 3041 8744 8342 3952 8651
12 3203 8207 265 2682 8745 641 9835 2185 2788 9396 168 8746
11 9885 1051 8747 9934 4543 3175 8439 8748 2186 1853 9376
7 5130 8273 8749 8750 2946 1893 2186
15 8752 2187 6126 240 4761 8941 912 6160 4640 2431 8751 1281 3397 4007 2226
17 6623 8725 6505 8754 1636 8616 6075 2187 9877 4575 7414 837 6024 7561 9948 1711 8753
9 2188 2237 8755 3548 8756 6516 7781 6065 7033
9 8757 488 8758 9612 2871 3785 2188 2398 1728
10 1730 8759 6092 2969 2664 6357 8760 9037 2189 7339
8 238 1390 4357 8761 1448 8762 2189 3644
9 8764 3692 314 4096 1251 2521 9518 8763 2190
6 4991 2190 6744 8765 8766 7275
15 8768 1146 4605 2191 7688 9534 4235 6859 1833 4656 5022 8767 5197 892 2746
9 8769 8770 6669 2191 7048 9244 7768 8110 4140
7 2192 2353 5916 8771 62 8772 5861
20 4685 9255 2192 6503 4096 5442 5389 9203 3505 391 9842 8773 4130 2827 5867 7721 8774 2309 8575 5843
11 8775 2193 7791 2519 7275 9410 8776 7329 6651 1330 2496
10 8777 2193 2981 8778 8835 6355 8563 9994 8901 8300
15 2315 3284 5263 8780 316 7236 1521 9151 3254 3332 5826 2194 184 8779 6929
12 5763 5467 8781 9566 670 8782 2893 3564 7559 2194 566 9698
13 7501 9229 9583 3781 5591 5835 8783 6454 5519 415 2195 8784 7837
12 2195 8785 3598 1375 8477 2668 8786 3456 253 1461 9288 3243
6 3931 5782 6880 8787 2196 8788
12 697 9356 7629 8963 7353 2196 8789 978 620 9294 8790 5948
9 8792 8743 8874 5890 2361 2197 5033 7685 8791
8 5596 9846 8793 8794 2197 6867 8002 9226
6 8796 1391 204 4100 2198 8795
9 8797 2198 7086 8798 8457 118 7555 9166 5052
7 9306 8123 3422 2199 8799 8800 4869
14 51 2923 264 8801 2199 8037 113 1060 8013 1785 8802 9912 2244 1623
9 8803 381 8804 3432 2200 2000 6666 8012 7533
14 8806 8351 9531 8673 5888 4008 862 9150 3356 9219 6105 9305 8805 2200
10 102 8808 3780 402 1689 2201 3570 6623 8807 9210
10 7946 1705 3138 2201 6764 8809 6065 8810 5545 9908
5 2202 716 5501 8811 8812
6 9776 8813 2809 5289 8814 2202
8 3511 8815 2198 8816 6348 2235 5902 2203
11 2203 6440 8811 7079 3937 6705 8893 2842 8817 383 8818
15 9192 2614 6464 9892 8819 2204 3527 9019 4522 8820 4689 8239 117 7414 5178
12 1440 1625 6673 4259 7434 8821 5455 2204 8822 4919 7879 5993
7 8824 8963 2205 3073 7066 5082 8823
9 1544 8825 8826 6228 2205 3693 8133 6401 5808
12 7792 5064 1110 9457 8827 5831 8604 1813 1484 7588 8828 2206
9 2206 9648 9872 2094 1491 7040 4248 8829 8830
10 2207 8831 8832 1967 2583 90 6787 4495 4906 620
9 8834 9428 2207 8962 1441 7804 9744 8833 7122
10 6587 8836 6970 6349 945 4189 2208 2422 6826 8835
13 3484 4956 2331 3716 8994 5039 8837 3874 2667 8838 8749 2208 3794
12 5438 8906 1355 741 6525 8176 8839 3499 3738 2209 8840 784
12 8841 2209 6715 8842 2146 8448 9981 6525 3730 4025 8820 1110
11 2623 2210 8843 1521 1917 6176 2875 8844 2751 6991 516
11 2873 8846 7618 819 6810 9079 2210 9690 8845 8658 7467
11 1091 1690 100 8847 1145 8848 135 2211 7491 9963 9032
11 9417 7811 2211 641 8544 8849 4617 8850 5362 3909 6448
8 2212 8473 8852 2183 5044 6390 7883 8851
14 844 8853 7487 2212 725 5487 8854 4280 3875 870 3029 7591 4059 5156
14 4961 2463 6832 2119 7520 1872 2213 7314 3172 8855 9563 8856 8913 9181
7 613 8857 1077 6906 8858 2213 7835
7 2637 8859 8425 8860 2214 6877 9593
13 9130 8862 3754 2358 6904 9059 1381 2214 4742 9475 8861 5625 5519
9 2531 8079 2215 8864 2005 3624 1142 5736 8863
8 8127 3929 8311 2215 8865 4812 8866 5512
7 8133 2216 5492 5740 2525 8867 8868
7 8869 8654 8870 9789 2216 3176 6485
15 6892 8405 752 7886 5552 7756 4443 1203 1070 8871 8786 2217 760 8872 7961
11 8874 863 9033 2217 4598 271 1345 9271 8873 6434 770
9 4092 6467 8875 2218 2365 8876 757 113 809
15 9424 7380 3024 9828 8877 1002 6775 4474 2218 6113 3742 8878 458 3269 6557
9 2519 8879 8322 7062 8880 2219 5027 1852 2365
9 8881 859 8882 8077 2219 3243 9664 7554 6563
9 2220 3417 9621 8670 5621 2757 8883 8884 3823
12 811 8885 2220 3768 4921 8886 947 8992 7846 6867 5184 4997
13 5763 7914 2221 8887 950 617 8888 4435 7323 2419 1334 5425 5238
9 1278 8890 7650 9948 2221 8884 835 8889 863
9 8265 8892 8669 7556 2222 3625 4071 9952 8891
13 2222 7236 6326 7562 5741 1179 3325 9466 8893 4750 7881 8101 8894
13 2818 502 8895 6972 3966 2516 8896 5579 8226 7783 2223 9772 5015
11 7916 7542 2223 8783 8897 5490 4449 4252 8898 8477 7367
14 1574 105 9930 8320 4448 2224 3518 1341 6914 6252 8899 4663 2950 8900
6 8902 5849 2224 8901 1130 539
9 5604 5930 4865 8903 8904 2931 6912 1729 2225
7 2225 7119 8905 8906 6438 5027 7093
14 8907 6813 2226 4484 9351 8908 8941 1703 2276 6104 795 8817 2103 9289
8 7691 9334 3498 2226 8909 7421 1122 8910
9 2238 9120 3792 7251 2227 8911 5996 6732 8912
10 178 8913 3879 2137 8914 920 5556 2227 4585 8468
12 2287 173 2520 4889 8915 676 3548 9208 8916 2228 2058 3109
11 359 8918 6824 5850 7818 5692 7896 6835 8917 942 2228
10 8919 1154 2229 8920 7883 1823 6425 3270 8206 9447
7 8972 4091 7069 5752 2229 8921 8922
9 8923 2039 4512 9322 8924 5468 3921 2230 7365
12 6814 7908 2230 8925 8901 8926 7324 5450 3190 5398 6126 9790
12 8928 5298 8059 3652 3457 4317 2280 4325 6954 8927 2231 9769
8 2231 7690 8930 7776 8947 2533 2390 8929
8 7458 1126 8931 5926 2232 1922 8932 5656
19 4358 6313 2311 6244 5720 9115 8802 1453 3906 2527 8933 9047 1023 2232 5392 805 8934 6787 2942
11 302 8935 285 5878 5341 8936 3499 2233 4115 3835 8422
10 6686 4227 369 8697 7790 3646 8937 9218 2233 8938
11 7720 8940 2234 6204 6054 869 8758 1737 5482 8939 2383
11 7456 8941 2234 5608 8942 3153 386 124 9240 2283 8927
11 2235 8943 8529 9338 3760 8944 6708 1566 5672 3494 9124
12 3719 2804 8946 6393 2235 7243 4617 5492 8058 9701 808 8945
10 6969 88 7783 1586 8947 9244 5121 2236 8948 9680
11 2236 7857 276 9888 7294 4438 2378 8949 2239 8950 873
18 9544 3112 8951 9496 2237 8952 6187 1025 3086 1886 7485 8164 58 1371 177 3153 5502 867
10 7233 8953 8331 6404 4815 8954 2237 3799 5531 8809
16 9968 8102 2923 8956 286 2347 5932 2238 4026 184 680 5807 9499 8955 8158 5991
15 3305 956 9645 8958 5474 3473 1316 8891 2238 2030 5496 5557 9432 8957 9205
10 2239 6473 9962 7795 8959 3758 3083 8960 6655 6724
14 8961 9262 2061 3641 2239 8962 9702 8800 3104 902 2403 6561 6529 6578
11 2240 5043 8963 6609 9138 170 1726 8964 4907 1967 5457
13 3242 9304 2240 5158 8541 2797 6094 7737 8965 5985 6697 1943 8966
10 782 8968 5870 3677 2100 9316 2241 7381 8967 4767
15 4108 7569 6898 4453 8241 8969 7066 2010 8970 4758 2793 2506 5746 8983 2241
9 1162 4029 6360 8971 247 9622 7699 8972 2242
9 2322 2242 43 8974 444 5576 2849 8973 5570
6 4181 3358 2243 5933 8975 8976
10 7271 652 362 2243 9891 2507 7245 8977 2008 8978
10 2326 5730 133 8979 8980 1509 1314 9973 2244 3861
12 3731 2244 1458 9688 203 8981 8982 4012 1160 7617 9455 6479
15 5007 1361 3516 8984 4723 5886 3932 4243 3404 8983 1890 5527 2446 3500 2245
7 2245 6752 796 8985 632 1538 8986
10 582 9758 3742 8136 342 1690 2246 8987 8988 4853
11 8989 3990 9075 5265 8990 8364 1316 2031 2246 1849 6943
11 1160 8991 7430 8105 8992 7691 2247 558 3139 4415 2422
6 5421 1431 6854 8993 2247 8994
8 8996 2248 3285 7378 4541 3768 8995 7450
8 493 4861 288 2248 8997 8998 4205 3291
9 1400 9000 623 6395 2527 2249 4664 8999 32
14 9871 9001 385 3886 9002 5827 834 7344 3305 7141 4092 2249 9773 140
16 2326 6590 4927 8815 8148 178 1709 7982 7421 1626 9003 6881 2250 330 9004 1599
10 2250 9006 4912 784 3926 6654 9005 8586 6737 2609
8 4125 6791 9007 2251 9008 634 6891 6855
14 2036 3068 4013 6658 9009 7505 8656 8526 2251 9010 1008 7275 3913 2706
9 7942 9012 2989 1611 2252 2888 9011 3271 1953
6 8584 9013 2252 9014 6148 2816
10 2253 4232 8482 9015 2851 2511 2116 9016 8675 7577
16 3129 9017 2253 5838 9018 1090 5160 6583 9490 2001 5612 9735 6003 9585 8085 2249
9 2254 6587 9019 1891 4080 9020 46 2894 9371
10 9022 8266 2070 3735 6388 2254 4075 1617 9021 663
10 9024 5349 9204 8863 2255 3571 5148 5282 1898 9023
8 5860 7642 4461 9025 5073 9026 7530 2255
16 2256 9028 1361 2423 6886 2741 6504 1346 8424 8359 8924 5895 8103 7055 3039 9027
10 9029 9030 4029 2256 598 6965 1642 3887 5974 3877
5 7907 2257 4956 9031 9032
10 9034 3044 4574 7083 9462 2257 8772 3465 1832 9033
11 8184 1877 3231 9035 6616 7926 9036 9118 9931 6699 2258
10 2258 3202 343 9038 7526 5510 7614 9037 1555 5683
10 1113 9039 5526 2259 7507 9040 4967 1132 9745 5887
9 8222 8360 5555 6157 1393 2259 6125 9041 9042
15 72 5926 1944 3834 836 2130 2082 2260 3010 8803 9043 6486 9044 2977 6072
11 5243 660 7073 8419 9045 5695 9046 4409 3235 2260 7198
15 9835 7070 3561 9047 6026 4981 2218 3572 2261 9048 2232 8219 5028 6646 3514
10 6281 9050 2794 5997 4920 3256 4302 6674 9049 2261
8 2262 4757 9051 4977 5563 9052 8923 2766
13 328 7068 6507 9463 389 2262 9053 4227 9054 2284 4907 5936 5883
12 4578 9055 8181 1855 9056 1001 1845 1 2263 5269 625 7286
16 5430 2263 7158 2990 9057 2942 6276 1485 2754 9058 7290 6221 4240 4224 1713 2123
8 2555 6110 9059 1934 9328 6230 2264 9060
10 6728 6545 9062 2264 9347 8803 5554 7014 8328 9061
10 6012 7725 9063 2265 4331 7502 2665 9064 9398 4296
9 9066 7440 3908 3117 3465 2265 8873 8239 9065
9 9067 968 9068 1952 594 2266 3273 8151 1746
17 2820 815 3487 5962 2958 5210 6853 3221 9069 7114 9403 2266 9070 2048 3799 3708 9152
14 5490 2189 2267 7593 849 6138 3357 9071 8421 9474 5380 8523 9072 7035
9 2569 9073 9281 2267 9074 2483 9388 1449 1989
10 2268 2354 1269 9260 1237 9075 2543 2898 8925 9076
12 2062 9078 2494 1975 2268 4864 8072 5405 9077 4054 1251 3776
10 7195 7118 8200 7062 3186 9579 9079 9080 2269 3623
11 8404 8515 6588 9081 1503 6012 9082 1371 4299 2269 4594
10 9083 2270 2300 9084 850 7409 4497 1438 3242 9733
13 6608 6909 9085 8235 5694 707 2201 9086 2270 9058 7412 7526 9771
13 9088 8344 4373 7816 2062 9744 2271 869 8297 1108 1348 9087 9823
11 8730 5726 9089 1244 1745 3008 2271 9090 427 263 3184
7 5704 9091 5180 9092 2080 7149 2272
12 3705 9094 2272 9676 8261 1920 9815 7933 1973 3174 6445 9093
12 5663 1700 2273 9095 9096 8055 9564 8503 3641 5597 9298 6033
11 7692 2284 2273 6490 3691 2606 7885 8772 9097 4686 9098
6 7719 9749 2274 9099 5289 9100
11 9101 8951 9102 6919 3213 2274 5021 4822 9783 940 7673
11 9116 5335 2275 9104 776 9906 8700 2184 9103 2686 9843
7 9106 2275 3108 7222 5413 8129 9105
16 5572 2183 1734 2276 5675 3289 6017 9107 9217 657 8855 9876 9108 7205 8015 8991
14 1699 9136 2310 1318 3665 5193 2276 8560 9109 804 5963 9110 5959 2690
10 878 9111 7111 2179 9112 690 2277 4580 7642 186
10 2277 9113 1213 5727 9114 9346 8696 5094 7981 984
5 9116 1957 9115 2278 8095
12 3582 2278 4333 9117 2122 1240 6886 9118 7431 1888 7529 422
8 1506 166 9119 7135 2279 5838 6481 9120
11 9121 3235 9784 9122 8049 3342 1599 6643 2279 9120 2344
11 8147 9123 1075 9124 4088 2280 5909 6995 1375 3797 8244
10 8090 511 7892 5477 2245 3996 9125 2280 9126 1746
10 2281 9127 1039 3277 7591 9128 4871 6315 3166 1027
11 6819 6055 2281 9129 3073 1221 7958 9130 3681 6362 7595
13 9132 6953 922 8478 193 3584 5169 3072 4787 2282 3533 9155 9131
10 5958 2620 9134 7675 8391 12 592 2282 1459 9133
9 2774 9135 5472 3361 9136 2283 5924 4790 4242
11 1631 6789 575 8429 9137 5990 5344 6930 813 9138 2283
11 976 3817 1470 9139 6301 2284 9140 281 8796 6353 9606
11 9163 365 6757 2284 2461 9141 1236 9556 3945 6690 9142
9 2530 6070 9144 2766 2285 8186 7686 6581 9143
9 2614 2282 9145 2295 9146 1387 2285 7044 1740
12 2880 7479 6906 3035 9777 5195 9147 1351 5834 9148 3078 2286
15 1119 9149 4516 7438 2286 6881 9150 2617 4143 6635 7391 205 964 6619 4215
13 2287 9151 251 6293 321 9152 4376 6298 5794 109 9349 4158 8654
13 2287 5098 3527 2698 9153 560 7165 8263 1733 1484 7166 9154 8349
10 9155 7350 9465 9156 5302 2288 8396 4672 6254 1296
14 4527 1498 6981 6656 1341 2835 9157 2385 1672 772 9158 2288 283 754
11 9160 3635 221 136 2289 381 8197 4101 3709 9159 4061
14 680 9161 8385 9158 9162 2939 7394 2289 9265 3199 1767 4555 2763 5802
11 2290 2366 2946 5467 9163 3753 8346 5899 669 9164 2896
10 3711 9165 9166 8650 9386 2290 742 9335 7583 8445
12 2666 7199 9167 8676 5537 9168 912 2291 3809 7531 5645 902
12 2291 9170 9383 6090 9404 9083 9169 6274 2921 696 2308 1138
9 9172 3173 6278 909 2630 4456 9171 2549 2292
8 2292 9173 1216 6994 9174 933 8642 5906
11 1319 5486 1791 9215 8695 8455 8752 2293 9175 897 9176
11 4749 5172 9177 9178 954 1852 8561 3279 9753 2293 2531
12 2294 587 6607 3137 3795 5661 615 3049 9179 2132 9176 9180
9 9182 2294 3559 7509 9181 3722 5831 9312 6047
11 3373 2295 7007 9183 3912 8370 9184 7298 8729 3437 3172
12 3242 8586 8517 6891 6176 9185 2295 7620 4831 9186 2307 7931
14 9188 9566 7700 1314 5366 9180 7066 1213 9604 2296 8804 8585 9187 1610
8 9189 385 9190 8044 5212 9648 2296 4540
9 8177 7421 4115 8154 9191 5386 9192 2297 5379
9 4304 2297 9193 3256 2745 9194 8061 5162 9790
7 9195 2298 9196 3813 3533 7795 9836
7 9198 239 4436 2298 9497 5948 9197
5 9200 4285 2299 9199 2629
11 941 2977 8745 9201 3651 389 9202 2299 1952 8934 8861
7 1135 2824 9203 9204 9379 2696 2300
10 7619 9205 8445 2300 9206 5933 8727 1025 5455 8704
13 3960 7343 1295 4843 2301 3081 9207 3399 3779 5557 9208 896 306
10 6120 9210 1342 562 746 7524 5784 3572 9209 2301
13 240 2129 5010 2400 4383 9211 9212 4975 2302 4614 7599 970 1092
14 3773 3647 3050 4136 9843 913 9213 3273 5526 9962 9214 770 2302 9146
9 9216 2303 1439 1114 4365 1384 1196 9215 7418
11 8146 6751 2312 9538 40 2303 8237 9217 3579 9218 2469
14 3173 6314 2304 4811 7694 1081 9219 6434 7507 4702 8484 6077 9220 4817
10 396 9221 4964 3393 9222 2304 3860 6377 8707 1637
11 4969 1675 5974 109 9223 7479 496 9224 2986 3567 2305
10 9226 2305 2574 1227 9541 6939 7041 2307 9225 3699
7 3089 9228 824 5107 1566 2306 9227
15 2232 6060 2306 5967 6126 9229 6367 4605 8014 7079 9230 6624 6868 8946 241
15 9231 6450 6223 1225 9232 3988 7915 7033 2307 8262 9201 8376 7116 9157 2428
11 9233 9184 862 283 723 9234 1122 5434 8951 2307 3352
12 2308 5752 534 1330 8128 4472 9885 4424 9235 9508 9236 7980
8 9238 9235 2308 8464 1605 9704 9237 3821
16 7977 6534 2309 6697 4275 9239 8792 9179 9240 8736 3273 1236 4943 4878 8135 3179
7 1793 2309 9241 3811 5123 9242 5157
10 9243 4163 9244 1415 4202 726 4253 2310 1890 1818
8 9678 209 9895 9245 8928 9246 9307 2310
13 8155 1389 7741 3006 4924 8580 9247 1342 7296 4310 2311 4031 9248
10 3445 2311 1678 8761 9249 9250 4985 5986 1601 7268
14 4290 3682 8027 2244 9251 2312 8276 5251 9252 3967 3448 1657 6301 6525
17 9254 7107 8319 9620 7022 8649 3506 359 2312 8085 3403 6959 6337 1296 6626 9253 3170
13 150 8225 2163 5685 556 8633 2313 9255 8182 9256 1165 7411 801
11 530 1514 9032 9386 662 3990 1829 9257 9258 2313 6295
10 9259 9694 2314 5389 9260 6394 1057 3139 5407 8794
11 9261 3942 2314 9262 7038 3769 6579 1135 3118 5421 195
9 1849 8176 2315 1114 3334 9263 7556 4100 9264
14 9266 1483 9349 3493 7056 8170 2532 9049 6150 9932 9265 2315 2583 4854
9 9026 787 2666 9267 9304 9268 2316 8061 9253
10 14 9270 864 7014 6067 8218 1110 2953 2316 9269
12 9271 3542 6043 8873 5474 2440 2317 9638 5694 9272 7943 6351
13 1933 7926 102 5454 2317 9988 6447 9273 1782 6293 6846 9587 9274
16 5727 1107 8240 9700 6171 5163 2318 2752 3527 4076 2742 9889 9275 5344 7438 9276
9 581 1044 6337 9277 9278 8916 9819 2318 948
9 9214 9279 1594 9280 8935 6284 5658 2319 1613
14 2319 6879 2295 9282 822 1208 9560 2453 4375 9512 5987 3706 9281 1896
6 8383 9283 2320 9284 6389 5312
9 2656 1019 9285 5138 9582 2320 9286 7115 2285
6 9287 3322 9288 2321 1917 662
7 807 9289 6854 8391 9290 2321 5307
13 5393 5507 1785 2322 5801 4952 9291 5404 751 4880 9292 9223 6458
11 9294 1185 7916 1847 2322 8958 5173 8654 256 9293 9879
9 2596 2323 850 9295 7966 8950 5356 9296 2643
11 3056 9440 1876 9298 2323 9144 6863 2549 4129 956 9297
8 3614 9299 9300 9443 16 1434 2324 1887
16 8713 1331 4953 9397 7104 5177 2892 9301 668 565 1387 7094 1010 821 9302 2324
6 5743 1656 1243 9303 2325 9304
12 2325 669 9305 9098 5349 7610 9952 62 9306 7734 3420 5018
13 9308 1956 2670 2326 8684 6834 7245 4098 5009 2927 9307 3856 3259
14 5776 2811 2027 9310 2235 4212 3799 622 453 3923 2326 3371 2401 9309
9 1249 1666 7367 3344 9311 8929 9312 4771 2327
15 9099 8400 2327 7319 34 457 3896 4013 9313 222 345 7256 4383 1980 9314
14 3863 2328 4072 492 9315 2761 8246 3884 9316 596 1590 8398 1884 2632
15 5145 21 9317 1980 2328 530 9318 7277 6139 2875 8685 3927 7803 1061 1891
10 9320 1287 1014 5629 2130 7935 9777 2329 6204 9319
13 1770 8426 535 4881 9321 7980 612 9322 1212 8709 1330 2329 3226
15 3407 4233 4301 778 9323 8022 6473 8124 9954 2423 2330 9324 4080 3893 6332
12 9948 9326 5309 1097 6509 1243 2654 7258 7418 9325 1061 2330
13 9327 9502 2331 4013 9328 8417 3137 2157 4031 3379 3380 4449 1852
14 40 1637 2718 4323 7201 2331 3788 1789 9329 4499 5040 8374 2188 9330
17 5030 9332 8511 2854 2971 4840 2332 3394 5016 3036 7749 6944 5993 9331 8319 5969 2529
12 6303 2174 2741 9333 6642 5329 9334 2332 3016 5879 8278 4128
15 9336 5197 2330 1038 6389 6743 8574 3428 5740 941 7322 3046 5570 2333 9335
15 1808 1559 2333 9236 2432 9338 9286 2276 1747 9226 9661 6880 1408 6925 9337
13 4056 5902 9477 2334 9339 6249 6827 3485 9340 46 8011 454 9816
9 2880 4907 8320 9341 2334 8500 3573 1354 9342
17 7793 6277 9343 7359 9344 8665 5258 1345 3359 6295 2335 2220 3831 8382 6955 3649 2913
14 6838 4160 1571 4577 9796 9930 9345 7792 2335 8252 9346 5833 3172 2514
14 5408 5359 2336 9348 3326 3835 6362 8371 9989 1508 9896 8428 9347 8526
13 8575 8376 7982 8645 5372 7454 9044 9349 2336 6694 769 2869 9350
4 9134 2337 9351 9352
11 9353 8927 5170 3115 9354 2719 897 2337 5964 6242 8186
8 9355 3715 5619 7042 9356 7270 1146 2338
9 2338 3683 2668 7421 9357 3518 9691 9358 6768
13 8208 5728 4228 2819 9359 3808 2339 9360 90 7258 3836 7910 4934
13 9579 5375 6770 340 8027 8779 9942 8210 8621 9361 3546 9362 2339
13 128 9242 9364 9397 1295 2340 9064 3712 3832 5683 3096 9363 3421
10 1609 9366 1939 5378 9314 9786 8359 6550 2340 9365
10 8191 28 9769 9367 7615 111 1946 7648 9368 2341
13 7679 2341 5021 2478 8596 6104 5177 9369 7633 7662 9370 3410 5044
11 2342 4386 9371 7261 9372 1829 1245 1247 882 1285 9691
14 9878 9374 5788 6260 5882 2342 3831 5566 6892 4548 9373 2600 186 6190
6 5200 9376 5701 2343 9375 4206
13 9046 1791 3974 1846 8425 9377 8979 4011 9378 5020 7789 2343 6618
13 3582 1575 5174 5028 2109 4409 9379 7700 6545 2269 9380 2344 6709
16 3369 4835 9381 6840 49 9512 9382 6585 3891 947 3643 7557 4262 3950 3555 2344
9 9330 2843 9383 2345 9384 3334 5058 3629 2342
15 8195 5540 975 1579 302 4051 3485 7729 4757 2345 9787 671 9385 483 9386
13 9463 4366 6447 9484 210 1381 9399 9387 8749 9388 9121 2346 7560
14 2346 2700 5452 7351 731 9389 9288 4897 6243 9390 30 1548 2794 8968
11 9392 3771 3553 5884 4295 691 2930 2179 9106 9391 2347
7 9393 9072 9394 2347 8175 8700 7445
16 7393 816 8833 2348 5190 1092 5589 9647 7504 9395 6655 7688 8497 9396 5700 9677
7 9397 5767 9398 5690 5056 7773 2348
13 6552 8565 9399 9400 5509 3720 2349 8364 1691 1596 8202 8385 799
12 9402 2262 7045 185 5289 6261 6696 5749 5587 7262 2349 9401
12 1537 5537 2350 9404 6505 6648 9657 6097 3352 2219 9403 8411
13 5951 2732 329 2342 4263 2350 3985 9405 4609 2122 9406 7288 1106
10 5953 2221 6368 2307 2351 1462 9407 5374 6114 9408
11 9409 6677 8409 9869 9410 8475 9260 741 2351 3000 6586
10 2178 8868 8023 5466 2317 3471 3850 9411 2352 9412
10 2352 9414 188 4084 8111 2640 8510 3013 9413 7454
12 5621 9415 2353 128 2770 9416 9746 16 7530 6221 2395 634
11 5452 5700 3367 9417 247 5490 2353 9418 1776 9045 9216
12 6638 9420 2829 2354 2751 3616 3849 2410 5372 6995 8882 9419
12 2816 9421 1896 4177 7791 9422 606 1699 7899 2354 9278 2685
14 9965 2355 6432 8803 9779 8666 2039 9939 203 9423 6821 9424 3665 5952
8 8282 9425 2299 3586 434 2355 9426 2228
11 9113 2356 7190 9427 9029 6484 9428 4866 5342 2012 6746
12 9430 1977 2356 8382 747 9887 5996 3184 9441 7168 9429 1161
7 1015 3453 9432 5180 3374 2357 9431
9 3146 5398 5074 9433 151 2274 995 9434 2357
9 9435 8732 9521 9436 9149 6071 2358 7255 1787
9 2358 3383 5257 9437 2544 6380 9438 3533 3974
9 7542 2359 9543 1234 8581 9439 8915 133 9440
14 4766 9442 5092 116 9375 2267 1499 6887 2359 5659 702 9441 2581 449
8 1357 9443 1518 39 904 7484 9444 2360
11 2360 5923 2449 9445 4084 4322 9446 2890 4872 897 2965
9 9447 4491 9448 8062 2666 4039 3097 2361 3221
8 2361 9449 5940 1908 2738 9450 5880 8166
9 1775 3074 4990 2362 9451 8976 6321 7073 9452
10 7086 7704 6826 6322 4325 9453 2977 9454 9247 2362
9 7820 9455 2398 1319 9456 8334 2363 5619 62
11 5217 133 9458 3110 9550 3923 9457 435 9827 2363 1126
12 6552 9460 34 2364 9538 1083 2917 3949 2135 6182 9699 9459
10 579 50 2364 2309 9461 2517 7494 9462 1167 4071
10 9463 2065 9464 940 6675 7135 2844 2365 999 3633
9 4316 8875 1525 9465 3971 2119 9466 8966 2365
6 5517 3980 9467 2366 9468 1179
10 2366 4957 9470 1165 3114 3547 5796 4805 9469 7867
13 9185 1973 2367 9467 9471 5100 446 1302 9797 3083 9472 7269 9961
13 3718 4151 287 2091 3283 77 7374 9473 2367 8197 9474 4912 2938
12 6035 9475 5930 2603 9476 2446 2368 4180 9209 2834 9063 2459
11 1716 2580 9477 9746 5054 2368 8953 8055 9478 5022 3755
10 9480 2369 9371 2500 7311 5193 9479 5893 2944 8532
12 8171 9481 3631 2369 5 1059 5558 9482 4164 9938 1790 8028
6 2370 4994 9483 6520 9484 1971
10 6705 9486 2370 7011 560 6541 4430 5854 9485 6944
15 5412 9881 4766 105 4154 3045 9487 4295 9528 9894 736 9488 2371 348 976
15 5677 9325 2114 710 8573 1143 6780 9493 9489 1008 4749 9559 9490 4794 2371
9 9491 9492 2372 527 2253 8460 6778 2097 6323
18 8008 8285 9493 7806 9583 9494 5904 2061 6343 2372 1263 8844 8352 4119 8121 7397 6430 3042
7 7280 9496 3280 2373 498 1657 9495
13 9408 37 9498 9742 3770 7258 6738 9304 9658 2373 4021 5691 9497
13 5338 4588 3689 3469 2300 9499 2694 9500 7317 4744 2374 8826 800
14 3604 9502 2374 1436 6827 5408 2805 970 5547 4043 4446 9899 3523 9501
17 2375 7462 9503 9353 5881 9504 9675 3093 9163 3820 9216 420 6631 6802 5200 4306 8380
6 836 1936 2375 9505 9506 7660
16 9061 1265 8691 2711 2187 638 668 2821 3315 8147 5285 131 7555 2376 9507 9508
10 3277 9509 9757 8932 9510 7563 2881 9503 2376 5860
8 1997 6220 2267 9511 7202 9512 2377 8085
19 9513 225 6200 1641 9514 8600 3591 6925 6929 1337 4161 1241 8963 8203 2163 9590 2377 3431 6687
13 5610 4525 2378 3818 2129 4167 1277 4692 5937 7474 9515 7592 9516
9 2813 8524 9573 2378 1836 9517 4484 7993 9518
11 5469 1640 9519 7133 4123 9520 1698 5162 6077 1744 2379
10 1263 2379 7353 9521 7550 9522 7108 2760 3193 8706
9 9524 3787 6760 4375 5988 3942 9523 2380 8450
9 2380 9525 6630 5911 6834 9737 9526 3096 1413
10 2693 4256 7827 1800 2381 368 9527 6287 9528 829
10 3500 4305 9529 9530 6493 4062 2381 5157 364 1846
7 9531 9532 7556 2382 6093 8041 6443
13 4720 2575 6530 3844 4743 7015 1208 9679 9533 7980 2382 1315 9534
11 9471 694 9536 7239 2383 1728 249 9535 4483 3362 1167
9 1717 2383 9537 7960 9538 4818 6843 2774 7417
7 8222 9540 6027 1232 2384 2909 9539
7 9542 9213 248 8425 2185 2384 9541
9 787 5927 3575 2845 9872 9543 9544 2385 4655
10 2385 663 6413 9545 7963 6577 2913 7948 9546 2262
6 9547 2386 2221 9548 6812 9659
9 4288 3929 8012 9549 6975 2386 9550 1765 8815
15 2779 5128 8312 4164 9552 1763 6235 7955 2387 2597 8168 9551 6786 2819 1168
7 1014 6714 3390 9553 9554 2387 3060
14 3872 341 8981 8465 4010 9555 3127 2683 7592 9556 3660 6958 6149 2388
13 8792 9199 8508 9557 2388 9558 85 775 7668 3812 2863 3351 7682
9 1901 5704 323 9559 2389 2489 9560 9621 5227
10 9562 7741 9917 2389 5823 275 7340 7072 9561 559
6 9564 7820 5714 3631 2390 9563
11 1698 1358 9109 5840 9565 2710 9566 8826 6948 2390 3287
13 292 9568 4324 2391 1653 8125 7259 2434 9000 0 2045 9567 2059
17 4112 9569 888 1322 9570 1847 8830 1407 4110 2391 422 1606 3118 7957 8506 3991 6047
7 7963 2392 9571 5563 9572 9950 6047
14 1946 9574 3154 6765 8489 5460 5684 5932 7457 6327 2392 9573 3001 3574
14 6980 3048 9575 2514 2156 9576 4565 4803 1238 124 5678 9423 2393 9919
10 9578 2393 8709 8746 8230 5075 9577 3462 9838 5768
8 9303 9580 1021 246 5873 7330 2394 9579
23 8701 7396 2394 7673 5929 4097 9133 4012 7714 6576 837 1733 9581 3931 1632 9582 8391 8261 8879 4567 5350 733 7855
9 6743 382 2395 9583 2641 386 9584 5490 9064
11 2058 9585 8740 9586 6094 7367 5867 7270 2395 9458 5055
8 2457 2640 9587 370 920 9588 2396 7410
12 4325 1009 5284 9590 6221 9381 5153 9589 2396 4744 4256 5906
10 4939 2397 9591 7465 9592 4213 550 1440 510 2431
16 5839 9755 6921 6385 2397 9593 8231 5816 6369 7906 9594 2395 8960 9993 2798 1465
13 9595 3145 3579 9596 1648 4236 5149 5792 2398 6443 1467 9542 2790
9 9597 7007 3022 9598 3338 253 8766 12 2398
9 5974 8064 536 5248 6895 9599 2399 9600 7543
7 9602 2399 4009 449 7283 9601 4042
7 9603 2400 6587 9604 5563 2178 7747
7 1668 9606 4258 8372 2400 2339 9605
8 9607 646 4318 9608 2401 4787 6321 8562
9 7843 6250 6230 9609 2095 65 9610 2401 4870
11 4815 9406 7662 9611 9530 4734 8896 9612 2402 2060 4839
13 552 5620 204 9613 1078 2402 5824 7760 9614 6191 2560 4973 5164
17 4250 9616 7693 2403 1483 1583 1200 4890 3757 3246 7090 9615 1564 1107 6757 6981 8888
13 2368 9618 2948 7752 2847 2403 599 9876 4325 8258 5855 9617 4167
10 8813 9619 3553 8737 1872 5956 9620 2404 8499 8357
13 7806 5700 1657 2208 8226 6864 905 9621 3003 9622 2267 2111 2404
13 2694 4165 6061 9623 4903 2405 9624 1797 5648 4609 1116 6283 703
7 8779 9625 2755 9626 2405 7553 4432
12 4044 7291 5543 9292 2406 9134 2126 9627 7708 9628 7461 2689
11 6152 8872 9629 9630 9041 2406 1384 5760 7858 7009 1660
12 7743 4805 6182 9631 6098 4476 4826 9632 192 1168 2407 1297
11 9634 2407 7386 134 5309 4148 5651 5424 9633 3586 9113
14 9635 9038 9636 5058 338 9299 1438 1049 531 7877 2429 2496 4609 2408
8 8472 2408 1859 9946 9637 5702 4768 9638
12 4859 1228 6889 4138 2409 9639 4947 2680 6118 9075 9640 2616
8 4867 2236 9641 1934 9642 828 2409 5977
13 9644 2410 6376 5925 9723 8926 3537 4857 9643 5703 2668 8074 6391
12 9646 7174 269 2410 1413 4219 237 3744 6758 5339 4550 9645
7 5909 2411 8695 9647 6021 9648 7331
7 8798 8018 2411 9649 2518 5702 9650
11 9651 8342 9652 2358 4243 2412 9528 4316 6662 3603 3471
7 9653 1098 9654 4815 8569 1241 2412
13 8306 9656 143 3183 3470 3415 411 2600 9655 7045 4303 2413 2151
6 3327 2413 544 9657 4046 9658
13 9361 3167 711 6499 1625 9659 8671 2414 9660 1527 8925 3573 8673
12 2256 4298 9662 3158 8115 2414 1561 6912 6083 9661 7494 4843
8 9663 1562 9664 2415 4592 1138 3438 3048
9 2967 9665 2415 5319 928 2045 9666 8853 5743
9 7028 9667 2416 7049 9668 152 3682 692 7210
6 9669 2416 9670 1916 179 9428
9 9672 4690 4302 3122 4283 2417 6792 9671 8598
15 1871 9674 1598 4901 9110 95 9545 1334 3501 117 9933 2417 8164 6558 9673
16 8657 4258 9776 2462 9675 9789 5414 64 9676 8127 2418 5468 1968 2394 968 4285
10 2418 1209 7924 2564 9677 8148 6542 7880 8112 9678
9 9679 2419 9680 4883 6237 6124 3979 4349 4805
6 7471 4665 2419 9681 6831 9682
15 9684 3545 533 1809 2420 9881 9751 9324 9683 3138 9057 846 9403 3471 3672
13 9021 7513 9774 9685 7295 9686 3529 7141 3567 2420 9020 312 3149
10 6889 4603 4128 9687 6264 9688 2421 2739 5103 4830
8 9689 2452 2421 9690 674 4353 9761 635
10 6983 7227 2422 8915 3235 6972 9692 5840 233 9691
6 1427 2422 7163 6602 9693 9694
13 9695 2704 7898 7390 676 6004 9696 7273 2423 7615 6066 5253 3263
13 5268 5386 6090 9697 6136 9698 9007 2423 4020 6406 2662 656 6951
14 3393 9700 2424 8342 796 5374 1074 390 6331 8218 6868 2535 7369 9699
7 2798 9702 6604 2424 7399 2289 9701
11 2425 4043 6495 9703 556 9704 4272 1639 6598 5777 56
8 9705 9706 5291 2510 2425 7597 9708 7163
11 7389 2485 9707 2012 8578 9708 6676 6046 2426 7388 4493
10 2426 1249 3106 619 8094 9709 3240 9710 7295 4632
13 9712 2211 6879 109 8201 4097 4166 5063 6336 4165 9711 2427 7012
11 6284 2427 6062 9713 2931 9494 9714 4105 8633 5401 1522
12 2484 8766 8392 8209 6339 3359 2428 9715 4821 2016 9716 8639
16 9717 1750 9718 6258 7173 8324 1741 479 4328 9162 408 5190 2428 4208 3697 706
14 2892 4819 3936 5725 891 3391 9719 2965 1261 2353 9720 2848 9749 2429
9 1524 483 2429 7460 9721 8030 5981 175 9722
9 2515 2430 4498 9723 1035 3288 9724 2947 9010
5 2966 9725 2430 8144 9726
9 9728 6890 4906 8988 1201 3763 6567 2431 9727
14 6452 8843 136 8376 9730 923 1821 9495 5348 9996 4538 2949 2431 9729
7 9566 1887 4451 9731 2432 993 9732
16 2525 2038 5887 1812 9734 9198 9442 2126 4713 3417 4186 234 7927 7789 9733 2432
12 4820 9735 2433 6585 2081 9736 5508 3877 4267 9485 3543 3349
11 3210 3007 6666 6081 2433 9765 9737 393 2692 1809 9738
11 9740 1018 8688 2434 5180 859 4986 9739 4081 4399 1911
10 8586 9940 9741 5033 9742 2434 3178 210 4804 8796
12 2435 2474 7571 8059 3617 9743 4563 1114 9744 8667 7663 2015
10 9745 6598 2435 2806 9746 3852 6759 4722 6345 5650
7 9131 6383 738 2436 9747 2247 9748
9 8625 5783 9121 299 2436 9196 6171 9749 9750
10 9832 1273 9751 6909 4958 9752 5955 2437 9192 3343
10 2280 8308 2257 9753 1133 5586 9754 2437 7470 376
8 9756 6540 2438 1987 8721 7034 2433 9755
13 9369 7845 6731 230 2700 2438 9757 2066 7139 4093 9758 4619 1310
8 7871 2439 9128 1624 9759 2717 9760 2064
11 9761 7977 9762 774 457 2439 6368 1680 7999 5149 4645
9 3771 5888 9763 2111 8141 4660 9764 88 2440
10 9766 2440 8648 3074 1307 9642 5800 7821 9765 297
12 7812 9768 8520 8821 5032 4839 1360 9433 671 1793 9767 2441
8 5116 2441 7683 9769 8233 6139 9770 5949
7 7202 8532 9772 1854 2442 9771 991
11 5727 9773 8656 9774 1538 2398 4961 7494 3753 2442 4363
14 9610 2443 7899 9005 1447 8729 2344 3081 6579 9775 2592 9495 6230 9776
11 6717 2443 8328 939 3661 9777 9566 5728 267 9778 6826
13 2444 5554 4457 9779 143 8113 9780 1590 9500 6215 8053 8606 3522
8 1066 2444 9781 2055 4807 9782 6697 9080
8 9784 5706 3153 1291 2445 3752 7193 9783
10 8881 212 1877 9785 6036 1368 7013 9786 2445 8368
10 9012 9302 2807 7745 1654 6245 9787 8641 2446 9788
13 2355 2446 7089 8996 7093 9789 9790 8428 8510 4937 9361 8430 402
8 9791 471 2447 9792 6824 7003 3457 288
14 9794 8860 450 403 2347 293 1735 2447 6300 7073 6085 9793 1554 2785
12 5346 7542 2311 9071 3008 9795 2448 9796 4694 7402 5052 1663
10 1631 6466 2663 3724 3969 9797 8980 2448 288 9798
8 2449 9799 9075 3206 9991 9800 8422 4210
12 9801 545 6967 4130 2449 5325 9802 7786 2734 7689 6701 9089
13 5153 5788 4349 5959 4836 747 9985 2985 7672 2450 9803 7388 9804
12 9806 4198 2477 7477 2189 9490 5416 9463 2450 9805 7435 3355
13 7387 4811 5306 8262 271 9807 2413 7726 4961 9808 2451 252 1721
9 2318 7541 9810 8338 8861 797 9809 2451 793
9 6290 5392 2452 9812 9911 1579 745 717 9811
16 4863 5095 6392 5173 817 2452 6308 9813 7597 7293 3303 9814 9778 4415 5330 1440
13 3317 4670 8292 6780 2453 672 355 6663 2803 4481 9815 4526 9816
6 9817 9818 610 6143 2453 2636
9 5045 6379 9819 7002 9820 1426 2889 7247 2454
16 8480 6313 2680 9822 2454 3816 9527 3564 8580 4986 986 133 3091 24 6597 9821
12 9565 186 9823 9209 5379 2455 8876 7327 4311 9824 9552 4144
16 4502 5245 2845 8860 7311 3353 3097 5446 9825 1247 2455 2212 9826 7472 4736 6424
6 9827 701 9600 9828 559 2456
7 9788 9829 9830 705 6286 2456 6156
9 2457 9077 5426 8488 1889 7500 6927 9831 9832
12 9834 6748 2985 1210 2457 1045 356 1680 7409 9833 5048 1306
13 3000 2458 9835 3201 5270 9836 4329 8458 9873 3416 2345 9138 803
11 2351 9838 5915 2458 7420 2636 9417 7978 24 8881 9837
14 8306 9839 464 8864 9840 1663 586 4018 2459 9354 4410 4271 5496 6195
12 2459 606 8310 6981 4524 7022 9841 8028 9842 8931 2568 2087
10 3218 305 9020 4442 4224 3750 9843 5871 2460 9844
8 2460 9845 9846 6931 6354 2285 975 7481
10 9848 7917 604 2934 7560 2461 1748 988 9847 7359
10 9850 3115 1323 1921 3043 4623 2461 8669 7628 9849
8 3274 3782 3294 9851 9852 4136 2462 1065
18 6139 4150 6517 2462 5501 2133 5705 9767 978 9853 3656 248 9874 5341 9854 8362 1750 2624
13 2463 9855 4501 7916 3601 9856 3187 5945 4079 3653 3154 63 3943
10 8722 3533 5258 1675 9857 2463 9858 9497 817 1196
10 2922 9174 7434 7959 2464 9859 5228 8396 1236 9860
8 193 3724 9861 1783 9862 5040 3494 2464
14 5580 6865 9863 3895 1475 1639 2933 250 2465 5542 9864 6831 7584 6958
12 7186 8540 968 4005 9866 1781 580 7216 2126 29 2465 9865
8 9867 2466 9868 5149 2013 5060 657 1901
14 2199 5061 9176 6189 5010 2466 2381 9869 3656 9870 3036 8817 8167 4679
11 2075 7775 2467 9402 9512 1785 4239 9871 3753 6818 9872
11 5387 6681 153 1341 9873 3764 806 9874 2467 2103 3682
9 9876 3914 1937 7308 6528 2484 4894 9875 2468
5 2468 9878 8785 953 9877
11 4795 8089 5141 8012 3438 8118 2469 9879 2728 9880 5530
14 8200 2115 2633 7741 781 3757 4228 6770 7872 2469 9881 267 9882 7105
10 9883 4270 5236 2241 9884 5819 2470 6661 7336 3887
11 1304 902 5708 8713 6364 9885 2036 5738 2470 2501 9886
8 9888 7099 2471 8285 2735 4619 9887 3883
6 9889 2471 4259 523 9890 6235
8 2544 2472 5471 9891 1587 9892 1448 1902
12 2137 8108 2638 2584 3706 2244 9894 2472 8367 371 6347 9893
11 9895 9652 9896 1513 2318 5949 6364 4819 2473 9398 8398
13 2473 40 4336 8070 9172 4026 6221 9665 5758 9897 763 965 9898
6 7577 2474 9899 9900 2570 8055
7 8860 9901 9902 2474 7898 7606 9497
11 9904 9742 9047 9320 2475 2646 6670 388 9903 3303 6378
9 7669 1249 9906 9093 7492 4645 2475 7737 9905
10 2476 8071 4650 5246 2043 8935 9907 9037 990 9908
12 2476 4148 6037 9603 9742 7152 9909 7441 9910 8410 5271 5865
8 2477 9911 1492 9826 1176 9310 9912 893
13 4418 1278 8081 2999 2069 4515 2477 6383 1236 6282 9913 6372 9914
10 5264 6838 4734 2929 9916 2478 9915 1090 6504 6431
17 9676 5448 9917 4875 6026 6998 9771 405 9918 9597 7373 3658 2688 557 5715 2478 1710
11 7685 7698 6889 2817 8626 9919 3264 2479 4193 9920 9433
11 2479 9921 5827 7112 5624 9922 1873 6328 6919 1234 7631
15 4427 4325 9923 7923 2480 3796 2713 9924 976 4903 4886 6258 7628 5766 927
7 1559 2480 9925 5526 6152 9926 5124
9 873 2904 9927 7423 8122 9928 3854 2699 2481
13 2481 3921 4610 9929 7225 8283 7283 9930 7544 8089 404 1118 2595
12 6699 845 9932 5188 4361 1259 7470 1858 9931 238 2482 9736
10 2482 9308 9934 2204 1938 6862 1434 3525 2819 9933
11 3050 5806 5771 2793 2483 9935 4519 9936 3493 8867 5598
11 9937 9938 2461 1321 1639 6056 2483 5894 6049 8046 7322
15 4611 8312 16 5747 395 9939 8419 9940 1702 5553 2484 8790 3754 390 9222
6 9942 3 6780 9941 9880 2484
13 9944 2485 5094 1304 3171 8441 8291 7157 5494 3029 7503 5511 9943
12 9679 760 1054 2713 1178 9945 2485 2135 9946 7389 6320 3619
12 7530 2486 8015 5812 9947 7585 5093 9948 9436 6716 4806 8066
9 9949 27 9950 9198 2486 556 7537 9871 3126
9 9994 9941 2182 531 4605 9951 8325 2487 9952
12 7978 2487 8971 7459 8565 6330 7920 9953 2448 2008 6957 9954
11 2271 5844 9955 4525 2488 8626 9956 3822 97 6420 2830
8 1839 9957 8937 2488 9958 4220 263 8653
5 3058 9960 4242 2489 9959
6 9961 9962 8422 3280 2489 8070
14 1234 2490 8290 3999 1962 7941 1427 3237 4523 7661 9963 9813 1591 9964
8 2490 9965 2697 6855 9425 9966 8454 8760
14 1960 2491 9084 1747 9967 243 3568 9968 9838 1752 2521 7139 6363 1915
12 9970 2408 7165 1867 6291 2491 6979 8187 9969 644 1862 5330
11 778 9972 9789 6329 4090 4624 3160 2492 1181 2621 9971
11 4038 3210 5821 2472 9973 9441 3447 9974 4910 4869 2492
9 2447 6637 7439 9976 6892 2493 3487 8596 9975
8 2493 6224 9977 9034 9978 5665 2650 9033
9 3735 3527 3223 2494 9766 6568 9979 9565 9980
13 9982 8800 34 676 9634 4725 8313 2549 2494 1044 9814 9981 8221
13 4382 7868 1858 9320 9983 9329 3083 1387 9984 2365 9769 2495 3275
11 2495 7857 307 9985 9628 7916 9986 3077 187 613 1675
11 2496 248 9988 9009 9924 2406 329 1555 3434 600 9987
18 8080 8739 2496 2875 5430 296 4741 8594 9200 4153 3866 9989 1512 9001 5972 9990 5355 9653
9 2497 9991 5941 6242 6283 482 6950 2988 9992
16 5459 7500 6024 202 8456 873 9993 5285 9994 1605 6909 3765 930 2497 4369 5308
17 5993 4083 9877 9995 6803 5230 2245 3725 2903 7983 2498 595 9996 5422 2550 947 4442
13 3824 9998 2118 2868 7299 3076 2706 5474 9736 9997 5008 2498 8192
5 9999 2499 5350 6001 1836
9 107 2499 5378 7399 1544 2343 2210 6957 1559
8 9702 5231 6703 8159 3017 3481 2500 3891
10 5597 2500 1830 6163 1187 2006 2787 5104 7279 5755
6 2717 4232 662 269 2501 6430
7 9709 2501 8388 6742 615 8175 5232
10 8965 3037 2502 5397 7451 1787 2505 5646 3025 9395
7 1227 1545 480 2502 131 5696 9332
12 4491 8047 858 6360 5840 9228 2503 8773 8936 3664 8831 2825
7 2811 9113 8068 425 1226 2503 4998
12 2450 2504 6358 9298 1410 2624 6217 2010 8421 4653 1110 6003
15 7910 2915 4605 678 8821 1832 2504 1010 2749 829 4268 4934 3061 9453 7526
7 8298 8599 2505 2056 3999 8044 9269
6 9835 1468 9645 8877 6596 2505
13 6659 163 8445 7799 3004 8755 6820 8434 2506 2111 57 8403 9265
11 2506 1599 954 801 823 3593 3817 3454 8770 1067 3939
10 2656 2507 7426 342 2037 6159 5415 4447 9664 2857
11 3331 1089 2290 4225 2507 4665 1784 9482 1388 2787 976
9 3091 6898 9350 2508 640 8909 1453 5193 6917
9 5639 3729 2386 2508 2587 1359 9460 4652 733
7 9680 2195 5216 9685 3944 1457 2509
9 7927 2509 9688 6977 2954 1723 4688 628 5788
11 5843 2510 2340 4684 3965 1045 6833 3980 1414 9985 4550
12 7355 3016 2961 2510 482 317 1548 3972 3071 2663 4383 4738
7 3800 8716 9042 2511 2688 5257 5823
2 2511 3859
8 7358 9303 2878 2512 9780 8760 5353 8045
12 8984 1868 7948 2054 2779 6206 809 9203 2970 9077 2932 2512
9 1188 3591 2513 8322 729 9279 4439 4336 4452
11 8913 2206 1749 1329 4689 2513 9622 5585 4523 6773 2835
11 536 8217 9092 1611 222 3057 8987 5666 2514 4308 8932
9 2514 4665 1643 5283 1348 4329 7570 9461 5371
12 1799 8414 2033 8256 5394 7346 8074 6761 6200 2515 5981 4358
11 3026 2515 6527 8052 8727 4883 5507 3769 1343 4062 2835
16 3865 8448 8387 6769 4258 223 4870 2516 3692 4395 7100 8714 429 2064 9276 6670
12 4370 3974 6635 9969 7359 209 1959 2516 8352 2987 6275 361
8 3993 5672 8762 8629 2517 6426 1207 6854
7 2739 2340 2254 5735 2517 1116 3043
8 2518 7483 851 4296 4126 4085 8242 9023
12 800 853 2665 8776 2518 4282 7431 8485 1554 3196 7583 1623
9 4249 8604 4418 2519 9253 982 2617 8538 5322
10 7276 8168 4930 7205 7681 7547 4664 8881 799 2519
6 6690 269 3050 6817 2520 1242
6 2520 3322 108 6966 430 916
13 7159 3383 586 4481 2521 4271 8079 9975 8475 5877 2989 991 2724
9 363 1034 4236 7405 2521 9342 1364 4425 4684
12 7957 939 4909 7157 3563 6596 2035 9028 2522 865 1415 7932
11 4130 6197 7893 9654 9138 7764 3949 2522 2948 8184 7798
6 1469 303 683 4336 7893 2523
10 643 2523 7256 9732 6972 9176 1271 9872 7014 4916
10 2524 9615 4235 1063 9402 6117 2815 5678 9476 8114
11 3796 2524 5709 5469 8787 5726 2144 2529 3768 7443 7244
10 3970 6018 3232 576 2722 2640 2525 9358 1 3748
10 5741 3320 3979 8279 8911 8273 9330 4897 2525 4398
12 115 4268 9266 2526 3941 7612 236 8987 5771 8487 5264 8070
10 2923 8114 2526 8095 1718 3437 9234 4738 2746 8865
5 9947 2527 3564 287 4792
10 2259 1414 2441 4698 2527 6588 9784 2695 2811 2446
7 2773 3672 3422 1965 2528 5661 103
10 7809 9566 4817 4691 3282 9401 5873 136 3379 2528
12 6863 5310 3626 8308 2310 8304 9597 8943 5361 8810 8725 2529
11 2529 9010 5717 8868 5205 839 8890 2517 3067 4933 2478
11 4934 76 9292 4033 3918 7207 2406 1615 2530 501 5896
5 7287 2337 6399 2530 7384
7 6212 3455 2751 4855 2531 3948 3639
11 2796 7268 4413 7692 2858 5270 4189 7438 2531 4027 813
8 2532 7288 8687 9000 6944 6139 7225 9974
9 5997 5505 4067 2532 5368 1430 7735 786 9281
8 7936 7534 6868 5925 335 1249 2533 7833
9 2455 406 5837 8537 1255 215 9063 3105 2533
9 2904 8665 7096 7556 2694 756 2534 8762 8876
5 2534 3090 4122 8379 8515
9 7296 9016 9940 2968 6777 2535 2024 6908 9551
8 9350 9244 2019 1968 2535 6225 195 1061
11 9225 8070 3492 554 2536 4512 1739 1483 6080 2418 9728
15 6110 1767 1579 6619 3197 4716 8474 2407 2536 6271 1932 8658 9089 6707 6398
10 2537 2050 1685 8755 2736 2177 4788 9843 6432 2048
4 5823 2537 9032 7314
10 2538 441 39 2369 3924 8735 2543 3947 5179 2071
11 3076 8991 5592 9699 1471 4068 2849 697 2538 8843 6714
12 5840 3326 8166 7772 5544 9212 775 2539 6973 4133 7600 3915
8 7367 5965 1358 3395 3623 1269 2539 9728
12 3276 2540 9993 9623 2631 3955 3536 3451 9941 9734 7999 188
9 6970 9231 2540 9980 6890 1946 6598 4411 8729
9 5612 5559 2541 2586 4044 1037 765 3895 4317
9 35 2775 4264 3131 5596 7934 2541 9939 8599
7 5153 6954 7922 7131 9779 5599 2542
7 1309 730 2542 5665 775 3740 7825
12 6382 8106 5687 901 5680 3041 5925 5429 1671 9223 6003 2543
8 6187 2543 3046 9811 79 8783 3300 6072
11 1556 4173 6510 632 8471 6324 2544 9447 5365 2665 3487
7 9246 710 595 9004 213 2544 700
7 2545 1893 9103 6970 2074 4057 3607
11 4720 9654 6182 2545 8317 9781 4370 9416 1891 8981 5981
12 3918 2546 6934 2901 2219 7602 7911 4973 7192 6017 3595 785
14 8752 2029 5268 4971 1996 2546 9876 9697 3554 5819 4556 2357 9894 6495
10 4906 8144 7697 9608 8563 6282 9539 2547 6718 9227
6 3079 1792 7738 938 9455 2547
8 7899 9233 7254 5937 500 2327 1041 2548
6 2548 4576 2728 7219 576 9419
13 8234 5441 3132 3091 2549 7447 2252 7777 4096 12 3976 1537 9193
9 671 6312 1418 4735 2549 7383 2540 8831 9445
7 6999 8203 401 2550 3240 8909 6259
5 7475 7512 8968 7343 2550
10 2551 954 8902 5304 1543 2129 6432 5896 3946 4843
7 639 2551 9490 5526 161 5002 2460
6 3344 3296 299 2552 8922 9399
9 1000 9654 2707 664 8403 473 2552 3674 9636
7 6977 358 3248 1316 4613 2553 9330
13 3621 49 6707 6313 5659 6509 85 4360 8307 6575 686 2553 6503
12 5320 5678 1298 2554 9183 6171 7936 1200 3054 3214 8043 4330
6 7751 2554 1833 1042 771 5920
12 7736 3602 6549 4022 444 2627 208 2555 8982 2662 231 879
7 2012 5606 3163 3480 2555 8800 8434
10 8555 5209 7063 2940 9053 8053 6236 1495 2556 8457
3 2556 7523 4025
2 1181 2557
7 4884 4342 2557 700 9562 5574 3144
14 6763 7706 2591 1152 6800 2558 5301 7623 3572 7770 3050 5709 4221 1758
15 5723 9598 9663 666 7358 2587 984 3740 9379 9018 578 9470 305 880 2558
10 3881 894 2559 5300 7342 2625 2498 8799 6433 8284
11 2683 4061 5408 7002 2559 7039 7796 3313 2136 2709 704
6 5834 2066 2560 6307 4473 1389
7 433 8623 9295 2560 9682 9260 2742
9 7864 9930 3718 4097 9654 9826 539 4620 2561
8 2969 7301 4104 386 7472 4962 3042 2561
7 650 7951 5512 179 7632 2720 2562
10 2562 6089 2338 301 8732 3850 8216 6058 2565 371
8 5618 2695 7173 9332 2563 5934 2737 8427
15 4775 3550 196 8347 753 7790 1884 4068 2563 8707 9008 2090 8805 5613 3359
7 1322 1298 7514 1845 8621 2564 2905
9 6103 4374 1229 2564 8106 3738 5801 5748 1852
7 2565 1348 5165 6381 1747 6418 5216
9 5706 7829 1497 2565 2256 8282 356 9433 5506
8 3095 2566 3859 1472 4338 3338 5819 7226
10 9794 3764 8530 5197 6624 9678 1002 211 5438 2566
6 8957 5530 2384 2567 1360 276
11 3690 6073 1667 1511 8327 9165 615 1067 493 2567 9858
5 2568 7580 9837 3476 5740
10 3043 8075 7836 5226 2568 7703 4642 5382 2975 6013
2 2569 1326
8 5531 9033 2569 3313 5932 486 7953 3768
10 7330 4939 9680 8384 3899 7099 9917 8763 3859 2570
9 2331 2570 98 1562 6949 6896 4083 3650 3842
6 985 1818 2678 2571 6681 3929
8 6326 1814 8083 7881 5413 3085 1465 2571
14 9290 5911 4658 6042 7372 9584 3038 1961 589 115 5954 2572 3214 2146
11 7027 3004 7585 2127 9887 917 2572 5705 5929 378 6551
9 4193 2573 2747 2724 7282 8075 513 6140 7124
9 3045 7226 4364 2573 798 969 8846 4511 205
11 5638 2574 8383 4797 2091 4933 7104 8153 4880 2075 1252
12 8085 8615 2304 152 6948 2574 2907 891 7804 8597 6934 1208
7 6399 3903 2730 4243 3970 2947 2575
10 2575 3533 7827 3647 922 9353 1339 701 1848 1452
10 4901 5085 9735 3357 4794 1588 2647 2734 8014 2576
11 5730 2576 8097 7898 5581 6740 7127 6196 9530 157 750
4 38 911 8902 2577
15 7178 9968 9842 9924 3074 1007 605 3477 1642 6762 5774 1742 2577 5913 4426
9 8963 7154 3271 8156 1201 4764 106 2578 4620
14 9351 3748 2578 4482 4017 9092 8552 2180 9235 1907 9614 8126 1038 1416
8 2408 2579 9759 4180 1285 562 8935 9541
7 143 1210 6417 2579 3580 4508 1059
7 1476 5563 5954 4247 8618 2580 246
11 9544 2915 1489 4147 4759 8793 1644 242 4596 3695 2580
9 3849 4637 5801 9099 6965 6034 5254 2581 565
9 2581 328 8508 3858 1543 2183 8567 4806 3312
11 1724 2582 3387 8018 5131 583 7035 2081 2850 9549 6361
9 8801 4009 5732 6912 9108 6030 2582 761 5662
11 1215 6147 2583 7538 3065 8982 6449 3140 6197 173 6113
8 3347 1044 3135 7780 301 7691 8805 2583
12 5802 3861 2009 4565 8243 9109 371 5226 3897 6117 8049 2584
5 8312 6649 4676 2584 7762
12 3092 3921 9825 1990 6540 1015 2585 2737 1496 5884 8173 7165
7 5341 4588 9863 9009 195 810 2585
11 3482 4906 1689 4646 2586 8535 8202 7519 2222 8422 2352
8 1291 4689 7172 777 6474 7336 2586 518
11 2988 6973 5599 2587 6132 2475 2476 6760 8167 5447 2675
8 3961 8697 9128 2587 9190 5978 111 392
18 3341 9979 6324 2223 4650 2588 8943 6760 8862 5577 2323 1318 7846 2184 4684 2143 8404 8164
10 9011 2259 5271 2520 8488 2588 1773 8473 4409 9014
7 6870 5786 7368 5077 2589 5194 4029
12 5979 2589 9725 4715 5436 4545 4869 90 4017 7043 3697 7361
6 2623 3040 8086 2590 3248 116
8 1359 1227 3557 2100 7198 2590 1225 294
8 1588 1996 3862 2376 2591 3372 3139 9773
7 4168 5775 9085 2591 67 4442 368
3 2592 4325 93
5 2592 5200 7953 255 7669
11 3756 2593 2082 9057 820 8846 6017 8197 3216 4224 6124
12 7207 1884 9411 7862 8517 2593 4965 5875 7408 2237 3274 6884
8 995 6472 7335 9141 2594 7902 2382 6008
7 4697 8356 2412 4858 1432 5629 2594
7 751 5929 1312 3258 6740 7171 2595
9 2595 8047 9727 8524 6377 2571 455 8976 5407
9 4363 4554 2596 8231 3585 4739 8444 5017 8054
9 3956 4188 7666 1567 6048 1173 2596 5179 735
14 2976 1666 2703 7934 2863 8435 3444 1127 4573 7139 1971 2597 9222 2860
13 8932 1078 676 2597 6677 8832 3461 4157 6348 6015 1879 8077 126
11 2598 4667 6070 5134 5404 216 1230 5877 4383 1499 97
14 2881 9250 988 2598 4061 6389 3386 924 350 8427 1891 3678 1214 9969
10 6501 3618 9563 6945 4049 2599 599 661 2930 932
11 9327 4687 2822 5481 7714 5186 8288 8130 4751 2599 8639
10 1349 575 2968 2907 5325 5618 124 2417 2600 9649
6 7104 9410 8711 7963 8697 2600
9 8138 1982 155 7464 2601 1980 3000 9678 5592
8 8996 6151 2601 967 9734 104 5535 6263
10 7965 979 7970 8401 5060 2602 1286 8007 8435 3341
14 3523 3250 67 3343 9141 808 7962 8247 2602 7353 1276 3740 8184 345
17 7826 3787 117 6188 8957 29 3157 7689 8401 7023 7519 7816 5727 6211 8041 2603 9753
9 2603 7775 8613 6515 2215 7077 190 3629 5656
14 5819 235 4248 5113 4247 1821 2572 2604 4183 2183 5504 1648 6854 6163
5 9797 8199 4534 2604 6987
4 834 3427 2605 6555
9 4292 3771 2605 3836 7478 399 4594 7271 6527
7 2606 449 9502 8571 704 8593 6788
8 9981 7058 9827 2606 9853 3446 1844 4211
8 6673 2607 2199 3220 7223 5357 7700 6529
12 3130 2160 5019 2607 3566 5829 3775 7114 7281 5131 8119 6485
5 4728 2180 7774 254 2608
7 5466 1507 869 6285 4030 7197 2608
6 8918 4087 2609 847 6171 9782
4 297 2880 5306 2609
6 5968 8034 2610 5315 1522 9491
6 3124 3547 1194 830 2610 3221
10 5237 3235 3017 4054 9442 50 3881 7683 2611 239
13 1737 2611 6947 1015 7350 9936 9863 1175 6724 7212 6761 6457 1344
8 2612 7881 6073 6285 2703 7197 104 2166
11 5836 6592 3140 2612 716 5138 5169 7721 6481 1626 749
7 7668 8966 2613 4779 6019 2170 8162
7 3060 8843 3986 763 4929 2613 1242
5 5725 6961 9210 2123 2614
12 5696 1872 5717 4997 279 9874 6784 5455 2291 3443 5277 2614
13 9304 6820 4041 2615 1848 8000 8484 5001 5516 5777 9709 6095 8819
18 5685 7726 6909 8751 318 2996 905 1338 260 8260 2431 8988 9098 2615 1469 6424 180 5004
6 992 9296 3890 2641 2616 9803
7 2616 7488 305 6557 2660 9896 2211
8 6597 9045 6561 2414 9665 1317 2617 8544
10 4941 8888 2617 7900 6148 6795 3575 5935 7525 1597
7 5223 5285 7189 2618 2221 9175 2582
12 2483 653 2666 1387 7620 7039 6381 8325 2618 7069 4443 18
13 5730 8206 8150 854 2180 576 5508 2619 861 7347 3484 7380 9482
13 9547 743 9649 5510 1812 9800 7560 7028 9916 6456 2619 4168 7392
12 3534 2620 102 2767 7594 3910 1301 7217 1400 8287 5986 9942
8 3519 8748 2620 9306 1766 5838 5742 5287
9 4522 5468 3863 6501 3932 9945 2621 9397 1150
10 7403 1495 5379 2492 2621 7901 2513 2289 2139 1518
11 4912 4284 1681 2488 1348 7900 8910 2622 3182 238 33
7 2622 2086 4953 436 823 7000 9396
12 7644 3304 6478 7836 507 2623 6942 9557 7894 9903 37 6184
8 9078 7956 3878 6387 4799 8843 2623 2612
8 6495 9085 2624 7074 3481 4335 6405 3277
9 8542 5591 2146 6970 6369 2624 6955 9533 2414
6 6500 4625 9714 939 6345 2625
4 1424 2625 3133 530
12 4331 7046 1706 2626 2665 9881 5433 6531 4847 3891 8233 9847
9 6546 6286 3947 2626 8719 4350 5163 3305 7371
9 1510 8220 4093 1712 2627 3896 9779 3886 7100
10 2183 1325 6191 3287 5850 3961 6180 6148 9799 2627
11 4718 9849 3951 6048 5333 2655 8867 5023 2628 1708 6937
8 9362 6138 4928 3016 333 4671 6705 2628
8 5333 2629 3683 1616 869 9279 5673 6499
11 7546 178 9965 6375 7140 3181 9068 1475 9483 2629 9598
7 9579 9352 2973 4281 2630 1405 9855
5 2630 1557 1509 9271 305
8 973 4389 9833 7089 747 549 6335 2631
11 4957 2631 2577 3334 6061 8940 722 9656 5053 6322 9185
10 9448 6687 3580 4494 2632 3351 8104 2086 9312 736
9 1637 1153 5615 5981 2632 7002 2609 8686 8910
14 5639 8429 6356 3077 8926 7373 498 3078 2633 6654 9972 6699 7850 6903
8 4848 5094 797 312 3217 675 2633 5980
3 1689 2634 4527
11 26 8726 8214 1968 7845 2634 5418 8549 4917 5679 5064
10 9137 9076 5178 4253 8508 1689 2176 7147 2635 4954
4 9874 9682 2635 7418
4 5980 2636 3613 2528
11 2636 7204 7270 8169 6136 3672 8332 7804 541 3438 5772
5 3737 2637 364 6552 6069
7 5596 9231 1567 7333 2637 8079 6664
9 5432 5506 2638 4205 9184 9453 2673 8469 5230
6 3722 1379 2638 7545 4328 8997
8 2639 9597 1622 7906 3868 8615 8408 7656
3 2639 7310 1767
15 5419 2640 3702 2484 1229 6595 5888 2950 1629 6808 545 7845 8687 9228 6394
7 770 6155 706 2640 9266 7165 4511
9 5353 5030 7500 9326 9843 8774 8031 2641 3282
9 1911 4794 8678 7877 1221 1266 3656 5618 2641
13 7558 68 5237 4996 2642 9450 8149 4753 4181 9048 9756 3705 5781
8 9946 2320 1092 2642 7176 8770 8425 835
12 8946 2643 1790 9175 7602 5980 527 2075 9034 193 5242 3412
4 6224 3382 4218 2643
5 4406 4700 4549 8255 2644
7 1041 6142 2644 7945 4088 5469 9280
17 8359 4070 4356 9279 7299 4278 7527 4852 1573 256 9207 9114 1765 6740 3119 3662 2645
11 8127 2645 987 5689 9247 5893 1101 938 6711 3085 1347
7 3739 7443 2980 2646 7546 9628 8360
9 6946 9756 5442 3764 1911 564 2646 3683 8136
9 6780 1830 2984 2828 9242 9116 62 2647 2576
10 1615 616 8136 8539 2029 1518 3573 6161 287 2647
9 5662 6398 2648 3499 8746 8364 2350 8113 8788
8 778 4463 5900 8364 2648 3570 8919 4233
11 9139 1623 1336 7359 2869 2844 4192 5904 2307 2649 998
10 1192 1131 8547 5119 8027 6673 1538 2086 5521 2649
14 7474 550 9426 3815 7707 8780 5117 1335 9098 6448 2650 2217 6607 7823
7 6266 2650 4577 7500 2384 2995 6066
8 544 3466 2790 2651 3549 953 9812 9467
10 6324 7739 5103 8817 5326 2450 2651 5420 3081 5738
17 286 5968 9363 648 8815 7331 1693 7242 2128 6673 1506 2652 1707 3861 8585 1692 1503
12 9985 2480 2542 1055 5220 4903 6729 9783 1601 2652 2568 8565
11 2653 6038 9454 948 3108 1055 939 6109 3123 2369 4644
10 5 2011 9169 2653 1787 3727 2179 1164 1750 4996
13 366 9722 2021 4662 6230 4816 8178 7442 3786 2654 5711 6001 7184
11 1906 5059 1548 2061 324 2781 7582 5550 702 2654 4270
8 2483 8101 2443 1232 4153 2655 5704 8335
8 4352 2328 2544 1737 4641 5877 8382 2655
5 2632 9046 2656 7900 9051
12 1870 9308 9540 2538 4002 2284 2656 2645 6675 5500 1893 2715
9 2243 513 2657 6917 340 5348 5221 8919 8155
6 2010 5473 1961 8182 2657 852
7 6975 5751 5796 3683 5668 2658 3183
13 9084 9426 2658 2618 9427 7764 7004 2857 5545 4310 7469 1258 6656
7 2659 8339 2617 8035 4832 7060 470
9 6682 2516 5751 3071 670 5109 2659 9450 6759
7 1943 1834 1267 3884 2660 3419 9855
9 3479 2517 7356 6319 5564 1105 9529 2660 5039
11 2661 40 1146 1495 3398 3746 577 9484 1633 3481 1353
9 176 6840 6942 1762 9723 2661 7630 6492 2876
7 2662 4900 9857 5649 5201 1011 583
6 3340 8098 752 9908 2662 5304
11 1032 3472 1374 3139 6171 3602 2410 9059 8185 2663 811
6 2663 282 6761 1597 6160 99
7 1307 198 267 2451 4666 2664 5894
12 6118 6098 2664 1519 8710 298 3421 8459 4984 1002 4906 1760
7 5376 2931 2665 5914 2811 3044 9281
9 6006 5469 5376 1537 5799 2514 6113 2665 1546
5 5259 5257 2666 2271 5762
7 6007 201 8659 22 2878 2666 771
8 4551 2667 2215 5789 7546 9063 5668 2133
10 2667 2644 8905 5713 3518 4073 8422 1642 5617 8020
8 8696 3875 2668 9995 2603 3889 3975 5686
5 4749 9284 7792 967 2668
12 2769 513 1916 173 8308 6507 9614 2669 4822 6086 2281 9400
9 693 2669 9105 3519 545 6293 3053 1712 3811
12 5172 9414 4467 2670 8102 2296 9433 719 4926 8433 6567 5933
10 3230 3021 2058 3059 2670 3659 4713 5570 2019 2062
10 954 8769 1798 8900 9949 8949 2671 472 6324 6731
13 831 6302 47 9124 6392 7071 2671 3903 4568 7324 4637 8003 315
16 2576 8905 6006 8962 1275 3824 5482 9390 4270 7642 7057 5699 1891 6346 7074 2672
9 6867 4897 2672 2794 3010 5844 7723 3776 1491
6 4052 2673 5627 7446 4089 7033
16 8186 709 3892 855 8760 2673 930 5315 9301 3322 4261 4864 9327 6465 1522 1304
9 4511 4652 606 2674 3852 3689 4145 9408 1129
5 5871 4999 210 2674 4790
7 1869 2675 8306 6025 572 189 7072
9 4359 2675 3572 7202 487 286 7357 1973 2810
10 5283 7176 6749 2676 6270 1977 9004 2519 1379 5025
3 2676 9589 7609
13 2845 9747 751 1587 3935 9037 2400 1747 5874 4994 9526 2677 1165
8 9344 599 2677 2661 1041 4647 5493 6115
6 1022 6257 6208 5215 2678 3654
6 9833 2678 4082 8196 8375 910
9 4673 1590 9950 2679 1988 8122 544 8224 2861
6 3877 1725 1506 3301 2679 3429
10 7057 2680 299 4310 6404 7303 5059 8044 519 4128
6 604 8576 2680 4424 3441 3650
12 2503 8998 2681 3804 2495 7117 7959 8476 6789 3274 7574 3472
9 104 8187 7813 6927 559 2681 1969 1932 8426
11 8223 298 8825 7943 6635 5089 1364 2682 139 1542 9255
7 4593 1539 1595 9539 6340 4076 2682
12 6509 3842 2143 5953 2895 656 8198 7515 8678 664 2683 9309
11 3963 8126 2683 566 5066 611 160 790 625 5682 1980
8 3607 3352 2684 8057 6378 7838 9562 1819
8 9404 4122 9052 2684 6829 8049 8903 9005
8 5982 698 9784 2625 2685 5030 8323 3636
9 4319 4674 7891 3866 4709 2685 3716 9925 9669
11 1889 1315 7808 6950 6678 406 9212 6000 5439 7392 2686
9 6752 2686 4849 9628 7685 330 4117 4703 747
7 4680 853 8289 8485 4075 2687 7613
8 5331 5332 3487 1990 2795 2687 2631 1687
4 9937 2688 1744 7219
9 5685 113 4682 5000 1112 3162 8502 2688 2201
14 7169 8592 2689 86 5244 3237 4911 6959 9655 8183 3436 1631 3294 4595
13 5441 1003 4124 9755 3789 6096 4108 3517 2689 7854 2184 1361 4535
10 6593 3321 9187 18 2690 1365 4159 3105 7682 1130
11 1996 6932 2690 2545 9945 7327 7742 5138 6807 3054 3981
10 5419 7571 6750 4075 6214 2182 1117 2691 1574 7671
13 9379 2691 79 2036 9393 9922 1989 8373 6938 1253 1858 9212 6671
10 2692 9524 5686 8379 1225 3092 1396 6375 2671 1147
11 4848 935 1936 2692 1468 2646 3800 7655 4595 9135 1906
7 4936 8750 4354 2818 5478 2693 1902
8 8760 9919 7604 2693 8759 9064 1152 6564
12 35 2694 1128 360 4629 1258 4386 9579 8453 8901 3307 3314
6 1107 2114 4003 2694 6640 1527
8 242 2695 6289 232 8359 6253 2593 4369
12 1685 8956 4905 4326 8737 6200 2695 2965 4466 6885 6755 2345
8 4645 9816 4355 2696 1915 2611 8891 6912
6 2696 4307 8270 5031 119 5439
9 522 7125 9821 7211 3044 2106 3088 940 2697
6 2697 8312 7382 6045 347 3684
9 4243 376 6562 1190 2698 5005 1154 4119 4088
15 7724 4716 1594 2656 6009 5640 3008 2698 449 8377 1766 4462 2354 2268 3128
9 4261 7650 6089 5752 7797 2013 3197 3644 2699
7 2699 4356 7266 3650 9406 3290 3212
7 2700 2775 3642 7946 4856 2399 3802
10 1361 2051 3065 2700 6467 662 6879 3015 1347 2981
6 385 9411 7679 9883 2701 9022
10 1668 7964 7912 1604 7815 5197 4645 865 2701 9764
15 8252 7447 8110 2171 1903 8977 7131 3517 2309 7811 2702 7694 7137 4538 8642
5 2702 6166 933 4261 720
11 6119 1975 2703 8413 4041 6251 4629 2924 5192 4045 8151
7 4673 5120 792 4750 2703 5897 7264
9 8137 6421 8243 6625 9610 2704 6886 3657 7506
12 9743 2143 9853 425 1560 9700 3551 2704 2551 853 8075 2074
13 1115 7736 7553 9461 6180 9941 9514 128 1591 5978 2705 3480 3821
14 513 5674 2705 2060 4743 2068 9188 2990 1015 3996 5970 8686 3892 8170
5 9265 5144 2706 857 4552
5 7948 4837 2706 2882 9362
14 3067 8635 3872 8982 3096 2834 2707 8499 2568 3001 3721 4210 5015 6760
7 1340 4902 1301 2816 2707 7794 439
6 2708 9882 1450 9660 7725 1755
9 6526 4112 7852 2708 5270 8224 5459 8533 5525
10 7125 5383 5281 6772 2709 6821 2150 3151 1633 9044
12 364 164 9012 7147 2709 1564 8599 394 1004 5304 7547 715
11 1871 8273 4496 8798 27 7367 5806 4630 2710 694 3266
8 2710 5736 6384 3612 4997 8682 2176 6821
12 7347 6904 6567 7312 7357 6398 7752 1196 9302 5525 2711 785
12 9270 2711 9974 2378 714 372 8243 2447 4320 4816 2374 9591
8 951 1568 7982 2712 6117 9115 7639 4443
12 7316 5710 9138 9232 4915 6187 4256 9066 5875 2712 890 7340
6 2713 3324 2789 7488 8217 675
7 7752 2713 9124 6787 3785 9113 9264
9 2505 2714 1737 2270 2252 3289 3630 3228 5087
10 4528 4994 3025 9682 2714 6568 460 1928 3331 867
12 5655 8384 6648 6128 789 1369 1810 5474 3274 2715 4069 6736
8 5277 2549 9402 1158 1647 2676 7488 2715
6 1977 5253 2682 2634 2477 2716
7 2716 3351 118 9818 6680 4616 9884
9 605 2717 7896 2019 4147 4260 170 9366 7703
11 9756 2419 7720 8716 6435 8513 9481 7806 5180 8750 2717
5 414 8854 2718 819 6218
10 4419 3632 3427 3227 9328 2718 536 5134 325 5561
15 2719 946 8396 1247 3321 8010 3684 5373 2287 569 2459 3551 5394 6772 497
5 7539 2719 2594 6875 2032
9 3434 5380 5099 2334 9951 6544 2720 8326 6798
15 6158 5294 8383 4386 2217 5749 8575 3462 7498 2720 341 2562 342 7035 8137
7 324 2229 1793 2721 9071 341 372
8 9150 7853 3596 9908 6546 6961 7860 2721
9 8647 7956 9233 2722 1870 6294 8026 8283 6096
10 2420 25 2714 9258 4912 2722 3153 9581 2464 6646
12 1789 8556 8881 2723 8345 7280 259 5175 9961 5944 4354 8571
5 2921 4958 5604 2723 9046
7 7686 9208 901 495 8852 2724 5
12 431 2724 4218 2350 7253 8042 1456 4462 9913 6091 9499 6425
8 2796 2725 6805 671 9168 3691 2691 3991
13 7106 9790 4694 8550 4708 7936 806 2205 2059 2725 4048 5820 8353
9 7134 6041 3199 3805 3316 2726 868 8865 9081
10 3120 5538 593 6966 4636 7117 2726 6838 8977 9786
9 2727 1444 4310 6186 4410 5230 8220 4602 2865
6 2324 2727 1812 7370 7525 3790
12 8755 2728 8073 7309 9753 3478 3228 9868 383 4481 3860 3831
7 2554 1074 3908 2728 9549 7509 3834
12 4996 826 4113 6716 2516 663 8608 2729 5418 3503 6283 4036
11 2937 7915 4786 6928 5863 2205 175 9816 3561 7170 2729
8 6928 7417 5645 6507 7809 9960 2730 1213
10 2730 3304 3878 5493 1128 8913 1124 3385 5959 1703
7 6237 6957 2731 8659 9334 3500 8639
10 9934 1828 9293 7610 5626 2731 6956 244 3837 1186
9 9649 2016 8690 8503 2713 9911 2732 470 8051
13 5218 2732 3365 7118 978 5964 4705 7603 6798 5916 5900 3362 6893
7 2733 4390 3079 4581 8412 1443 5616
14 5891 5243 2733 4461 8206 3304 9581 7284 1732 6589 4837 9635 9802 17
13 4759 5332 364 5558 3353 5050 5852 2734 5290 773 9529 4335 756
8 7399 9827 8596 4364 5787 7389 2734 1027
11 2758 7022 1307 2375 4945 6487 2496 2735 6679 690 3245
9 5799 7308 1042 4567 9407 1366 1909 3947 2735
6 2736 3736 5316 5602 1608 1825
9 6328 4635 2667 4478 2736 5431 4998 7104 4234
10 2737 1567 771 1070 1179 1839 637 6381 395 482
11 22 6400 6652 6823 6860 2737 3908 8483 7776 2047 8907
9 3199 157 4562 300 2355 7917 8763 2738 159
11 9746 1756 2738 9117 2875 5387 9187 3812 9745 619 3498
6 2739 2582 9382 9472 707 3640
7 8276 2082 2739 9263 7360 6027 6511
12 8003 5200 5666 2316 713 4037 3123 3215 5805 2740 7563 3257
9 5994 5345 334 8131 4469 99 5631 423 2740
9 9834 2741 7468 7944 6031 1573 6080 8349 7406
10 1093 7220 2741 2608 3498 8429 8539 2924 9016 9793
9 2303 2742 2463 2061 1610 6186 424 9301 8806
8 2629 6026 4587 1600 1217 2742 9716 6248
10 6442 4426 9488 6699 4257 6748 351 2743 3810 9954
9 2743 9048 3470 1905 9862 4164 7107 4356 7470
13 1736 3999 3865 2744 9203 2990 2484 9375 6115 9502 7091 2166 8372
13 4535 283 1893 4448 2479 7314 6310 3603 3121 2744 4708 7161 4791
10 9500 2656 9948 2701 9566 2745 576 2552 723 9738
7 3136 7137 4433 2745 4472 9769 7183
14 3455 9315 5462 2706 946 1037 2647 3539 7748 4116 9655 2746 5356 7196
7 879 2746 6520 8009 1781 4971 3661
12 2747 2491 7299 8092 6600 7873 3343 1924 163 481 1689 6493
15 3726 3477 8942 1748 2747 3590 1592 1330 7988 1716 4478 2023 4919 5753 774
12 7894 2084 7029 9859 2424 3778 2748 8990 2128 2414 3700 3646
14 6930 2512 2312 1794 2923 3139 7778 3873 8437 1990 2266 6669 2748 3225
5 499 6875 9670 3425 2749
9 7297 193 8583 7912 8344 5314 388 9228 2749
11 9330 2750 4926 9750 4405 6043 7023 8918 6751 9451 9427
4 4257 4200 2750 4475
5 5910 5951 2751 5834 1509
6 9545 5209 7567 7307 5791 2751
8 7280 5066 3167 3545 8840 7344 2984 2752
13 9505 7708 623 9326 7025 2752 5277 6111 6295 7641 5132 6231 376
10 4645 8887 6468 7554 2837 5032 2753 2071 1982 5829
9 8338 8306 7717 4867 7811 5239 2753 3944 7394
7 3749 9312 4699 2754 7964 5952 6115
14 9636 5240 7311 5750 8763 7889 7881 4518 8857 9785 2754 2469 4096 7940
10 8267 2755 1073 4208 6020 8623 54 1588 4971 7547
14 7283 5125 199 2755 731 7127 9030 6847 7469 5916 4432 7624 54 133
8 147 1550 2756 6087 1793 2824 1893 4186
6 520 6383 2756 8616 7681 7486
5 1096 8118 1737 2757 7333
10 2757 38 5231 2506 8076 3683 4233 8549 707 7716
13 9530 512 4733 3935 1696 2758 9295 5531 1328 9631 9696 4130 6541
8 909 8999 4161 8178 9919 2758 6090 1679
12 3263 1622 7430 7377 3203 9451 5776 2759 1883 4391 6172 4430
12 7821 3143 2455 779 6188 7835 569 3326 2759 7592 1023 9284
7 2760 1543 9563 956 715 5300 3
6 8764 6549 2760 1161 1314 1567
8 7428 206 2761 6680 129 7263 2765 278
10 9774 2608 3730 8616 2761 4000 2327 8630 4006 9578
13 2348 5864 9007 7227 5853 2762 5423 3691 4302 5418 8982 9657 6441
8 4519 9019 9199 5104 710 4606 4962 2762
12 9364 8665 9491 7487 743 8639 2763 8477 4491 8335 9010 4187
5 5919 499 8112 2377 2763
9 6645 6889 163 2718 7894 6455 2764 6042 3185
9 1391 7062 7457 6319 9897 1239 5135 2764 4939
10 1925 5140 3274 3147 5904 5517 3658 4476 1813 2765
14 6034 795 2765 9820 2028 3017 7015 3644 6500 3388 2256 6184 2464 8079
9 2798 922 820 9963 3956 4218 6508 4278 2766
7 2412 2766 7116 3469 526 2663 7989
8 6853 4124 1614 6891 2767 6879 5204 9853
10 4313 693 9704 3653 9956 9363 7997 2767 3023 8954
11 6919 7281 4701 4275 3948 4583 1042 1462 9267 2768 2312
14 3381 5454 3739 5921 9251 5978 9357 6515 6686 2768 8394 4294 7020 7398
6 2769 7600 9568 9011 7334 6855
9 4692 2291 6998 4056 9414 2769 1900 1937 1024
11 5887 7099 7888 6656 1246 2608 6275 5995 2770 8252 2691
12 1271 8036 1664 795 8810 4931 9872 9730 2403 6693 4209 2770
9 1330 3860 9573 4813 1636 7484 6066 3594 2771
10 2771 8232 3173 974 5079 3104 9803 2248 2099 587
13 1526 6907 8074 2772 7229 231 809 1011 3915 5318 6291 4404 9187
7 2247 4231 9892 2308 2772 4072 2134
10 7253 7807 9946 3729 2773 7674 4750 6434 1368 9001
9 6513 6326 1114 3396 8807 8844 9808 9491 2773
11 2774 7677 2981 2641 3028 2206 9610 3986 2550 3765 6957
7 2774 9223 2672 7004 7984 5310 7941
8 2775 1739 5854 8485 1303 9881 9629 1577
11 316 9895 1183 5557 2055 2775 6708 4435 1737 9511 386
8 9780 5788 8549 6561 7046 4969 1110 2776
8 442 4889 2822 4530 222 1034 5784 2776
9 5675 622 4520 8034 2777 6357 315 2004 7537
6 1591 6601 3752 2777 4456 9161
10 1294 3778 2778 5552 1887 2980 4478 326 986 4603
7 1364 6699 5469 4740 2778 906 4086
12 3885 343 5083 9196 4083 3798 9372 5672 9067 9523 2779 7621
11 7629 2779 8947 3110 2359 2366 1496 9933 5660 3207 7519
8 3099 9461 1407 6596 498 5438 8789 2780
11 2780 6558 440 7042 1485 5750 244 7597 2039 9435 1180
13 4141 9844 1946 2100 5161 2781 7707 4361 4525 4801 4785 6692 7587
10 6237 3288 5824 6215 2985 4284 5322 3170 2781 556
7 2347 2037 8412 2782 6774 3230 2371
9 3757 6317 686 4686 1718 9843 7440 7550 2782
9 337 2783 9402 2579 7110 294 2038 4081 7014
8 6648 2783 8995 8239 8975 9516 6077 5760
7 8533 1827 8027 2784 1039 412 1828
17 8494 6526 2996 3289 9675 5342 7712 4667 2381 2216 2784 6948 3936 4332 7245 9026 4486
9 7192 8054 1861 8368 559 7169 160 3413 2785
9 8339 4553 2785 9360 2884 227 7551 2118 6765
10 7873 9988 7040 128 2786 715 2775 2356 7741 7421
11 7177 6673 2208 6865 2570 7984 9269 7765 2786 5116 8193
12 7854 6943 8818 2787 4244 6664 9649 8645 9564 1555 6239 7239
6 2034 8204 9839 894 4486 2787
6 2788 2607 5177 8537 3999 7700
4 3555 2788 52 6358
6 1642 342 4447 2789 9618 6597
7 4931 3475 8354 3736 2789 2144 7071
7 6734 9793 5154 2336 6004 2790 6233
4 757 9643 3809 2790
8 2791 8887 2890 6403 8014 9364 9531 772
7 5834 2929 2791 5795 1078 7605 5926
10 5757 5599 2792 2019 1831 3892 5028 5719 8191 5679
12 3248 55 115 2493 1844 9356 4876 7958 2792 3063 8760 4094
6 2488 4700 516 6590 7489 2793
10 2389 2793 1605 1258 3 8532 1279 3910 2400 2547
7 2794 1268 4697 1289 7311 1218 853
5 1078 3408 2794 7843 3782
12 613 3277 8231 7585 6707 2084 5250 4391 2795 9917 8295 1343
12 267 5078 2830 655 1272 413 2943 683 3348 2795 5203 2284
9 2796 53 8860 5908 1436 6662 3665 1548 1581
7 8636 1811 6201 2796 920 972 449
7 2691 7831 108 3876 2797 9426 3672
9 4396 5276 6467 5723 2797 5084 7697 8693 1901
9 5002 9573 8758 5660 8750 1262 4547 2798 2988
7 2798 6950 1068 5614 8123 917 4967
8 5898 5175 5585 2999 9181 5085 2799 3800
12 2799 9602 2398 6655 8538 1334 8270 287 697 6133 6487 7841
11 1881 9640 7409 2800 2510 7903 768 2866 7509 2642 5741
13 1098 1215 1368 2564 2571 5473 6881 3853 220 2800 4069 7285 1010
10 3495 6455 8037 6407 2801 7485 43 825 538 2940
8 4451 5448 1017 9948 3966 2801 5912 1304
8 2802 5921 33 2033 9282 3456 1713 4305
8 5662 2464 5112 8164 9758 2802 3163 2828
11 955 9041 3510 9322 2447 1021 2803 1546 6636 2041 5714
10 6948 838 9177 313 7954 4470 2727 1515 9155 2803
3 8522 2062 2804
13 4030 6787 4757 1905 8784 8512 2133 7578 1235 6355 700 2712 2804
8 3827 6917 2805 8776 6313 7009 6859 3271
8 7612 3350 5083 2805 4508 8468 5744 4335
11 6398 8976 306 2806 8916 8270 34 6982 5128 8568 2818
7 9862 5598 5648 2806 7734 9511 480
6 40 9649 4136 5266 3871 2807
7 9119 2807 8518 1604 5467 2878 2012
8 2808 7916 2513 7746 5640 2644 5336 648
11 5127 6884 3222 5990 2808 5201 1903 9806 5284 2968 8429
11 6770 6827 4206 8027 4677 1526 2809 9582 6862 7009 4727
9 5718 4806 7406 1435 4022 3405 2242 2809 438
13 2810 4707 2490 4441 1746 125 7863 8107 1010 7928 2145 9433 2190
11 2795 2400 2810 9352 6486 7946 1172 8398 8337 6455 6382
7 217 2811 7136 5701 199 8784 2318
12 7614 5959 4172 4960 668 2842 2811 1788 2478 3924 9589 238
4 3827 2812 4430 3375
10 2812 4354 1965 7579 3283 6193 2799 5464 4366 9911
10 2517 3425 5347 9274 12 7445 2813 7120 9068 6771
9 2813 1101 8118 3176 9030 950 7986 2390 6429
9 2949 6508 4659 8485 3374 2814 5190 1812 7410
6 5707 9185 8783 2814 4060 9492
7 2815 9427 1102 9949 3173 2823 5482
6 1979 2815 2935 1027 4125 7622
5 2816 3554 7564 8935 8574
5 7828 2702 8995 2816 944
5 8470 4283 2817 7558 3753
10 4318 9897 1459 9471 5710 8467 6992 9814 6631 2817
7 1188 8777 2837 6794 1798 2624 2818
8 2818 5149 3853 7514 7421 4067 7259 9910
11 5267 2780 5018 7189 2819 3693 6202 7170 5719 2848 7968
10 5728 8217 9372 7413 5617 5398 9288 2819 1254 6138
10 8377 5942 2820 4244 494 6533 7326 2952 7115 9616
4 5892 6214 3356 2820
13 2190 873 3215 9581 8992 3560 2639 3073 7017 9066 2821 2589 333
6 6979 2821 6041 3347 8258 7344
12 9207 5682 8248 2924 6029 5461 2822 9266 7677 4583 8499 9601
6 1771 8840 1496 102 5005 2822
8 7106 8029 8075 6368 950 2823 6117 221
13 64 6397 6373 4811 939 8967 2531 8679 106 5614 4132 2823 6351
10 2932 2824 9316 9056 5325 2479 426 7951 1379 9159
12 3173 9897 2322 9129 9564 2824 8011 9703 170 4872 1579 4074
12 1976 6597 233 2825 1547 9172 1663 4816 531 2217 9938 2742
6 6731 8183 6594 2825 2660 1745
8 1383 3591 2738 3598 414 132 2193 2826
13 2826 7175 1911 1858 7757 3952 7258 5994 7905 8377 6946 7060 8703
9 5431 8503 7893 7373 3730 1995 7391 6627 2827
11 2395 2827 7527 3338 6825 3625 8789 4319 6188 5208 4465
7 7750 6876 9373 2828 4013 6146 8749
11 7088 9377 5751 9785 1939 2828 3030 225 8685 4639 939
9 2829 6502 6413 3246 3942 5108 42 4720 8372
10 1906 8330 3194 7741 2829 6945 5560 5597 7227 2057
8 2830 2924 4589 2595 5676 2535 4354 5057
11 5606 6113 5297 2462 8631 2830 8729 6587 487 8239 5166
8 4547 7306 867 9637 5913 896 2831 3387
8 1149 5989 1164 6608 8959 7422 2831 8985
10 6088 5086 2770 7918 358 3067 4988 2934 2832 6274
9 2832 5481 1701 2158 8683 7508 3192 5029 8652
2 5919 2833
11 7936 580 1130 8392 2833 2126 9889 584 5335 5317 7418
9 8886 5711 1235 9696 6720 5789 8994 2834 6836
9 2444 2834 6778 36 9173 3319 1660 1316 3184
3 2920 7724 2835
17 3374 631 2528 5035 1828 9296 2835 2361 6528 5559 5858 2608 7546 1366 8189 4471 2234
12 8820 8227 9036 7678 7723 262 7866 8224 2836 4265 5259 9278
7 5412 9830 6269 654 2836 9849 3130
15 5555 1464 9093 8366 8045 2454 7252 4553 456 9286 2189 8278 2837 8222 8743
10 4162 9870 3078 7907 4097 5661 9953 524 2837 8568
16 4744 9916 7879 3379 3697 2258 2838 2285 7104 6600 3563 9752 9187 1236 8110 864
9 1307 3570 5109 6164 2838 1057 4787 5049 3971
8 2611 1727 2417 2839 6125 5270 5585 9396
12 3473 8457 6481 3108 1101 522 8494 9666 5087 6251 2839 7882
5 3874 2703 7960 2840 2560
7 2856 7759 5645 2840 9232 3524 5368
10 6425 8117 4112 2841 9732 3086 2984 7359 4681 4518
6 2377 4786 3337 6059 2841 9024
11 5232 5378 4627 8282 9925 2145 2842 1263 8654 5869 3273
8 9759 5385 483 4147 4144 7089 2842 5337
8 8595 2843 2594 5087 1779 1090 8053 3238
8 2843 7950 7438 370 7979 8435 5825 9879
7 2844 3308 5292 7716 5716 6582 5754
8 6917 1872 1073 2844 4698 2125 8521 3913
14 9269 8098 3400 3746 9193 2396 2845 698 1790 3285 2370 4748 6548 6613
5 3687 4225 4458 8088 2845
3 6885 6032 2846
7 9018 2846 4542 4635 7584 8597 7012
3 3805 4522 2847
6 5230 8100 7657 7268 2847 5006
6 7443 5890 5862 8270 2848 8799
7 1957 2848 8058 2156 8531 9300 874
10 2849 2330 6312 7329 3253 9834 3274 6204 8551 5345
9 4810 6107 4708 7274 2849 2794 7434 3118 4697
10 8936 4687 5623 2850 7113 1864 1888 7850 7289 9761
9 3 4255 621 396 4824 4818 1100 2850 7683
11 6587 4143 4321 7186 3403 887 2753 4821 2851 4189 8994
7 4779 8771 4545 2197 5311 1366 2851
9 443 2852 5943 4926 9233 9295 1902 7409 5146
5 7296 5132 4891 2852 8522
15 5630 8133 6715 2853 9615 3807 1930 1411 9827 3401 9921 1993 3767 1750 2317
5 4942 9600 2853 4165 9012
12 2831 4199 444 5793 6932 5050 8620 6754 7287 2854 5117 7280
13 5426 2854 74 5636 9719 2886 1869 350 2501 1880 1648 7342 6399
7 7880 5669 934 2855 6382 5309 1597
12 6235 2185 8671 3267 1090 3236 2005 2855 7136 1759 6429 791
9 7576 6478 5718 6728 5336 1259 2856 2244 1258
9 4781 9728 6329 273 566 1153 2856 5607 6673
8 7195 2857 1199 6619 2776 4958 6597 4196
10 1372 8651 4184 2857 2841 5721 5689 7994 3621 3954
12 282 7656 3912 9295 5230 5060 2858 3289 8955 9663 756 2336
16 5620 6558 5713 3427 3738 1507 8905 2674 7572 8975 2858 8593 2481 8057 6581 3453
13 2430 3055 1080 6073 1242 3914 5639 8449 3090 5585 2859 6030 1202
8 2859 4129 8715 3563 4466 6825 2492 9246
9 3070 7275 3998 9231 2860 8049 5716 5854 9595
6 2327 2968 2860 1594 3102 8992
10 5118 5596 8692 2861 6823 2247 1900 7507 2330 983
7 7539 1522 3955 463 274 2861 3937
11 1846 5229 4859 201 9592 9056 21 2321 742 6199 2862
12 7240 3537 9985 9534 4544 2862 4247 303 5050 9532 8154 4132
13 4886 4637 2863 2802 229 9723 4279 8488 4556 7220 3803 5207 1726
13 5640 3067 7437 9027 9865 4679 563 2863 8886 4031 5858 9058 4888
5 8833 914 9180 1557 2864
14 7247 5239 5154 4489 2101 3394 7338 6656 1972 4058 8185 8710 2864 175
9 1493 8998 7193 8226 6303 7369 2865 7898 782
6 2865 5166 6001 3948 2868 2527
8 6744 9948 1713 2866 3391 3879 9585 3954
12 6221 2585 6900 6461 8344 7783 3535 9 6637 6312 2866 2103
4 882 8903 5036 2867
12 2867 7479 5422 2857 6948 1756 1275 9408 7754 8568 9995 4431
11 2930 6466 3828 2981 2083 6639 2676 6908 5945 2196 2868
11 2359 3629 3708 2861 2868 2922 2784 3484 4942 8146 5304
10 6834 2242 9746 924 8657 2869 364 7161 3206 502
13 6073 5850 1594 4024 7876 2133 9588 4433 4148 4667 2869 5137 8028
10 5052 853 4446 1154 9369 4234 7410 2870 7745 5601
12 1646 8941 3401 365 3585 7906 4266 192 2870 9761 5242 3761
10 7105 1585 2871 4651 6459 6248 1496 6956 8278 4832
10 6552 7520 2871 8192 6627 9473 5612 3790 3541 7409
12 2937 5935 8570 55 1207 2872 2641 721 797 5819 7129 7544
13 8968 6789 3772 2945 4036 9689 2872 9043 4484 3973 3864 6214 1176
15 8390 7313 9509 4969 702 9095 677 6241 1358 4291 9462 2029 6811 9198 2873
10 6387 2873 9433 6563 531 5869 5130 631 3780 1744
8 9404 2743 2874 2013 875 5442 4700 9195
9 3644 5510 6040 5562 2874 3313 2594 3064 2244
8 5320 5317 5658 8520 2203 2875 1323 2088
9 6339 4617 4258 5399 4460 3467 2875 3339 8107
14 2876 3694 526 643 6761 1833 2498 994 7775 9048 5496 807 2332 3869
8 4039 8728 2876 9647 4292 8742 5689 1360
8 2877 9913 4155 6165 1249 8951 8484 5002
6 2119 9567 748 2877 685 7121
8 9519 5585 3957 3098 7666 7606 2878 4054
5 6251 4948 9867 2878 322
5 4327 2879 6328 8191 2368
13 2616 452 6135 2879 8477 7725 4814 7429 3547 2432 6482 3201 5568
11 6983 2981 7325 2880 362 9441 1390 1855 9491 9625 6486
8 3224 7604 4299 8718 7531 2880 5333 2513
12 1669 4443 4390 2623 5875 3797 1140 2160 9008 8337 905 2881
11 5921 2881 7524 6167 4046 8664 9823 3317 597 6050 6713
11 2882 2487 1115 4160 9178 3307 1137 3625 1832 9766 1119
8 2882 1287 1758 3862 4961 5980 1421 3715
2 4698 2883
5 7548 2830 2883 9653 4788
6 2809 2723 2884 9459 6597 6227
6 1791 1900 6631 3794 322 2884
10 8358 9452 2885 1496 7379 8542 4967 5053 7461 8251
6 7873 2885 8667 3255 5274 2836
16 2347 8559 4080 4276 338 9194 626 2358 3706 1865 9646 5946 6621 2886 8220 736
3 2886 5156 3066
8 6238 5184 7980 3620 9582 2938 2887 2315
10 4654 2887 9493 5519 9998 2520 7173 5860 7133 93
9 4115 8464 3020 2888 1950 5231 2087 2210 4851
5 9464 9696 2888 401 849
8 6201 2961 3711 6938 7316 2889 5934 4051
9 3625 1352 748 6620 3588 6080 8914 2889 2998
9 9019 2890 7479 9900 5830 2047 4253 5285 364
14 7445 4393 9304 2944 9081 4152 2890 2548 3485 7578 3676 1233 4203 483
12 8252 2891 2210 9452 4874 3149 4284 1845 2589 9457 3095 6495
13 6 9220 731 4604 2891 3202 5895 8709 7839 3286 5554 7832 9613
4 512 302 9498 2892
12 491 3541 2371 7282 7445 5179 3971 1754 3451 9704 2892 374
8 2893 5470 8398 8939 8309 28 3485 2485
9 8571 4686 5553 3491 4901 2893 7126 4251 5020
12 6307 7901 6706 5669 2894 4304 5335 8248 7805 1008 1636 3582
6 7854 5866 2894 7478 4267 2012
11 9589 7784 8887 6281 2549 7319 7466 2895 407 5504 5962
12 4266 2895 329 3147 2885 4797 9254 3585 109 953 6364 3630
8 2896 5709 6819 9596 3993 173 2318 1846
9 2930 1234 9131 9054 883 2896 2098 4575 8649
12 1756 415 292 5584 3013 61 2897 8659 5817 9208 1850 1223
10 6201 9580 4018 5317 1691 6784 3680 4734 529 2897
13 6302 8632 2020 447 9406 3073 8772 8951 6089 5906 2898 3649 3132
4 2898 2040 3581 2087
11 7373 5472 2899 6605 5332 8123 7063 2846 811 7482 8108
12 2066 7460 2165 1330 2776 2899 8893 4882 8568 3634 7930 7479
13 7878 3422 4645 5163 2181 6770 98 3055 569 880 5130 8629 2900
10 2900 5169 1396 2256 642 3259 1444 6720 4580 8591
11 530 132 6027 8609 270 9106 2283 2747 2857 2901 2653
6 2901 6729 7343 9230 4208 4228
12 3453 5481 6443 2165 2902 878 738 282 669 8412 3023 7685
9 4967 5421 4080 6081 3369 6488 2902 5810 716
15 9082 652 1140 3848 7888 8994 7234 4477 6571 2903 7828 802 4242 7865 6735
7 8142 8733 4093 1534 7279 2903 4412
8 2904 1889 9092 2311 9487 2360 6963 3820
8 9319 4128 2904 5806 8362 197 2441 1374
6 8291 1526 9959 2905 8541 3933
8 284 9080 7068 9471 4973 2160 2905 7998
7 812 6897 2387 2906 8928 2882 8160
9 7097 2906 2913 3060 8017 418 9288 7845 3875
10 8516 814 2907 9180 1007 7563 3113 6494 8064 4218
8 7560 7666 9651 7110 4796 2907 3750 8576
7 4104 5939 2908 5795 449 1169 1140
7 9973 9119 2908 1444 6385 9248 9659
15 5209 2459 2613 7146 6650 1122 4941 3215 5745 5094 1887 5948 2073 5133 2909
9 214 2909 691 7321 3315 366 5452 9855 9140
7 2910 4187 4986 3154 6116 8999 1751
6 8076 3471 2910 2112 6870 6197
12 6714 5076 9321 4780 1628 2911 7847 9364 1042 5023 36 818
10 2151 7891 3258 7867 4806 1660 5564 9577 130 2911
6 7777 2912 1749 6920 9633 5688
11 7473 1695 2912 7255 4389 6691 9468 9452 1708 3240 8721
10 2782 4960 2913 6230 2378 4500 9057 9289 423 1305
4 7597 6752 2913 6242
6 2709 7056 4349 5216 2914 5507
7 2914 3142 9122 5781 6074 7998 7758
12 2915 234 6838 7700 7826 7001 6367 6392 1679 4413 6145 4590
11 919 2915 1258 4326 3612 522 1528 8600 1573 9251 3842
8 1290 3744 6828 2916 5840 7365 6207 4672
13 5121 5584 9498 3392 52 6198 2916 4573 5503 9952 6813 9391 8204
12 9800 8625 1876 863 6613 8077 1675 6927 4391 2917 3885 8234
8 9247 5226 6031 7808 767 5899 2917 1710
7 2918 7146 3568 5068 2985 1589 9099
9 4508 8696 9184 2114 5242 2918 1376 4559 4056
11 1716 4796 914 861 7269 168 2919 4085 4226 1574 129
11 2919 5079 1879 5007 4782 9023 7397 9068 5833 2572 4845
6 6013 2717 1500 6278 2234 2920
7 2602 2232 2920 7868 1035 8235 6593
7 5021 450 2921 7825 3847 9673 4386
8 7514 2359 7445 4977 5346 2921 5858 6342
9 7979 539 7167 9192 7196 6554 2922 8893 3726
3 6145 7484 2922
8 2923 1944 5887 6331 1874 686 1796 8862
7 6805 3824 6558 2923 3371 3610 3260
9 7033 8611 9534 4450 7933 2924 7991 2880 3019
10 4006 6388 5740 46 9614 5256 4458 6947 7850 2924
11 7181 1372 3284 2925 3529 7366 7561 9253 2964 7765 3690
7 6820 6570 5469 2594 2925 9731 2956
7 2926 1707 5525 6854 7688 1558 8535
9 5551 339 6237 1285 2748 2926 5721 4248 4742
8 4260 1280 2927 314 1515 4808 6771 7394
11 847 1305 8009 1197 3984 9315 7526 2927 6921 2021 9516
5 2230 8910 4137 9460 2928
14 3353 2928 7002 394 7608 9312 6905 5672 3031 2550 5728 5844 6882 2517
5 9239 5902 332 3294 2929
9 4512 8979 2929 8476 2031 1137 5776 4754 2004
9 7413 9398 3745 2095 2930 2938 4385 2727 2624
6 2137 5697 2930 814 8837 8410
7 2931 133 6651 9363 5460 9783 3495
12 2093 5525 6579 2931 1102 8178 8918 2185 2174 407 9318 7952
7 6594 9445 2932 7132 3571 7569 4954
8 9125 5790 8183 2932 9387 8543 8413 6059
9 1209 1539 3297 2933 4792 1135 4386 3410 8144
9 2142 212 2720 472 7570 6310 9937 6396 2933
7 2266 7777 644 5748 2983 2934 5685
9 2934 3623 4483 3692 3646 8152 8291 3070 3029
12 6895 9798 2627 6876 3654 2935 5350 6547 1236 2817 4921 9277
9 1218 9620 9442 2935 3685 6145 2662 4181 2073
9 3311 1683 4789 2936 8635 2526 8079 5058 6640
11 9311 1259 4350 7149 5926 5918 5355 3722 2936 6745 6274
8 3254 2937 5763 5426 5188 7260 6228 1258
9 8256 2937 2931 7724 1385 9397 5909 1683 8198
8 6548 9152 2938 5043 5197 5312 911 6653
9 3501 4467 7071 2359 1189 1613 6137 2938 713
10 7887 8424 385 3787 3400 8620 8409 2939 4666 9577
5 2939 7412 2594 4724 9079
5 4751 2940 3268 1775 6850
11 3740 5953 4686 2469 4194 5995 2940 8931 3581 4292 8859
11 9776 2921 7581 7626 2941 1677 8685 6896 1233 4526 8507
9 7328 4695 2941 3576 6566 4009 5171 1987 4103
6 7924 1982 1232 952 8146 2942
2 2942 4491
17 5541 8732 2943 2549 4866 5847 7741 1223 8144 3690 7462 1934 8702 9320 4519 8625 2474
17 7896 8949 4881 1876 2943 4402 7027 2664 5909 6535 5281 294 7963 496 1973 2005 3598
8 6985 6290 6534 9592 3766 2944 277 850
7 8556 6731 4395 5697 8205 2944 2572
9 5468 2945 6092 9826 6691 1182 3591 3055 6624
8 5642 7069 8651 2945 4068 1676 7536 7634
7 6418 2946 5292 1873 4739 1356 9243
9 2904 3113 2571 2946 2350 8413 4968 5329 782
10 4027 3423 3600 8153 7779 5784 4141 2799 4513 2947
7 2947 1349 4370 5103 3165 1103 5061
8 2762 8849 7349 9363 5408 4042 1922 2948
11 5599 2948 353 3776 3434 3830 9087 6111 2872 4043 7
6 9659 2949 3427 5836 4581 498
7 5298 3432 2949 6164 5466 9332 9849
12 8447 9236 9822 9570 3022 217 1457 8603 1231 7689 3850 2950
12 595 2950 6847 4669 523 8067 5859 941 1374 4246 4407 7134
8 2951 1280 1030 1464 9343 9600 7486 7666
9 768 2951 5531 5299 9386 8187 4746 6805 7066
7 122 1128 3206 2952 7212 9164 6997
12 2106 1893 6280 2923 5797 163 269 4586 9392 2952 4794 1184
10 2218 7784 8411 4235 6721 2953 1070 6771 6161 3224
11 2953 272 1078 5593 4087 6135 1841 824 7380 8031 2093
14 4823 1684 6761 2954 6505 2923 8290 5888 4561 4127 230 5876 6020 6638
7 3144 5503 2954 8157 7165 6825 4227
15 5145 6510 7750 2235 9605 7369 7853 2955 4762 7760 158 842 2473 6822 6505
8 6205 9535 2098 2955 4219 7598 2093 5604
7 2956 3591 6872 8930 5663 7271 5156
9 3393 8186 1834 2956 9785 5331 9721 6074 1163
10 9182 4918 7549 6130 90 9871 6732 6419 1524 2957
12 8045 2581 7143 8184 4385 2873 5466 2957 5512 9931 6784 7626
6 9724 7782 6656 2958 2531 7060
8 7652 5874 6296 8793 2958 263 4293 2502
9 3957 2959 1093 9860 5528 5667 840 8191 9371
10 9737 6169 2959 2996 9089 7186 9122 5110 1298 8253
10 8865 5605 7320 5764 8288 2960 6707 9741 153 5538
8 6746 6474 2960 3101 2978 3725 488 959
13 690 9301 9651 9842 4722 2685 1701 7628 1033 3838 2412 3070 2961
8 2961 7463 9684 9998 7250 4567 2721 8833
10 1033 8766 4821 2029 5067 9056 5087 7114 2962 6468
12 4521 8745 2962 8863 5874 4465 6388 8275 8466 9670 5584 8407
9 4771 9344 7978 2963 2581 2690 8752 1387 8911
6 4356 3630 3296 2608 2963 8449
12 4281 2964 5191 2077 7153 1899 4790 3883 7033 7334 6997 5146
10 7125 4737 8061 4451 2964 1217 1372 566 6515 9666
8 2965 7935 3832 3529 5956 7717 3145 7556
12 103 4786 4477 8647 2965 2119 268 5140 9856 2933 8405 1008
11 4342 6106 9502 4602 4487 8775 4238 2966 601 6601 5341
8 8871 2737 8665 7356 3882 5779 5127 2966
11 5745 9316 594 2933 2159 2967 2078 8156 4182 5236 6392
7 6429 8918 3019 966 3683 4526 2967
7 6007 2968 5097 4757 2460 2810 8767
6 8914 1707 2968 8384 6091 6433
6 8857 5817 6792 1694 2705 2969
6 719 2969 7713 2447 1618 4724
13 1233 1716 2479 340 7294 4135 4995 8023 2290 9089 2366 9606 2970
11 7953 602 2970 7974 5641 2148 7731 7671 7216 3570 8042
11 3794 9075 7591 3180 3096 5705 8324 1939 2971 1808 9859
11 1761 9166 9467 2129 1034 8233 7713 6034 2971 5447 7519
9 8683 4927 1915 9103 2972 8201 6567 5737 6331
6 8431 6874 7740 5773 9368 2972
8 8443 3538 8720 1820 2973 2792 204 1951
13 7638 8277 3778 3296 2973 6030 7718 9332 2622 4598 5819 6048 4394
6 2974 1200 4947 820 4884 538
5 8835 3906 2974 8061 967
7 4702 6889 3990 5503 8853 7577 2975
7 2504 2975 9012 715 5509 4271 4711
10 7059 4703 1899 5882 2976 5367 2727 8171 3475 7904
9 2351 8081 459 5161 1334 5145 2976 3360 7678
6 6751 3645 7741 2977 4875 1753
12 1557 5931 9430 4809 6373 1640 9602 2977 7919 528 3967 1651
10 2978 2302 9274 3238 6791 9121 625 8894 833 6105
4 4566 1544 2978 2655
11 813 5624 7974 2979 4901 2499 8040 1559 5462 7607 4554
5 6946 595 2979 3933 8517
8 655 9106 9484 2386 7717 6571 2980 1799
11 2980 7182 1640 1500 1616 4534 1225 7424 226 5791 1632
11 8286 7709 3365 2110 8031 7881 4554 1062 2981 1470 721
14 8907 566 658 2981 8566 7265 5466 7750 4676 8893 1878 9727 1845 3285
12 9346 7858 6094 3687 3433 6957 5080 2982 6970 2779 3677 3188
6 127 2915 3178 1467 2982 1796
11 6579 9112 9092 4614 1925 7085 3504 342 2014 2983 976
9 2494 5305 2983 5221 1407 352 2676 7823 3302
7 8650 6175 2386 5977 3327 4665 2984
7 9322 6212 9335 7245 2984 6999 5412
9 7277 9400 1012 7742 6884 2985 1186 8828 1361
10 464 7773 52 432 3396 4994 3758 8316 2985 7979
7 1807 3142 82 2986 8265 3860 3884
6 4799 4611 458 4514 3600 2986
7 417 2987 1152 12 1824 8136 1921
11 9702 6604 9679 2199 7780 1437 2987 7391 7306 7058 2449
11 1334 3248 2988 3833 5969 1500 4341 1373 9287 4820 552
15 7752 6671 6057 1241 2552 6192 1729 5176 2988 2268 648 5538 1850 5411 8882
7 5180 8435 7241 1320 2989 7060 6499
16 2323 3989 2989 2065 5273 2311 5287 136 2776 6182 7276 3905 5766 7403 7261 5268
9 2204 6514 2990 5266 1475 7024 5092 4860 5031
10 5371 1933 1831 644 1436 2760 830 2990 4125 6258
2 2991 8212
10 1922 648 2935 9134 1840 1408 4172 9318 9359 2991
6 2992 141 8929 7628 4482 3319
11 2319 9301 1241 2992 7652 6343 3393 4624 5241 1383 9577
8 107 2993 2964 47 2890 4640 7561 3362
7 1470 3910 813 2993 4761 1713 4354
7 5664 8902 2994 3824 7737 1251 7794
13 3652 2994 104 2118 7283 5618 9796 6039 9410 1403 4568 2571 9506
8 6168 2995 3760 9468 8346 3702 4477 8221
6 6280 2368 9972 2995 2861 4224
10 4997 9996 8451 3385 2996 3362 278 4665 1544 4410
14 5482 2233 746 2851 4083 2743 4059 2152 2665 8686 5654 2996 9955 3113
8 2997 1346 4017 3646 7738 5541 5882 699
9 68 2997 8933 4714 3403 8653 2149 4455 9427
8 2998 1225 5066 4524 773 561 6171 6643
12 8075 6469 3978 9796 2231 9235 2998 658 2515 8598 1015 7977
9 3499 3189 4287 6005 2999 6672 2092 7880 4204
7 9484 5373 3575 8059 6290 3183 2999
10 3735 4363 1211 8456 5732 4999 3000 1234 5309 350
9 1357 6497 6156 1727 284 2700 3000 1274 678
14 9171 8655 7972 7753 8131 7810 3001 1854 1589 822 4508 5087 1820 5009
8 489 3570 4847 3001 8308 5581 2967 1053
14 3248 9526 9396 8892 6209 6205 1345 6507 943 5999 274 2103 7317 3002
7 3002 5332 8048 5345 7069 8175 6132
12 5334 5937 2585 8682 361 9630 4339 9095 3153 1031 3593 3003
9 3003 1796 2870 245 2824 2714 6404 8121 5189
7 3781 5398 6830 3004 4079 9584 6372
8 2360 1350 1119 3511 3004 9255 8239 8109
9 8245 3503 8393 9963 7930 3005 1209 7374 3405
7 4531 3429 7283 7759 6247 4540 3005
12 9446 5841 3006 2641 6568 4313 2755 7948 9982 3528 5138 4021
6 9092 174 3006 2811 7825 9879
5 6801 3007 2590 3050 5196
5 2362 1159 3007 7363 3052
9 348 9464 4553 5187 7448 623 227 5093 3008
12 8094 6728 5051 8847 8778 2883 257 2492 1902 8768 3677 3008
5 2915 3009 9527 5227 8687
11 8913 1881 3979 7710 1066 5511 3009 8110 241 396 5909
10 7734 7986 1539 3010 1107 1779 8329 4823 9070 8505
7 8831 3780 6954 8598 3010 2012 7647
7 3011 1353 8691 9614 6737 3507 7527
16 7885 4996 6804 6406 3011 3171 1567 7614 2957 1986 4376 1650 9002 3865 7311 2185
10 3012 1293 5351 7445 2150 1554 1878 6722 3528 2827
9 5486 7716 939 4523 3012 4958 1454 7296 7642
12 1206 4769 8019 9906 5803 85 9029 3013 6610 3429 3583 5480
10 7420 2088 8665 9134 8618 1962 8850 9070 6139 3013
9 3014 9608 6522 5645 2956 336 9846 8228 8875
13 6222 3882 157 1427 8183 3014 5166 5948 8249 2445 9555 5719 1739
14 664 5836 8845 3015 4309 2711 6061 6923 9176 494 5483 3284 548 7616
6 7712 9583 3015 1852 5693 7129
10 8046 1043 886 1916 6592 4326 8170 3016 8239 4547
12 5532 3016 8039 6429 1130 5944 6569 5163 6333 2775 2465 1220
10 98 3249 4737 6481 662 8190 9333 7227 1034 3017
8 9022 3017 3475 4892 1868 2777 1094 2247
7 178 4954 1106 3018 7269 2490 8523
11 3326 5307 1952 3123 6117 4111 3018 2086 592 1514 6571
5 445 5990 1450 3019 9149
9 6163 6582 5750 7997 9486 7075 3364 3019 4129
8 9707 3020 8171 5453 9090 8964 5644 4034
8 6167 5145 585 3020 6645 5529 889 1250
13 2854 4635 2745 2868 1862 1439 5501 7999 8361 3021 6690 8398 8199
8 2112 6368 1199 408 9794 8225 3732 3021
9 9162 461 2048 5396 3713 8318 7188 3022 3183
6 3022 2285 1842 4853 7311 702
6 8565 3023 8904 4784 4785 4590
5 5194 1823 5257 3023 5948
8 7045 7761 7221 3024 4116 2886 7308 4968
11 6134 1614 6313 365 2843 8051 7425 3024 2483 5764 1667
6 9854 7606 6338 3793 1073 3025
10 8539 7547 3025 1165 7019 4178 7410 1480 6061 641
6 2549 7890 3026 916 1017 2961
12 1613 4469 829 61 6211 3026 1020 4009 3437 7168 1032 2520
8 4564 6667 3027 3887 9689 8628 663 6250
9 9831 2807 669 3705 4968 9849 8654 3027 1546
12 7496 5978 1338 6399 3028 7904 2886 1296 2650 8971 389 9142
13 2272 1109 2146 9133 2410 3028 5126 3181 9895 2964 330 1752 3534
9 2943 3029 7235 1641 5684 1780 810 5866 7448
8 6161 4614 9642 2159 3029 489 873 8409
12 4811 37 9056 8785 6031 3397 2684 5264 2598 9184 6052 3030
10 3473 444 2706 3030 1386 4856 2220 9730 3209 459
4 3031 8583 7868 9861
11 2609 2877 4365 1506 2104 7899 421 3031 9424 6904 8153
8 8300 7015 7483 4404 3032 2552 6988 4377
8 6144 1740 8503 4847 5543 3032 5302 8078
7 1600 2009 4634 3033 9288 8589 7227
5 3266 885 3401 9022 3033
8 3034 7110 2265 6257 4145 9120 5275 7193
13 4571 177 6264 5197 3034 3260 2683 7372 7336 2050 3270 3466 1155
11 9662 8427 8777 3602 7720 9900 7062 4717 6189 3035 7279
8 3035 3250 8966 2735 3426 9020 5088 4521
12 5740 3020 5136 7290 5225 2761 5719 7332 9768 2156 1503 3036
9 3036 3096 5914 2530 2848 6129 5830 9260 7520
7 3611 4376 3037 8886 6386 802 927
10 879 6722 2606 295 3326 6312 3037 3630 8851 8148
10 2764 2710 8237 3038 4759 1752 3798 4609 5568 9719
8 9451 6289 980 316 4078 1739 8937 3038
8 3039 8562 8001 236 1749 2786 586 9350
10 507 3039 2334 5780 5073 1318 6499 5483 3391 1260
8 1577 8522 3102 5806 4868 9682 3040 2920
8 2804 3082 578 8468 2079 281 8403 3040
9 6680 2316 7547 3269 4328 199 3041 9399 4830
6 9426 9898 9126 9913 3041 517
7 7027 3042 9334 8855 9193 4896 1952
9 2856 6727 3042 9570 2506 6729 5339 8006 6982
13 459 2064 6537 6590 3609 3043 9628 5513 1960 8059 3948 663 1213
5 2121 7549 5665 3043 6629
16 7562 5399 5126 803 9413 8897 3031 9479 3234 6125 6560 5797 2797 7252 3044 6769
10 3920 4848 3044 448 8889 4584 3389 5518 3611 7102
12 3045 3101 1784 9349 8992 2788 2299 1556 8855 5938 5450 9560
13 7990 4379 5891 7300 3045 576 3889 7289 1836 4305 1843 3655 6229
5 6117 9793 3046 4765 781
9 5965 7216 8428 4242 4792 4482 9166 3046 2773
11 7150 3047 1829 2788 8518 6400 6339 5231 3226 6873 6186
8 5380 9901 3047 8084 7263 5445 6638 9074
7 3048 1295 1156 7036 4701 2362 9432
12 3897 628 5330 9629 7275 324 4815 3048 2483 8046 3892 437
9 6222 2031 9829 2317 1966 7533 624 3049 6534
8 1988 3049 746 2690 3592 2966 1851 6241
10 905 6585 1848 6355 3835 3114 567 3050 3476 9182
11 2951 9191 8931 3050 1990 6195 2230 9136 1513 8364 9300
11 5130 8058 3991 3051 8893 7397 7202 524 2994 9236 2977
12 9810 8956 2721 7896 1812 4684 2556 4453 3051 1663 3389 8533
8 2328 6544 9297 3052 5957 4402 8436 939
6 5933 20 3178 8895 3052 7485
10 2559 9539 9649 3053 5700 9365 348 9601 7040 9408
8 7800 9130 3053 737 7826 6753 3532 2081
12 8520 1049 446 6842 5307 8652 3054 621 1768 866 6701 7315
11 5074 619 4529 4296 2257 9763 7405 3179 8247 4369 3054
4 5506 775 3055 5898
5 3055 7614 8322 2649 6560
11 5662 2730 8714 1513 1489 3056 7320 8955 5332 4438 5167
10 4013 959 6225 3056 4703 2728 698 3542 1146 6716
9 1388 3199 3057 2345 9091 2110 5489 5509 5356
8 4288 4193 7725 2656 3057 5821 9279 6291
14 912 7078 6704 6093 6038 8063 8596 596 5169 5425 2773 5647 5049 3058
13 5330 1178 3058 717 3639 9770 9413 9576 9381 4819 9308 7381 750
9 5407 805 3360 7513 6440 3059 8579 8230 7207
5 4604 1080 3497 2208 3059
11 1717 4134 8978 3721 2511 6938 6751 3091 2310 3060 9086
5 130 7020 8949 3060 1659
5 6295 1387 3061 4344 1335
12 6870 2094 2619 2797 3061 9120 4839 9686 462 8296 5187 3621
10 7451 3062 4520 5679 9311 6089 3826 2825 424 7304
10 9260 4375 4614 3062 1026 8998 6453 3797 4462 9174
5 9742 6929 973 7727 3063
11 8936 2202 3063 9945 5431 2426 426 3964 9296 2741 8049
8 3226 1134 487 3098 6074 1076 6404 3064
7 9877 911 3064 5915 3728 7233 202
4 6357 3065 1732 2831
11 8028 3063 8016 6520 5175 1829 9282 6396 3065 3561 6006
9 3066 3389 9459 2862 2739 575 2443 9084 5600
11 6050 6346 3066 8628 8295 7978 4039 7027 6413 528 9773
5 3067 1068 5760 5908 9743
9 4284 8007 682 3067 9695 4848 5274 4174 2339
5 3465 8736 2890 5878 3068
15 2989 851 5258 7559 1717 3559 2059 4535 8068 3758 774 5640 7135 403 3068
9 4926 2832 5065 4658 4884 3069 6636 6628 6028
7 7454 3069 2232 1494 3476 3477 5147
10 9456 3389 6529 3070 955 496 7121 3119 6780 9423
12 5290 9314 3327 1005 2792 8579 3745 9498 1599 3070 7292 3817
11 9331 3661 3314 314 3071 9471 7975 3334 4908 1623 825
10 2332 3954 955 6066 2976 2246 8557 4167 7870 3071
15 3072 5846 1871 9376 3233 7181 8869 7454 2882 7666 6540 5872 2337 5831 1539
7 1416 7129 7942 3072 808 5657 9596
9 9645 6621 5167 6796 1158 3792 3073 8693 8807
16 1375 3370 8001 5236 6615 6233 9430 8292 3073 4506 3823 5256 3000 9618 8276 8577
6 8749 2334 1047 2324 3074 4777
9 1393 8473 6774 3615 9390 4632 480 2896 3074
6 7623 7412 3075 5204 8427 730
9 4814 94 1590 2969 3075 6234 4105 4157 4962
9 2629 3076 6943 3194 2804 6362 2409 8205 1253
10 2593 6400 9129 593 3076 163 9652 9953 1177 1897
5 928 9952 5282 2344 3077
5 3077 3303 6002 4914 8418
10 3970 4520 6333 8232 6890 3381 747 3078 8973 301
12 5442 3126 298 903 7730 1050 3983 1869 2651 474 3078 9240
8 4057 2392 2980 3079 3011 3945 5015 7008
12 8262 9836 730 1303 8222 7008 4375 5328 8688 1079 3079 2148
12 1097 3073 6060 3080 9601 791 4244 1478 4345 759 5296 5907
6 7410 6760 3080 9396 9575 924
5 5002 3081 6040 5209 7681
6 5678 3081 5900 1012 1445 7470
9 1987 8412 187 8287 8344 5755 160 2238 3082
11 5406 3082 960 3668 586 9417 8153 8324 6665 603 7036
12 6042 8807 9954 355 2778 2498 9223 1662 1431 1188 5764 3083
15 5991 1326 3083 388 6591 9629 4345 1966 6418 2724 9342 3714 8944 1221 7562
8 2465 9334 8017 3084 5920 1427 7364 663
8 2499 237 6711 9704 7631 3161 9095 3084
13 301 4637 5327 3993 5109 5219 7005 4039 4874 5997 2194 992 3085
10 9610 2790 4340 1652 3085 3886 7677 5519 3660 746
5 1445 6374 3086 2466 3741
10 137 8384 2768 3086 2782 940 6959 366 2245 6566
7 9087 7022 5969 1707 3087 1110 992
10 723 4592 6262 4421 9039 3757 2344 3087 7919 2636
11 8649 9568 2295 1238 1439 9135 6480 1733 3088 6505 7307
7 206 3349 985 8961 9807 1972 3088
4 7919 3089 7474 8751
8 2138 3641 6688 5411 3089 1236 6884 5256
8 1562 6912 7795 3090 7011 3586 2795 322
9 4815 2335 5092 1730 3029 5980 3090 3941 4729
9 3966 417 537 1476 3673 7569 3091 9712 3896
8 3091 8190 6731 2375 3174 8102 5532 5247
14 8250 9043 326 8621 1968 8422 9040 7060 706 3092 264 489 2625 2121
7 8989 5455 5485 3092 2649 898 6095
7 5088 8456 5426 2933 4475 3093 2256
12 7871 5207 5520 4283 9271 2338 3522 615 8174 3093 6679 5656
11 3094 4934 6417 7198 9780 687 3808 6071 3321 6963 7288
7 183 4281 3094 9780 2491 7366 4686
12 3095 9357 6279 5256 7101 8423 4806 7435 1760 1877 1548 9177
6 9153 5978 3095 524 2761 4179
10 1953 8008 3564 6890 5626 8285 4290 393 3096 2358
6 3096 8838 87 1271 1705 9092
12 1356 6822 6102 2730 8136 1841 9113 3125 8764 4919 3097 4121
10 3097 9042 9607 6546 8965 7286 3755 3621 5154 4217
8 5046 55 8274 3098 7083 9543 5167 5822
8 1181 9898 491 1846 5834 3879 3098 4125
7 3099 376 2090 8471 5725 7322 3787
8 4756 3099 5392 8435 5031 9185 2637 954
15 2062 3100 58 5594 5796 2412 2511 5779 1611 679 3166 7192 601 3220 2001
7 9390 3100 9069 2333 5639 1409 1485
9 6927 431 7192 73 4280 9311 7380 3101 8715
7 4469 2313 5699 6319 4659 8170 3101
12 3660 3691 5912 8742 8055 3194 6005 154 3514 724 3102 1933
8 3102 3420 2775 552 4357 8499 5026 1857
7 6287 1215 2740 3103 7505 1490 5833
8 6889 9093 1492 3443 5357 1159 3103 8962
13 8905 839 6005 7158 3910 8065 9753 7293 2583 9888 3104 8351 3343
7 756 3104 3270 9843 3701 3423 2259
8 3429 6054 8347 7790 6762 5207 8617 3105
9 1310 2347 5970 8372 5063 3105 8910 8898 9000
5 668 3106 6352 4125 8712
12 9011 8792 5642 5383 970 9452 2037 3106 1593 3406 5746 2114
13 7563 4241 8857 2841 8817 4007 3690 5564 1692 350 3107 4889 6379
8 1913 2331 9529 220 7797 3765 3107 9136
12 3108 682 9334 1681 9041 3767 1580 2215 7424 5009 7144 8739
8 8841 6988 8895 3108 3370 260 5437 3236
7 9546 3109 8214 1320 3377 3803 8768
14 4755 7627 875 3375 7103 742 3109 8414 6853 9037 682 2309 1200 828
13 5734 8701 4794 2710 4528 4948 9263 9377 3529 3110 4707 6369 2458
8 3622 6030 3110 6099 2746 1723 2688 1958
5 4615 8674 3111 1634 6253
9 4988 5288 850 3111 7864 9458 9137 7808 9422
12 1126 1504 559 6114 6516 3112 3624 6968 8156 5072 2622 8551
9 1079 1039 1095 7599 1744 3112 3436 7130 9708
10 3113 8663 9241 7151 6407 6542 3409 3384 5769 2531
11 3113 4204 1765 6375 4156 4412 9616 3792 7889 5875 3030
13 3114 3239 6661 9133 3587 4082 1015 2825 2166 6092 880 7196 3009
11 825 9767 5309 5827 3114 4804 3198 4887 6565 4529 9074
8 633 3699 2486 1645 9038 3115 5506 2818
5 39 7231 425 7923 3115
7 9237 6148 9698 6990 3116 5581 9374
9 3116 6325 7309 1798 3944 683 6152 8222 8092
11 5712 2164 4775 3117 2429 2186 3078 9954 4944 8759 9089
10 2185 2253 1857 3638 9215 3939 1104 3117 3203 5113
11 5564 8192 1767 5463 2744 690 5854 758 4839 4242 3118
8 5775 3118 3534 3275 1843 3197 1594 455
7 3119 7161 2568 1156 2842 5575 2570
4 3119 1934 6299 179
9 3749 2897 5747 1703 7229 3120 7381 6100 7877
13 9894 7113 7963 3459 536 6533 8388 3648 4995 3120 4676 8727 5828
12 1901 4311 1135 3722 7901 7665 2749 4694 3121 2640 6553 387
5 39 8774 7619 4466 3121
8 9604 7332 3122 4893 9440 8928 3319 8311
10 617 6388 2746 3124 2084 6861 3122 15 8428 9530
8 2670 2871 909 7488 6012 3123 1556 7806
10 6385 3123 2702 8979 5743 1647 7892 5486 6344 9414
12 8121 2798 9427 6602 2794 8147 3229 8164 7981 4669 152 3124
8 3124 4804 6482 151 6975 3628 7793 6055
13 9395 9033 243 810 1459 5758 3125 675 5680 4346 5407 1092 6272
13 1465 6530 9726 3763 3839 1599 3125 4449 9887 3132 9200 8249 1061
12 4111 5391 7576 7548 3180 3126 3986 3164 3947 6223 3254 9563
6 2296 8474 7596 9674 4577 3126
8 9231 6816 523 3127 8077 592 258 9356
11 8905 2959 6816 3127 8793 9086 2946 51 6574 1271 402
13 3968 3128 8619 3630 9673 5357 8966 6437 9674 2591 6069 8967 2760
12 4858 3743 8433 3128 6591 4961 2522 3499 3676 3249 7117 5982
14 2126 9071 6518 9100 770 9930 831 8820 8723 894 9724 8106 3129 5101
7 1673 4686 9066 3841 3464 3129 1867
4 3130 3144 4700 1592
6 6176 3090 8805 8724 3130 3080
9 1731 4342 3636 3131 8940 7257 1495 9758 5204
9 2399 1795 6070 7403 701 4843 9254 2729 3131
6 7435 3253 7559 723 3132 9203
9 9646 4349 2325 2349 5302 3138 3132 8615 939
5 3133 3945 6990 3876 3454
3 3133 8108 7870
8 9035 339 5674 943 8765 3134 3762 3954
5 5353 6411 2206 3134 7559
6 4352 3048 6382 8432 5074 3135
6 9997 7692 9229 6420 6251 3135
8 7198 3463 3136 9720 9058 1210 3339 8446
6 2248 3136 4584 6658 5665 5874
10 2104 9351 7579 5541 3315 9902 3137 8154 5034 3004
13 3137 2199 3064 4528 9743 1142 9968 7992 638 2906 8237 3159 9888
9 7847 4671 4109 731 8508 8195 800 8497 3138
11 6873 1723 1875 9472 3138 4585 5841 8798 6826 9636 8339
7 9626 8984 6191 3139 8831 6741 6294
7 4119 8845 5992 5906 7127 3139 8234
7 4524 6301 9367 5791 8080 6738 3140
7 8139 294 8145 5095 4956 3140 8134
7 7327 8966 3141 1387 4811 5459 4995
8 4856 137 3141 6324 1200 4639 8712 2555
11 983 8158 3142 8927 5218 5225 7326 4092 7628 7421 2138
7 5254 9070 3142 4914 7937 2855 2356
9 6207 6296 1193 3310 4763 4044 3143 3917 9141
9 3143 1833 9249 2840 9453 3047 9609 1348 3392
12 3702 5391 6541 8375 3144 2925 6078 987 7246 8438 2211 9345
9 4905 8022 5889 9291 2116 9117 3144 6000 3636
9 8465 9815 831 4984 7043 3145 5545 229 6116
9 8562 7364 4233 7702 8719 9337 573 3145 6964
15 7791 3068 1642 9662 4575 9085 8935 5340 701 2628 2605 4636 8461 2249 3146
7 3146 5445 8882 7183 9281 6279 274
13 6123 1671 3147 1170 7705 4671 665 5506 6787 9743 7613 9683 4628
4 7955 6287 3147 5918
7 1571 8055 6979 6723 3148 3626 1409
6 9753 8306 4575 7126 9228 3148
15 7704 2898 3149 1808 8055 8002 4083 3456 3633 6661 7157 2478 6240 1332 9631
11 595 1865 56 6943 3149 7350 8273 4896 9233 3439 976
7 6281 1484 4569 3150 9048 1144 4625
10 5797 2162 8162 1915 2184 6854 7017 5344 6676 3150
11 4666 8923 1288 9550 5731 464 1484 7612 7909 3064 3151
11 3151 2800 7559 8592 3124 2387 7097 3719 3647 9570 7895
8 2811 4296 7534 3390 7405 1387 9370 3152
3 3152 8806 2685
10 8555 9047 275 5789 5121 3067 3153 7098 1996 3670
10 1181 7535 7299 4326 4906 1498 7606 1140 9513 3153
10 99 3645 7769 7757 7741 3604 9831 3154 4045 2116
7 7349 2618 9269 5490 3191 3154 5868
7 9796 677 4092 3155 6919 7074 9645
17 5699 8887 919 7761 1226 6981 5100 3155 637 6076 5734 846 3323 1085 1185 3034 1083
13 6947 4910 6050 4466 3289 5108 973 3700 7246 5611 1868 3156 2109
8 4370 4346 4609 8824 216 492 8077 3156
8 1538 4563 9976 6821 687 809 724 3157
3 3157 8443 9132
9 3330 8886 1408 3158 7764 7203 5566 2097 3821
10 1713 9418 7686 4050 741 8317 7996 3158 6351 7957
9 9301 6354 5530 5322 3377 1098 3159 1027 6204
10 2019 2831 9404 4053 7754 3159 9995 8 6751 4972
8 3160 9697 9801 985 4803 4725 6362 1457
7 4726 3160 178 1479 9004 5264 3875
9 3161 2388 2644 8337 2276 2928 734 1304 4745
12 5304 6836 5177 3161 6284 9460 5089 7928 8871 5343 394 7526
8 7234 6234 3786 2606 2155 3162 2163 8624
11 5144 5548 883 1914 4446 3655 9182 3162 3821 1986 645
4 3163 4786 1131 8234
12 5474 9144 2079 538 7827 1923 4960 5759 3163 4084 3166 9216
13 4985 9998 3407 1662 3164 5714 3537 1375 6812 3814 8105 8768 2306
6 317 3610 9825 3164 622 4976
9 6767 5847 4849 6760 3017 9424 5945 7603 3165
12 7555 3335 3165 3202 1606 3401 7207 7959 9598 6988 4661 1834
5 100 3166 6157 6034 8906
9 3763 3166 1911 3004 9123 2599 9498 2589 2681
10 2612 33 955 366 3464 3703 3167 6344 643 5263
9 9489 3595 3046 9222 2671 4855 3167 9358 3523
12 3168 1517 4638 3065 9567 4287 770 3093 1419 596 4626 287
11 9376 9926 3168 3706 7626 6931 7797 8163 2124 6051 7611
9 5752 7595 4857 3169 2696 8679 6095 9936 731
8 6374 6614 3169 5366 806 2014 9177 1813
7 7621 347 4280 7899 3170 2409 2020
8 3170 6639 911 9292 5844 3411 1132 3091
13 6866 4037 4746 8299 5986 8637 2212 8662 3171 6816 6389 2684 7593
15 3171 2366 6687 9667 8224 265 3906 2944 6335 7945 6392 4283 1292 6248 4249
7 7286 1478 3172 9150 177 4872 5251
11 6134 9657 8559 1967 3172 4062 6866 2620 8350 3534 5345
7 3874 6661 1427 7309 9883 3173 4946
7 507 1186 4407 3974 5196 3173 1377
7 3174 8302 9173 6408 4417 6519 9992
6 8517 9379 7204 3174 397 4090
10 2211 2899 1992 431 3175 1097 6318 4635 5648 831
11 6472 453 8177 1488 8495 6213 1874 3175 9720 2492 7358
5 8737 7559 3176 2897 4569
8 6319 8394 8338 4366 4000 4922 2039 3176
5 3177 6101 4388 5610 7319
10 7543 3370 5267 4238 3177 7610 7749 8729 7835 9937
12 4379 1825 3178 6131 4291 1109 5555 7267 287 37 2709 1826
11 7687 8045 5009 7176 1043 8006 7095 3178 7169 5578 1287
4 3827 3308 7640 3179
11 3179 2062 5007 9518 9986 212 4485 6709 8938 2453 7252
8 3180 6966 8267 6458 8256 7606 379 5165
9 3180 2730 1089 8081 8114 6153 4673 4564 6321
6 1619 9569 3181 267 4983 1599
9 7963 1242 2559 4942 4947 8437 3181 5792 7405
8 3182 773 7069 9037 954 1784 3078 277
7 8205 595 7709 3182 2853 2428 8045
11 3310 7944 3183 1727 2526 5831 4614 9983 3793 8695 6841
13 8933 6044 4703 5647 775 3183 3239 4880 1143 9424 8245 9583 3018
7 8832 4796 5250 7012 3184 1874 6221
8 3903 2379 3184 648 6839 2311 2879 172
4 693 1529 3185 58
9 6649 3185 2858 7569 3005 8305 2532 6009 4956
9 1742 6724 1074 2398 391 5648 3186 5956 7291
8 6173 8375 6340 2980 439 1087 3186 6723
12 5260 7620 7978 2330 3501 6228 6519 4205 9085 3187 5385 1374
8 8132 4821 4073 9166 262 1874 2833 3187
17 1724 3188 9876 7957 2939 3257 4131 5192 590 9617 4610 6398 8870 6821 6683 106 332
10 7641 7523 3576 6934 3188 6878 9465 3472 5369 4951
9 4909 6881 875 4118 3059 3189 8082 7176 6215
12 3738 8468 4718 7550 8409 9316 7100 4242 9361 8365 3189 1110
16 8337 9545 2543 3916 3599 3155 5131 1723 6834 1811 5238 5475 9202 2361 3190 7442
15 2850 5087 6271 2399 9391 2762 9721 885 2141 8941 1282 5711 2016 5622 3190
7 9010 2842 4873 5514 3935 3191 4956
9 2927 1122 5422 9068 3191 9029 7037 8891 1940
10 6248 4796 637 3192 7654 2590 1518 5818 2324 6664
7 4082 7772 6075 3192 1519 3348 6709
13 5748 3348 9558 1967 485 5248 6449 6693 6884 4178 607 1279 3193
10 2612 6246 5850 9992 3193 839 7724 4510 5926 1269
8 4667 5198 3387 3194 4641 3464 1448 6343
7 7709 8112 7003 4425 7971 3194 2488
4 4367 2562 3195 4821
12 4906 226 5831 6597 44 5344 9610 796 6344 3567 3195 5935
6 3196 7726 4472 7634 3546 7668
8 9341 8537 7980 3196 4629 398 3838 5281
9 9634 3531 7081 2928 3197 4499 382 9556 7629
10 3749 3197 2880 2966 7493 6132 973 2956 9657 5868
7 5648 3040 2944 7787 1519 3198 1663
11 7870 3198 2870 5297 5613 4279 5423 3765 6377 9138 5074
13 3199 5151 3549 348 6057 7808 9821 3754 8842 6829 5062 2636 5710
5 6154 3199 5476 7593 6095
8 2901 7184 3200 3835 3695 8711 4412 2431
7 7869 8200 1203 2496 2278 3200 8843
10 3201 8629 2464 2228 2076 5583 718 8221 2490 9596
12 2302 8822 2882 3201 4476 5361 6008 7475 9695 6129 2227 1489
8 3202 8773 7736 1681 829 1208 2501 5249
8 3191 9453 6024 3202 8308 7004 774 4848
10 8111 6802 9990 6227 5603 7926 9825 2404 9366 3203
6 3203 3851 2347 6349 3211 4366
6 8954 7121 3060 9655 3204 2127
6 67 6512 3928 7339 3204 7758
9 7175 557 8383 7582 3205 3188 3892 6270 2658
7 9679 6959 3205 7856 1407 9064 477
8 9343 5659 4772 3897 3206 9662 6134 679
4 1716 9255 3206 2889
2 9007 3207
9 8743 3207 7845 3625 4058 9424 2956 3909 7160
12 5160 7962 3874 4253 7243 6865 140 3208 3128 6189 3848 3569
7 5893 1987 5131 6168 3293 3208 302
12 9642 9065 2260 486 7224 7305 9696 9570 5915 3209 320 9495
8 2091 6957 3229 6272 3263 4977 3209 8769
12 7529 555 5409 7147 3210 1668 9527 457 3982 8202 9650 3907
4 2202 1002 3210 3247
8 1856 7352 7653 7519 3211 4225 7069 7558
9 3377 9458 1829 9650 7727 3211 8281 5232 4912
8 5683 3031 6984 9680 4459 7328 3212 5450
10 6873 3212 4286 6463 1101 6517 7725 5035 6754 9938
8 7682 7613 4102 3822 3213 7529 1053 7750
9 1149 3620 3213 7812 6686 6991 2411 9907 2419
11 5936 6034 3214 1543 2355 8320 338 6580 5712 7508 5628
5 7413 3214 4746 3685 5003
9 7196 3215 3191 7316 1445 6617 6508 9745 4957
10 4711 6450 6788 519 7016 3215 4367 5103 8290 5075
9 8727 3216 4074 4026 9087 5119 9604 5938 8145
9 3445 3349 3216 8598 5547 2370 4609 8888 4436
6 5436 9046 2629 777 3217 7015
6 3217 8936 1662 8739 9223 2100
9 1155 273 2538 6257 2562 2498 1717 2066 3218
9 3218 7221 2659 8495 157 4452 6878 3391 8765
8 1843 1929 1758 3358 3219 9144 8876 890
11 2882 4408 4237 8963 6119 3219 3383 8257 3417 6595 351
5 3220 4051 3839 8225 5525
10 6524 5487 3220 2892 8737 1875 870 3355 6844 2624
12 3221 9842 7582 6647 5805 7440 4765 4797 7722 2324 6832 860
8 3221 1028 1676 1524 6751 7764 7024 4326
8 7985 4244 4080 3222 4546 2315 361 1073
3 4244 9923 3222
5 2430 4693 1575 4636 3223
10 1851 9020 91 7423 6817 8582 6468 5301 3223 4424
15 8695 8565 3224 9180 1805 2029 1378 8786 8229 6997 5167 4143 6387 1779 1469
11 4615 6432 1451 4170 862 9265 327 351 3224 7217 8889
4 2400 9091 3225 3585
8 4864 1775 9774 8811 8315 3225 8540 9301
10 20 9192 9249 6753 1133 6126 9650 9707 3226 289
12 3792 3226 3001 6958 381 4192 9024 65 2650 3401 2256 4391
10 7843 1802 5529 9308 5603 513 3227 706 5622 946
8 6588 6869 9032 6924 3227 8124 5240 343
9 8976 2579 7114 8627 3228 3229 1493 5224 3335
7 7578 6361 7876 7150 3228 7744 4645
10 7496 3229 7537 8265 5743 213 2699 2611 1232 7845
8 4183 4105 3229 2461 2694 354 3952 838
7 5734 7441 3230 9064 9247 3354 2871
9 6851 1264 9926 3230 2859 1255 1494 8866 2308
5 9658 6426 3231 9482 8523
7 8735 4409 7199 2621 958 3308 3231
11 2466 7902 8053 7630 2187 9596 3888 7417 7775 5348 3232
5 5737 3232 4898 3181 9862
10 936 4437 5402 5596 6793 2414 1172 3233 3619 2913
8 914 5507 2679 3233 7975 6448 6516 5925
6 3234 5998 4053 96 8178 2274
6 6535 3234 1551 8126 7964 9501
8 3235 2686 2094 357 8513 3123 1447 9299
7 6352 5189 148 3235 1330 8785 746
14 3758 6552 4479 3967 4006 2981 8420 527 7749 4661 338 3236 9182 1490
11 5922 829 6501 8274 6965 3971 2130 5174 230 243 3236
7 7074 3552 762 1172 1211 3237 154
8 3237 9892 2649 313 7540 9504 8890 2016
12 9348 3688 9239 3238 4142 4149 9655 425 4078 1360 646 1483
7 5713 5247 7105 3238 7870 9318 9303
6 9918 6596 8207 3239 2501 4490
11 3239 3398 1888 3049 6177 7477 8258 3674 3883 9629 2976
15 5680 3914 8955 6035 8931 4252 9330 4559 1219 408 5226 6750 8978 7856 3240
7 3240 8164 6250 8085 5760 6756 7435
10 2993 7123 7477 838 3241 4285 257 1409 6914 100
7 721 8608 4713 1591 9179 3838 3241
7 8063 8352 3242 2614 1994 4434 5216
9 2055 2226 9941 1637 5622 8264 4521 3242 5761
11 3243 4109 1003 4270 5471 4107 7860 795 6986 7901 5600
10 93 9983 6735 8711 2616 3243 5806 1278 3542 1768
10 9578 7968 6549 79 3244 1307 2625 9141 9145 2898
6 9777 8354 4548 6534 3244 32
4 3127 4255 8133 3245
5 3245 9669 2220 5324 892
10 8290 7916 1324 3246 4764 2962 2926 1243 5495 7842
8 1551 4210 9715 3613 3246 9562 5815 7847
13 5249 3768 3744 3247 1636 4851 7980 9887 2371 7078 7644 5783 5094
5 1630 3642 3247 9369 723
9 7606 6002 145 3396 354 1568 9755 8527 3248
9 9423 6756 3248 9578 829 108 3177 3739 1631
12 3925 8347 3249 4829 6896 1349 7422 2597 7792 6080 5259 5979
9 5251 3249 6742 7978 1073 1220 5532 1773 8427
13 1699 5199 3286 5243 7329 8240 6474 3250 3987 3806 575 2699 1784
6 5659 1545 9239 2007 7492 3250
6 3079 4031 4386 3251 7039 5108
10 3251 7052 929 8309 8240 7846 4513 6953 4957 1209
19 9390 4376 6792 1372 4091 4701 5909 8094 3252 9131 1229 9152 555 8201 6177 3891 5911 1351 3424
11 3589 1954 2510 2865 1361 3252 2533 9122 1787 214 6622
11 2468 8542 4526 5339 5461 6005 2044 3849 8431 3253 8228
11 5629 1216 2648 3253 6677 1468 5533 6431 1084 482 983
12 2146 767 5367 4662 8471 5108 8907 7850 3598 8196 7692 3254
6 459 5911 5089 3254 2572 3769
9 9032 7951 1520 3255 3733 2819 9881 7462 5480
6 7134 817 1629 6410 3255 9015
5 5548 2361 564 3256 3698
7 660 1088 8041 5981 8916 1332 3256
11 1530 3257 5208 460 9898 7784 8618 7008 1983 5538 5930
10 6628 6225 3257 3831 1496 6975 7573 7077 4377 6468
9 4926 803 1625 1406 8503 2888 1755 6426 3258
7 7454 2264 40 6259 8183 7078 3258
8 1257 252 1172 6375 2183 6349 3259 1253
17 1856 302 3259 3423 6132 3871 5494 8437 4185 4741 1759 6791 3161 8357 7613 9386 7406
3 3672 8664 3260
6 6029 8913 3260 4272 748 7899
4 6538 3261 7056 7008
6 6442 9934 197 9044 576 3261
9 9072 3262 4419 4420 8952 3490 4625 6660 2071
7 5418 5570 7702 3262 1159 8160 2429
11 7849 3263 9972 5032 218 9969 9782 3323 563 2717 5212
9 7764 8310 3263 6765 5672 4937 3316 3988 9715
7 6141 7197 3035 3264 5215 7679 4480
9 2472 6252 4766 9279 1439 8308 3264 1172 4240
6 4048 708 9807 3265 5253 6693
9 6925 6784 7638 3265 7789 3851 405 9033 9078
17 977 6824 3027 3266 9284 6242 2628 8545 4116 1366 3435 5641 985 2882 1822 2024 7030
9 2162 5889 4619 6490 2082 3266 3413 6986 6099
8 8377 6470 8781 5888 423 223 8779 3267
4 650 8548 3267 910
9 3268 6087 6619 502 53 3925 2622 399 1822
7 8106 6523 3268 7351 7641 84 2110
7 7087 8893 8287 4100 3128 3269 3180
11 3771 8213 7640 4877 5171 7210 832 6991 6145 8570 3269
12 982 7268 6289 4303 196 4063 6941 3270 4742 2169 4231 5517
12 6999 6227 8314 4838 2755 3328 7632 3604 3227 1776 3270 7336
5 3271 8606 8099 2346 7917
7 9940 9164 3271 6105 5441 7750 7422
10 3774 4530 7980 8981 4177 2964 4689 3272 7121 3890
8 6656 5254 6196 8853 5444 7078 662 3272
10 9400 6819 7405 8296 9048 5871 8504 1259 844 3273
9 5877 3273 987 6942 9045 7890 8501 3913 5691
11 8592 5111 6489 5522 8496 7862 3274 207 6667 1278 1835
10 1248 2842 160 2246 8765 4682 7428 3274 7339 7921
12 9335 1860 2457 3275 3306 6576 3181 6873 1731 2359 2957 5146
10 8817 4699 4729 6473 6569 5744 3448 2085 5275 3275
13 2579 4184 2788 3276 1602 1763 3543 3257 8825 450 6243 8371 7127
12 1999 1859 1603 6620 3276 9621 7153 5845 572 7065 7988 1643
9 3277 467 7337 8752 3317 2455 1510 5211 9104
8 9116 4102 2025 3277 9212 2247 7025 2754
15 7701 4080 5234 8267 499 7837 9988 9903 9631 7582 3278 4066 9091 9766 4438
10 3278 869 5718 5848 5562 3539 1035 592 9231 4836
3 3111 3279 8192
9 7453 2782 4070 3279 6089 4198 6112 7207 966
11 1269 6781 7643 5235 5553 3280 8254 2967 2101 4480 7386
9 9920 9737 6838 5397 6993 2887 2005 3280 3891
10 8397 5748 4371 4074 7577 2137 7724 4286 3281 4440
7 9527 3281 1282 3844 9561 3430 5388
6 3563 3282 2182 6997 1483 6230
7 3282 6992 9017 5884 593 8092 6174
12 5423 9741 1811 1276 3283 4863 4011 267 1291 9313 5945 5341
7 9058 6013 5430 9592 4989 7759 3283
11 3284 6552 4273 8391 7139 7428 9677 9897 6034 225 85
9 9043 8860 4057 3284 199 881 5852 7817 2776
15 9209 1660 8628 9771 3285 8137 2726 1454 8260 5807 5961 7639 670 3598 6038
6 6832 2694 3568 9883 3285 1464
5 2656 9106 1505 3286 4213
5 3286 3552 7897 6256 9727
11 3820 7977 3159 8945 4344 8031 5108 3499 2761 8707 3287
8 9643 3287 3947 3386 4790 6551 3137 9695
10 8819 3723 113 3288 8463 7288 7048 4772 8846 8769
10 2787 2696 6636 9519 338 2407 9240 3288 4480 3054
15 1800 8385 5967 5864 7272 8427 3685 4887 4630 3289 2692 8160 7347 8901 330
10 7255 937 8598 1030 2307 3289 6429 6912 8819 2819
9 9377 3290 1486 8849 360 4571 5718 2859 9042
10 4231 6040 3290 8290 5689 1855 8218 3148 1759 876
5 4045 4508 9986 3291 1854
7 1749 3602 8751 7088 4184 3436 3291
5 6101 4690 4867 3292 8598
7 3292 363 9195 4172 3257 4704 8754
14 4417 5703 6941 606 3131 4509 511 7227 3293 4801 2631 5662 8416 770
9 6456 9576 4540 7101 3293 7415 5056 4343 2803
7 8475 430 3909 3294 6839 5468 874
11 4501 7260 6087 7265 3294 5587 3301 6709 2566 4144 8873
9 9814 3295 9871 2923 6168 6258 7015 6739 842
6 7094 5226 3295 2743 4329 6033
11 5381 3296 2528 2804 3732 5842 1153 3246 3587 605 448
12 5865 1690 3296 1363 1704 5652 9728 1197 8919 63 9119 2658
9 9075 9588 5281 3297 8460 6797 9643 6440 7347
12 8475 1001 6829 5045 6479 3729 5012 5561 1238 3297 7458 1981
13 448 2881 5235 5651 3298 9960 3458 6392 5579 5769 6819 4910 5715
8 4872 7033 3252 8969 1925 3298 5082 4851
5 3299 3817 633 3708 3606
9 8539 5495 9971 5677 3299 1021 6708 8176 4273
13 1065 2041 7242 7153 5556 8694 7772 132 7334 5933 3300 9180 3197
13 1518 7920 3300 7607 4846 6249 7397 407 2466 8427 9907 6744 761
6 7935 3330 1843 9277 9351 3301
8 5976 2033 4850 1783 3301 567 4150 8852
6 2625 5799 3302 1248 1713 3696
3 9420 3615 3302
6 3303 4589 7065 5301 3960 2296
7 4542 3303 5664 6897 7321 1205 4024
12 7200 9412 3304 4481 8612 7945 1210 930 2169 7 3484 8204
7 4198 749 3304 630 6027 4192 2323
10 7319 96 8466 2439 7918 710 7008 9753 6838 3305
7 8366 2975 3408 728 4075 4327 3305
8 5835 1104 3039 2071 78 217 3306 5691
6 3306 9167 6911 6340 1162 3534
12 6623 2268 3843 6148 7392 9043 3307 7734 503 9129 2059 9138
8 6619 883 4517 8921 3616 3307 1152 8606
10 3120 9264 3016 9492 9171 3308 6431 146 9075 9470
7 8397 8291 8683 855 3308 2333 4688
10 3309 6537 6616 5074 5715 3788 4574 940 8259 8995
12 2108 3309 6554 7066 5780 3726 7192 2818 9747 2383 9255 6844
7 1700 4165 6147 5773 3310 9026 1983
9 7647 1244 8974 7540 3595 3310 6506 4269 2190
8 4376 6615 577 7673 1578 3311 4403 9378
7 8962 5134 7765 4614 3311 5891 3799
9 18 2250 5409 9979 3312 6919 226 7716 9103
10 3028 6685 3312 6918 9614 2234 4108 1620 4626 2976
7 2007 2331 3313 1594 6810 5744 5655
8 2654 6516 6951 8448 3313 9612 1189 6139
8 6943 7021 9392 8827 9028 3314 6088 9346
11 3314 1247 285 693 4762 2219 2916 726 7368 662 736
10 3315 8880 31 5770 2615 8679 1567 3427 5636 4751
6 6753 3315 7783 3740 9215 8863
8 7298 8417 8596 7576 3316 3641 9440 3808
11 8702 2484 2700 8817 7024 931 3316 4262 2896 9348 9580
10 481 3317 1246 5034 5365 4574 9115 9205 7034 777
9 9204 6578 7452 3317 9660 5607 7555 151 6139
9 4987 9297 3318 2171 5734 2527 3384 2989 1022
13 4709 4313 8758 9982 1451 3318 3520 2064 2998 6096 8135 5909 6696
11 4005 8709 6342 8527 3066 1468 5737 9496 9232 2929 3319
14 3319 3009 3534 9811 3627 9714 5390 7165 496 7263 3127 360 9712 5873
9 8276 862 9692 8444 8770 594 8571 3320 8970
9 8287 2803 3320 8808 6849 4666 7842 8440 7453
11 7935 3321 4560 8120 3574 8804 5997 7991 2486 6739 3255
8 9374 9976 1242 2316 1031 4343 3321 629
8 5529 3343 8988 6927 3322 6042 8043 2290
9 8131 3611 2813 358 3322 8390 2640 4523 5446
10 8643 9867 3323 6948 9498 1704 6443 7616 9788 6874
11 3899 5431 3323 4701 5568 3897 1232 1120 3073 8030 7099
10 3932 6372 5170 8218 7873 4254 9004 3347 3324 7550
8 120 950 5819 2443 9576 3701 3324 4019
9 1378 3331 1758 5863 523 1901 6944 3325 4387
7 8129 259 9048 1791 5476 9616 3325
4 3326 3626 9833 5877
11 69 960 3326 4502 2791 5267 7678 2317 8276 3135 9480
10 7083 8352 781 5600 3327 1492 2266 4697 4479 606
10 6546 4578 5541 9153 5917 3327 5730 9338 5318 1081
9 8690 2250 8036 4046 7236 340 1611 1292 3328
9 3089 4504 3328 8000 568 2861 6274 489 7832
10 2586 202 7832 1720 5013 9329 8585 3329 2823 4331
7 3736 433 1253 4071 3329 6525 9809
12 6347 2646 6229 1010 6299 7599 1488 3330 4941 8405 3467 7393
6 8995 204 7931 3330 5593 4825
6 8412 3331 3423 2942 3443 4907
13 1991 9121 2022 9337 23 6707 3331 1184 9887 5575 6385 5276 3179
7 3332 9402 8131 6166 1935 7973 3018
13 9397 8519 7499 3118 4868 7833 4349 3332 4401 7139 8286 7961 8563
6 9412 6549 6055 8490 3333 7483
4 3333 6797 3391 3949
11 9010 2838 9169 7026 7299 4384 1417 7947 826 5498 3334
6 3334 18 3086 4951 9187 5033
8 3904 5978 7368 3902 3622 3335 5384 836
10 3286 1657 7922 6930 7821 1662 5999 3335 9311 2258
14 3336 5574 5215 3836 2838 4410 5300 7967 5305 2911 2424 3041 7534 5714
4 3389 3336 4524 752
11 8016 3337 3467 9741 4731 8127 2055 3496 2357 321 5314
8 1976 7640 3337 7340 6302 1121 4853 1142
9 2770 4704 7314 6508 7766 5196 6767 3338 1874
7 9639 8326 5373 1257 1272 2642 3338
8 9308 8686 958 3465 5471 6972 3339 6188
7 3339 6083 5523 3061 1401 2755 5434
10 9524 972 7223 4936 3084 3340 2084 3122 5143 6827
8 5320 1942 1760 2479 736 3340 7352 6795
6 7155 7933 3341 7495 6377 7744
6 703 9815 1448 2950 3341 1730
8 8606 2325 6626 2542 7039 7491 9337 3342
16 4468 1530 3116 8230 3342 7954 3007 1691 2767 9545 6428 93 9920 5538 8660 8241
6 6344 3918 5265 3343 8626 4756
5 2811 6180 6903 3343 8543
8 25 1380 7235 2750 4227 3344 9226 9336
9 5041 7604 353 2770 9294 6043 929 3344 4570
6 8570 9916 3345 7408 5891 5826
6 7285 8224 3376 9896 3345 5563
12 568 3346 3743 8852 8836 1604 6531 9695 6387 6760 7053 5542
7 4674 9324 8641 3346 1392 1564 1399
7 4243 2322 7456 6948 3813 3347 9108
9 3347 7275 8999 124 8284 4700 3737 9356 6638
11 7173 7352 9316 4619 3872 3348 2076 4482 8339 4890 2428
8 2707 7756 7252 392 9830 9509 1978 3348
11 4965 8740 2266 1223 5558 5487 2661 3349 4517 164 5267
8 8424 8859 7241 1424 9361 9024 7772 3349
5 3350 8417 4900 6109 9086
8 3350 6828 8227 2472 925 7838 1604 8306
7 1709 3351 9410 5001 1644 9404 666
12 928 69 6117 3351 8585 1089 7040 7394 1056 3202 7676 7908
5 4742 4408 5258 3545 3352
8 7495 6784 7565 5789 1156 1163 2706 3352
15 2533 9481 5108 5591 6664 5921 1792 8283 1295 7649 9239 7853 3353 5074 264
13 9261 3353 2781 7729 3911 8742 5552 3263 9073 4471 6600 1832 242
13 3402 853 1287 3354 6360 9866 759 625 7627 1074 6590 4689 6386
6 2877 6986 2923 6836 3354 2508
9 8234 6170 9324 9259 2893 876 5292 3355 2727
7 2951 3975 3355 7265 2322 2978 7433
9 1893 3356 3920 3549 2600 8932 3800 5764 3604
11 5823 8663 4776 3356 4130 3571 1634 543 6986 2741 5078
7 5707 7505 4420 1265 1289 3357 2626
12 2115 9298 5459 7025 3522 1894 9535 3357 1596 1760 4973 6114
7 4888 6860 3446 657 3358 3544 2356
13 8270 3976 9511 638 8064 8853 3725 1860 543 7471 5095 1803 3358
3 2857 3359 8585
10 7666 2027 5669 3359 3232 3210 5802 1862 273 1583
5 7468 3360 1153 8660 5907
8 3116 6076 8339 7672 822 3360 6025 3351
9 4236 1461 1219 9139 1817 9998 6297 3361 6374
11 6373 3361 7498 1523 957 5224 3024 2398 3636 4479 8403
9 2873 3362 2796 9414 9329 8906 6 1810 6727
6 1489 7865 9135 3362 3833 407
10 3625 6086 1190 3363 6725 8355 3757 6997 39 7083
10 4530 6018 2663 5713 1623 3363 181 3974 9715 7662
9 3651 3364 5804 853 5306 1240 4343 6086 2512
9 4178 3364 2571 4071 3706 7840 4334 9430 3134
17 3150 2229 6891 3365 5890 5652 4878 446 6184 1327 3308 4339 8536 1774 5343 9236 605
8 3972 516 8144 8445 3365 5915 4076 4455
5 2621 3568 3366 7493 8006
6 3366 5581 9564 9048 9720 8517
7 6488 7682 8837 467 2108 3367 5807
4 7475 3367 7819 5431
10 9179 4051 3368 7639 1778 9534 6023 9746 1985 4502
14 9457 9559 4748 1000 6281 8796 2246 3368 114 1430 3468 9606 3598 3707
8 687 8762 1773 1511 6591 7784 6643 3369
11 3252 2075 3369 1253 3907 5154 8212 5191 2457 5291 2309
9 273 3370 1129 222 6279 3195 1452 531 7729
6 5004 3370 6500 3408 2789 1337
11 2205 4791 9789 9480 4667 7968 1846 3371 2635 6827 3492
7 5733 1485 4382 4356 6602 3371 1713
12 2860 4197 8738 9698 3372 7036 3264 9805 5874 1971 9598 9976
5 5922 3439 9548 4713 3372
4 438 3373 8109 843
11 4916 185 3406 5487 1616 3373 8906 1985 3797 1419 7322
7 1852 1634 5353 7222 7584 3374 70
10 2186 3374 5383 1573 9545 8769 8038 9461 8347 6481
15 5955 4608 7706 3560 7072 1677 3117 3636 6121 7212 6444 5501 6320 3375 8136
13 5374 8537 4492 3375 8838 9749 5828 9327 678 3117 3145 9585 7780
8 1010 6632 2555 6453 3376 7908 6108 8011
10 3609 7621 9235 5709 3376 2491 8240 2157 3754 6426
10 2507 9840 3124 3200 9028 9837 3377 5392 2076 7049
11 9534 6498 9673 7283 3789 2333 2394 1645 3377 6482 897
7 3378 409 4570 1577 2435 4807 9982
5 8902 3378 1035 4822 8128
10 3379 1217 2047 7298 4872 5320 3430 8674 9646 430
13 9032 6162 4761 5177 9965 6331 3379 5175 6693 7100 1689 5415 3921
12 2943 665 5909 5753 8810 5328 5224 4366 5031 3380 7925 1101
10 9241 3380 7269 8697 1550 7848 8259 3941 6211 5156
9 7716 5117 593 8607 3381 8287 8076 1427 4112
6 4404 1233 8016 3381 668 3029
16 8746 8982 4786 2726 69 2526 8137 6779 7320 6528 1894 3382 3977 2428 2026 5572
6 3658 7485 2679 284 3382 7238
8 3274 3383 4226 2978 6331 3177 6677 9356
7 7572 3383 4171 738 8116 4678 6994
10 9655 3384 2069 1928 5033 7034 8620 1158 7109 6089
13 5619 4680 3384 110 8408 1318 4940 843 5801 1461 8308 1079 159
10 902 3419 567 8720 3385 8037 5855 8631 5907 5627
6 5419 8297 5439 7720 3385 2587
13 2825 7138 1912 1894 8899 6842 6 3459 3386 289 2552 6888 5028
6 3386 6150 7724 5565 8531 6925
11 7398 2929 2978 3387 1418 8655 2262 4438 2642 8339 3120
10 2137 1747 4079 2994 8408 8299 3387 683 1751 9191
6 5071 4212 492 3939 3388 34
10 2094 1071 3388 5670 3703 7011 4181 3010 2012 4745
4 6765 1083 7895 3389
12 540 5295 3389 8896 243 4907 4744 7230 4970 8524 2836 6141
10 7006 6561 673 9780 9394 3390 2434 2831 7066 1351
9 576 986 3518 1454 8301 229 3669 9936 3390
5 1729 621 3391 3709 1833
18 7329 3296 6706 7753 6532 1467 8514 972 2326 5796 3479 8010 5230 2043 915 2268 3391 5916
5 1463 3392 9006 8712 8769
6 8258 3392 1219 80 3659 4775
15 5610 283 2032 8978 1875 4415 8186 659 3392 5428 3393 6295 4466 352 1049
8 8897 6432 4179 8281 5213 4036 8144 3393
10 8681 9230 7063 4568 5746 1492 8756 5363 3394 621
5 3394 7947 9216 1880 6856
9 1630 8256 4503 7419 3395 5957 4244 6520 1595
10 1680 6505 5939 3395 7495 4835 2573 1061 8366 8911
9 262 8757 7281 6467 8693 9612 8230 3396 3054
5 8708 9087 5637 554 3396
9 3397 9384 1313 2510 931 5236 9748 3788 6682
8 2863 1742 3397 8755 6147 2746 2405 1474
7 9093 3398 6668 1072 7842 6595 9596
9 195 9553 9366 7569 3398 7216 5466 1669 5441
7 8651 2674 7823 3966 3399 2638 9541
11 9696 2894 3359 5117 8470 9145 8519 9821 898 7504 3399
5 3400 6015 2290 7811 1938
10 6407 3310 3849 1325 9117 3400 3405 9699 8366 4751
7 7034 1326 1986 4997 3401 6905 4010
12 7166 6024 8837 1722 1962 3401 280 798 743 2744 3757 7539
7 5848 9723 5451 1268 5904 2217 3402
6 3402 527 8069 1176 3745 9673
10 3403 7752 747 8367 2780 3275 7494 7779 5382 9837
9 7752 2908 3659 3403 9465 3712 9169 9259 5281
4 8262 4058 7994 3404
9 960 4422 8787 22 7966 6627 1390 8565 3404
6 9999 3039 795 3405 5747 2710
9 1089 298 8784 4773 6329 8095 2184 7648 3405
7 4453 8824 3406 7296 654 5834 1511
6 3998 4462 2883 1965 3406 3790
6 3787 2021 8490 3485 3407 1166
8 6255 3407 4054 6256 1983 6343 4181 9509
10 8847 2212 5041 3700 9535 3349 6448 9797 9972 3408
10 7608 3408 396 1300 3532 9146 2607 1190 4935 8242
14 1551 4564 6547 1938 5793 3409 7154 2045 3802 2949 9944 1475 6597 3745
10 1522 2529 5852 7522 1896 5231 9898 3409 5013 9948
10 5419 9050 4202 2319 3410 4240 6315 4711 6377 5422
8 3950 9943 6195 2153 9921 3410 9084 5911
13 3411 1436 297 2743 1688 652 5476 8422 9121 9605 1638 5723 8931
14 7114 7228 2909 306 8192 3519 4458 4226 2922 6533 3411 4895 8047 9426
9 6915 3412 5720 8510 166 5656 2180 141 5910
12 6839 4726 201 2671 7710 9463 6278 3412 7582 4417 4888 7282
10 5619 2937 4750 3416 3413 2980 4669 6681 6743 842
10 7780 2629 6702 5833 9635 2914 7546 9230 8596 3413
14 9796 6596 4327 3414 111 7354 3574 7883 9721 6399 8274 5370 9039 9279
8 9944 1550 7672 6009 3414 4063 863 2906
9 996 2829 1944 3415 4931 827 4840 1529 1079
11 6572 1250 4427 172 4117 333 8042 3371 3415 3020 6443
9 9230 9080 9300 9613 2793 3526 5021 3859 3416
7 7074 5739 3416 6381 4762 4653 7956
6 3417 775 4159 8189 4458 3684
6 6324 3417 6710 1006 2214 5669
3 193 3418 3139
11 4957 6562 4672 5831 3133 8453 3427 8824 6611 3418 5454
11 6826 3419 6370 9656 8388 7774 4058 6589 1524 2178 8402
10 9774 12 8774 5324 4690 9429 3419 9804 9865 9667
8 1021 1332 755 3420 1916 2067 6886 6367
13 3988 868 8524 8451 7695 3639 6773 4195 6109 1524 3420 2667 9413
8 1607 8686 2255 9170 7135 3421 4768 1003
8 3421 1242 1334 1665 4160 3105 6442 6620
5 617 2251 4176 525 3422
12 9695 3422 8829 8362 3608 653 8998 4636 8804 164 8731 3030
8 5902 9758 8409 2526 3423 5512 244 3073
5 1335 2473 845 3446 3423
7 6642 3424 7858 2658 9375 8253 7062
4 8259 1438 5881 3424
12 9262 6462 3425 1789 7865 7935 8171 8606 1104 8570 8635 3898
5 7037 3425 4255 8026 3330
9 7877 5535 584 4534 3426 3255 7420 6220 7766
14 1818 2580 8823 9242 6302 4644 5853 1568 5209 4496 491 9496 5035 3426
8 3882 4982 4191 1014 4109 3427 5539 4503
10 4233 3427 3751 1643 1427 417 516 7952 6790 2723
11 83 1639 9303 9657 3428 3161 1293 2773 146 525 3253
7 4016 9772 3428 9390 1429 600 6952
12 3029 822 69 4087 686 3429 4383 2755 3700 1067 5611 631
10 6717 8927 5476 4128 8891 8135 7871 471 3679 3429
8 1212 1847 7546 6246 3183 9829 2235 3430
4 7297 3430 4966 5619
10 5059 3431 6888 1140 4648 9162 7556 1832 3961 9636
8 8632 7506 7856 3431 4810 161 8008 3962
8 4931 2694 5574 2947 6417 3432 4305 4184
9 6343 9475 309 4106 3223 6346 1828 9482 3432
10 5346 8763 9930 3433 3539 9538 7074 4396 1087 4442
8 3125 5067 3433 7006 8974 4849 1857 4614
10 9049 6456 9574 3434 6927 3606 9319 3108 3215 3514
13 9711 1392 1679 6124 5179 8444 5822 4317 9030 7989 3434 979 9246
6 9506 9271 9301 3056 3435 4107
7 3435 1605 5913 7429 3841 9914 2065
12 3436 6278 3358 6426 963 2179 667 3688 3873 3081 6095 6551
6 3436 5946 593 1380 1487 6647
14 5499 920 1810 3437 3225 7384 3281 5440 7308 3270 2923 156 8158 4278
7 8614 5657 5871 7558 7595 7807 3437
5 3438 9473 8591 4429 3082
12 9265 503 3438 2018 6378 7791 1814 870 4340 9711 6438 8183
14 3439 4640 3641 331 4855 271 3973 6941 5535 5402 3434 4233 1800 1825
7 4393 8629 9983 9569 3439 8187 4668
12 1810 4574 1988 8978 7730 6379 2820 9882 5602 3440 4501 7603
11 3440 4143 773 9850 42 9501 709 8937 5858 9173 7084
4 9036 1072 3441 8068
14 8881 5618 3441 8418 181 3943 9631 1263 5971 7432 6180 6387 5188 152
7 9590 3442 5693 1394 2426 5392 9683
10 2679 5409 4513 8136 3442 4558 8730 2418 1915 6841
10 7486 2447 7999 3443 4720 8732 7671 9745 9058 1613
14 6863 8352 9031 8360 8962 2090 4096 3443 8789 2189 6773 7891 445 2714
15 5529 3444 6208 4843 4959 4819 7081 9912 5951 2896 9364 898 8425 3144 3468
9 4863 6193 6157 3444 3506 4039 2551 5082 1238
11 2517 6731 4592 5535 8175 3445 3365 8607 7131 4503 442
12 4435 2503 3796 3592 1245 7628 4686 2856 4987 4109 3445 7264
8 2157 3031 3721 9498 3446 641 2215 5466
5 7018 8231 9008 4153 3446
9 5871 403 921 3447 7351 502 4799 3673 3186
9 6499 9661 3447 5142 2253 2197 7174 5883 7350
11 238 5813 3448 2047 1984 8927 6608 7354 4190 7961 7400
9 4484 7234 2407 5017 3448 2967 9168 433 7855
7 1177 8989 8680 9449 7555 388 3449
15 5734 3449 1651 480 8639 9949 7063 2615 1292 7112 7035 3707 647 8438 1459
8 3450 2449 2394 9438 3201 1782 9118 7566
5 3450 3884 9389 7178 116
8 7981 8014 3932 6688 3451 3720 5267 8411
4 5423 4430 6064 3451
9 3452 3428 3008 6803 5858 9972 162 3706 7591
8 162 4573 4428 3452 7627 3309 2232 7885
9 9357 5545 3453 4064 7211 7618 3612 2883 3169
8 7099 2495 836 7368 3453 5071 8137 5737
15 8537 4542 5232 4875 9136 8596 683 3037 9922 4336 416 4996 7284 7715 3454
11 7842 9237 9164 1988 9880 8738 8112 147 751 7223 3454
5 1833 6614 7528 3455 1347
13 3455 9132 6181 7230 5166 8682 299 4451 4830 6580 1837 9538 5393
9 1991 7277 3456 2771 1332 7266 2393 5 3250
7 2599 7147 4449 2223 3456 6483 2850
4 6825 7902 3457 740
5 8712 7750 8889 3457 2623
11 3566 5690 1452 3458 5611 9359 5315 9564 5017 3816 470
10 4011 9092 7173 9885 909 3458 6626 8114 2610 1399
14 1690 5537 7737 6311 4366 3459 9345 4550 1380 6625 8073 4960 8513 1860
9 9674 2486 1518 1006 93 5825 3918 2199 3459
11 9910 8556 2557 4796 9622 14 5856 3460 2021 8656 2841
7 7059 2267 3697 1838 7468 3678 3460
9 3592 8667 7476 3461 6031 9799 617 2543 8641
5 7862 1943 3461 6456 290
9 6532 9693 1503 3462 4756 4235 4668 9879 6774
4 9978 7531 3462 3316
14 6203 9434 2516 6645 6869 5364 8772 5835 7061 2543 3831 4915 3463 9214
6 5461 3463 4142 5460 7024 8733
7 7555 8186 6127 4756 3464 9628 4389
9 5498 8814 4032 6672 2914 3464 9035 2269 4568
7 4344 3468 8436 4922 3465 6338 372
10 2285 3944 3719 9343 8128 5709 5382 3465 1613 2327
6 8635 3466 2797 9291 8901 7850
9 6378 5093 2721 629 3466 2763 2369 1028 5150
7 3467 2608 578 9544 9902 7394 321
6 2873 3467 2964 964 4223 8721
5 3152 4020 4221 3468 5257
10 2203 8452 5779 1944 5384 6121 8396 2716 2608 3468
7 673 394 2297 292 4612 968 3469
4 2479 3469 3061 2660
9 6587 907 2269 6879 3470 2583 6541 8662 2932
7 3281 7315 6548 5324 5247 2985 3470
12 6629 1557 5575 7189 584 7885 6153 6300 529 4494 9847 3471
13 7401 3300 3471 1842 1465 9610 8862 7724 5065 6651 4665 801 4742
8 3472 9727 5199 1642 5660 2854 3708 9271
9 8704 5294 8481 203 5960 3472 8811 792 5654
10 6313 3467 8895 5224 6953 8994 7689 5850 3473 7223
13 2138 5608 3415 3300 6647 1083 5150 5736 6695 4226 4782 5570 3473
9 7859 8522 2293 5142 581 2345 4127 1749 3474
11 3474 8859 865 7481 670 1500 5598 5373 4348 3360 4995
6 2687 3291 9675 3475 6628 4848
13 700 9015 8702 9271 9495 642 3475 7826 275 3854 381 9514 6858
7 8301 4565 3476 6947 6504 1522 2086
11 8130 1446 1700 5085 1110 6022 1047 4463 3476 9898 1949
11 3477 278 8561 1446 7924 7550 8331 1024 1774 5250 4671
13 1013 3477 3167 1997 82 5743 2854 5464 740 8557 3881 4331 273
12 8367 8827 5463 6420 5965 3478 656 6963 5000 4976 5549 9135
9 7865 6454 2969 3478 4777 967 7957 9889 4931
10 7791 6412 9816 5379 34 4626 6174 3479 8859 3569
4 8201 282 197 3479
6 2612 3480 5229 2656 5444 3048
6 4078 8602 1102 3480 3201 9279
12 431 3481 429 9052 1542 5809 3425 6957 6189 9948 2386 2422
9 2331 9839 9205 3481 3452 9280 9341 1613 6292
11 9361 1356 867 4514 423 1679 1758 6474 5163 493 3482
13 3482 6361 3118 1600 4168 5454 5042 257 3500 7565 690 7952 8778
6 4900 3483 9676 7753 2502 8103
4 7154 7638 6225 3483
5 4473 8467 3484 7148 2390
18 1152 2623 435 4094 9782 4417 94 5082 8164 962 5091 5250 9133 5965 3484 1417 9325 3754
7 3434 8140 9323 3535 7942 2618 3485
16 3610 3719 4447 9950 6978 4845 3485 9182 5048 3901 9061 7943 6679 3961 1961 8672
9 5175 1480 8632 3486 2907 7698 8024 5079 2560
5 8180 647 3486 2311 3335
8 7206 5317 4774 1528 6516 3487 6250 1338
10 1690 9240 1987 2055 9258 3704 1899 1498 3487 2658
11 5107 4162 8358 3456 4036 8993 5020 3959 2137 1298 3488
8 6972 7818 3656 3029 1672 8291 8645 3488
12 5644 145 2126 8560 3489 4984 1070 685 6297 3012 3268 3484
8 4787 8652 2485 8938 8812 8735 3489 4226
12 8814 3394 4578 4920 7770 6312 8421 3543 9021 4807 7232 3490
9 3490 9524 55 8033 9038 5613 1285 3786 6086
7 3491 4845 5761 8381 8803 7388 9836
9 2000 2051 8936 3491 7127 6425 8591 8181 839
4 5889 2511 3563 3492
13 7853 2489 6710 8216 6714 496 2229 6534 3492 3931 7287 6487 7003
11 8083 429 3339 2566 3493 2218 3238 976 4238 7972 5210
7 2252 6218 4031 1934 6332 3493 6065
6 3494 499 3165 1575 2332 1698
11 3401 6267 3115 3494 3197 6233 2259 7464 9514 8282 7237
10 9448 4179 7338 3495 6540 9217 2310 6428 4421 9540
10 3130 8171 1601 8167 6566 8712 5636 3495 2746 1620
16 7629 946 6562 8118 2703 9468 4258 533 858 9115 9091 2645 2413 4324 3496 3869
13 2721 3496 7143 8233 3643 9392 7286 1829 4586 3515 833 6768 842
4 9163 3497 4561 4709
6 882 577 1304 11 3497 9591
10 3657 1325 3498 6449 8614 6565 6727 5929 5905 8591
3 5540 4958 3498
9 5101 3499 6542 817 2405 2325 3834 8010 5970
8 8186 3499 2824 1050 5246 8721 7889 2215
7 4206 7533 3500 5831 3945 2628 1722
10 7309 7203 856 2633 5858 5120 4909 3500 2393 5266
11 3660 4895 6390 1316 3501 7313 9586 4051 3832 1601 6986
9 2191 5318 5550 1460 6406 7330 2517 3501 7989
12 3224 402 3610 8120 1416 7885 6171 8337 9716 3814 3502 350
12 6781 8096 7198 3502 3797 3619 2249 549 3696 6868 9599 9335
9 4591 4798 7633 8361 3503 2022 8098 3121 9006
9 8274 6611 6160 6515 3503 8084 8031 6523 6159
7 7041 4365 5611 7190 4814 5619 3504
6 3504 9499 9142 857 957 3513
15 2628 7066 9466 8633 6181 4742 3139 6778 1603 4213 62 1191 3222 2112 3505
9 1734 3857 4065 3505 8954 272 6369 5694 4855
6 3121 8637 183 3506 2916 4892
9 2661 9235 4634 4530 1926 2297 5048 3506 5567
10 9472 1482 5532 7338 4766 6065 6591 3507 6435 7422
12 7325 175 6432 9928 1336 7505 7188 8034 9714 255 7576 3507
6 3518 9339 3508 6302 5643 7651
8 9310 9339 6894 1287 3508 2809 3280 8244
5 8879 7391 6052 1628 3509
12 9612 7539 3457 6122 8097 9939 9282 9396 9721 2417 3509 5538
7 7514 6629 178 8503 2444 3510 7323
11 5471 8719 3510 6175 4626 614 4920 9668 9030 8161 1026
11 7629 9081 344 3381 3511 5207 280 9758 5501 912 2420
12 9387 1259 6634 6928 8117 9792 9963 3511 5981 6444 9228 1361
11 5506 6716 2717 9791 9409 3512 6556 2984 3899 2193 2054
7 6669 8698 3475 2096 3512 8512 9293
13 732 5146 3513 6085 7270 8047 3343 2527 4169 9975 5888 6134 543
9 4833 8339 2987 1165 3513 3263 5240 2186 8130
7 3951 1672 9443 4044 3514 5497 8180
11 234 3201 7809 3514 3338 3862 2789 779 7660 1654 6533
9 664 9369 7454 8727 4339 1083 3515 2297 2431
7 3515 510 1328 4049 691 7438 69
16 635 6598 5849 2454 417 3516 602 973 4615 800 5929 9003 7637 5347 4377 3664
9 6803 9759 6769 3516 8634 1181 4877 6635 2441
10 1568 136 429 9259 3517 5165 6900 8277 5442 4535
10 7478 1034 950 237 3517 262 6097 6745 6166 7498
8 1120 3692 6852 7647 8005 7863 3518 6384
10 7840 3518 2130 4630 8407 8607 3049 8209 235 606
8 3519 2985 5238 5120 6685 9450 6503 7743
12 5573 3519 7407 9156 6704 6107 2248 2371 4090 4414 3036 9544
6 7009 3305 7987 3520 4612 437
7 8599 4677 4111 5562 1386 9280 3520
4 6291 5180 3065 3521
12 3284 3521 162 4163 462 1397 2224 3578 4572 7647 8249 3092
10 3811 6049 8246 3522 485 4700 7948 2876 4827 1310
10 5253 7496 1566 9786 9668 3522 5553 2034 2360 9235
7 8089 3068 7831 7494 3523 8271 2877
9 9245 7395 3523 9669 3271 9353 6577 4384 1068
8 4833 1018 7543 4239 7947 6755 3524 1434
11 9745 7322 9229 2263 3524 9327 2276 9653 8878 57 3753
5 7141 3426 2944 3525 2416
8 6504 1523 2644 8325 953 3525 1392 9213
10 8020 3526 9205 660 545 9185 2063 7579 7262 6693
3 9631 1763 3526
8 1033 7379 3527 3845 208 7596 1406 4513
10 2072 9777 1980 5829 1977 3527 4632 8051 6523 7882
7 5361 1556 1270 8216 3528 5345 3013
9 103 212 3293 5214 1185 3398 9536 5976 3528
11 5953 6922 941 7347 1985 2534 3743 9361 8317 7614 3529
12 9751 9995 499 3529 7524 6185 8005 1505 5654 5319 5917 5979
6 1454 8520 3530 6927 3002 8888
12 1828 5530 4439 4221 4539 8616 6071 3530 7482 7722 6849 8280
10 6789 5113 9754 3531 7453 2685 6900 7657 5799 9980
5 2884 7843 2866 3531 356
12 3532 8042 8742 6607 8926 8353 8874 7833 3797 6554 3121 2310
11 8729 7011 9140 4593 2959 3532 4484 6620 6781 4411 5904
9 624 3642 9064 3533 2526 1857 7778 9840 2336
8 5812 4526 8467 1923 3533 7249 952 1764
16 5892 4460 1967 6365 1701 8465 6006 7099 3232 4093 3534 6423 3083 96 2109 5238
8 4523 3011 4267 8896 3281 7185 7466 3534
7 3535 1689 5878 5344 3948 2045 5580
10 1183 6751 3535 2139 2968 3921 4780 4160 4142 5351
9 9550 7570 4522 3536 2234 443 3310 4896 4725
13 6834 7189 6475 9544 1919 5249 6311 3536 6867 7790 8046 5345 2218
11 7767 7930 2966 7102 6040 2375 28 401 3537 8506 4062
4 3537 1690 3959 8839
5 9988 9976 5208 6516 3538
11 9495 7548 3538 6117 216 7989 6518 6495 1118 6546 1870
11 3054 4408 8494 9039 8856 3539 2509 7885 4614 9988 4239
6 554 3590 7409 7251 3539 3895
6 3741 6395 9548 6889 8638 3540
6 7099 9250 9100 618 9802 3540
15 8782 6655 4516 3541 2145 8462 0 1325 6197 3699 8919 390 1946 6727 258
8 3962 2807 1264 3541 7986 3723 1181 6882
8 3661 3281 5967 9465 1474 8034 3542 2917
9 4726 4398 1919 810 1647 7389 1953 1753 3542
5 6539 2361 735 8938 3543
10 5658 8002 3543 4285 6584 123 1788 9505 4211 8851
12 7168 4894 9604 5263 7389 3544 1375 174 5686 9427 542 7607
7 1140 1062 2383 3544 3606 4807 3504
9 7348 631 7633 3370 8186 4190 3545 2523 5489
9 9182 8926 2234 3989 3545 9266 2454 9632 7478
9 3546 2035 4894 8371 7937 2309 3122 4452 9500
10 7398 3835 6592 9253 3546 3218 7721 8559 4650 259
4 3547 6358 2065 7373
7 8119 2441 5069 3547 29 8428 7814
10 5814 7684 1066 3646 4355 7840 498 6304 3548 8720
11 1611 1874 114 8037 1380 6307 7387 3790 985 2869 3548
14 7082 4023 4943 5541 6908 1432 3549 5141 1515 7069 1236 8883 7769 6648
14 7830 3882 8249 9140 4153 458 3549 222 5033 9824 6380 1638 6760 5255
10 9049 3550 3891 6588 6191 7904 3736 877 3934 2911
14 1617 7524 2105 8606 3724 9725 2561 7075 3806 3836 2947 3550 2503 6090
6 3848 6220 8563 8755 3551 4014
11 2683 5202 3551 64 4650 5677 1439 208 5149 9317 5474
9 844 3552 3529 5743 6478 9643 8277 4940 7506
10 5647 7571 5452 3552 3260 2507 9212 27 8005 914
10 4626 1450 1480 7719 8866 8342 759 1508 3553 5488
5 8849 3416 4760 3553 7645
3 3554 6769 7755
9 3850 1803 5816 3554 5567 3489 6069 8825 1860
6 644 4555 2037 3555 2616 7361
4 4960 3555 2640 6900
7 6242 7287 2265 1661 5701 3556 851
9 3556 6824 6457 7452 9148 4534 5216 5925 9471
8 7206 8350 7168 9685 4642 5641 3557 9686
8 1313 5534 3557 3991 7614 8610 4354 4615
8 2950 4210 3417 5363 3558 7323 5454 6258
11 4539 5466 3205 2484 9689 501 8039 9080 3558 2231 2372
10 8026 9194 4452 8759 1856 8426 9898 3559 7589 143
14 916 7745 2822 1675 85 342 8304 9154 8780 7402 9480 3559 1863 5627
12 3560 9189 4031 6409 1326 2254 5756 2872 6141 8232 844 6545
8 9947 3560 1869 2101 853 921 4416 8714
9 8474 96 3013 6483 8910 3522 3561 7595 1228
10 275 2742 1761 9164 21 2522 3561 3196 3086 5147
12 5930 5419 3474 5395 8009 7542 9787 542 3562 2045 3168 3253
10 7932 3562 989 9437 8275 8560 5788 9086 6298 8025
10 8303 3563 6984 1540 1082 128 6280 5512 5154 6553
5 3698 1511 3563 4111 8259
11 6146 3564 1883 2031 1695 6032 5745 1130 8046 3833 2127
8 8962 3963 1183 3016 9619 3564 1775 6226
11 4012 7708 2301 5405 9132 9998 5085 6891 9149 8763 3565
7 3394 3565 5865 8997 3484 9506 9166
9 499 3566 8188 4759 7937 3143 9183 9464 5776
13 5453 8054 1608 3566 6512 8299 3916 7775 7137 9670 4145 5902 3928
7 7180 4559 4731 3567 6843 26 6138
11 691 3978 9979 5623 1842 587 1747 755 3567 5712 3458
14 4334 3907 3568 3824 4192 72 8219 5492 7134 7390 9976 9643 5405 2192
4 1185 6773 9822 3568
12 9610 3569 6569 9383 347 5195 4878 2884 6666 4983 490 1119
8 5260 8516 8557 2214 1410 324 3569 1647
9 9098 2775 7051 3565 3108 4842 4500 3570 4272
6 3747 3570 2199 7529 8608 8516
10 3208 7266 6994 5916 2424 1205 7605 2189 435 3571
7 3571 2510 2330 1740 6217 8988 2133
9 7820 2669 2786 7645 446 3572 532 2685 8417
7 3768 5837 5819 3138 2217 3572 2774
8 3573 6421 9273 5420 9952 6914 5271 2527
5 9789 3573 3446 7275 6969
6 3574 5874 9477 457 4545 138
12 533 6095 3584 1858 1591 3574 7596 3210 1768 2688 6458 984
5 6227 2679 8280 3575 7590
9 3810 9061 4299 8626 2191 2228 4954 9290 3575
10 1745 5929 9284 6601 6554 3576 2197 4119 1710 2119
10 3576 5157 6968 9394 8203 6819 4309 2419 3967 8635
11 6683 3037 1086 727 9188 3577 8969 3329 252 9682 9496
5 8533 3787 9709 3577 2057
13 3372 8932 9066 5045 2481 3578 6299 2262 4971 2905 503 1547 430
5 4528 1833 6209 3578 2825
10 8039 5043 3579 162 1158 2653 8777 8839 7664 8900
7 628 7519 3579 8167 6416 7660 3727
12 190 6239 3875 3772 4138 1938 3580 7691 7195 5739 5490 2475
8 9146 857 3035 9350 9785 2830 3580 8633
7 52 826 4846 8652 3581 4852 2024
14 4169 2976 9169 9173 7299 9426 8735 8178 8760 2761 9358 8614 3581 9314
16 2203 4984 3582 1358 2223 3803 6640 2519 5910 5282 423 9109 4576 8321 7520 5171
10 6804 9497 3451 2281 544 3582 7979 3685 2306 4576
6 9507 906 5845 3583 176 7680
11 7089 7388 2454 3583 6054 1840 7115 8777 4714 8493 7607
12 3824 2739 5379 3542 5571 8529 8062 4221 3584 6358 2761 1561
9 3584 2738 9561 9322 7704 5639 3348 2185 5460
6 3672 4157 1437 5191 9903 3585
5 3585 1827 5174 368 8874
10 3410 6697 4858 6918 5127 1913 3586 526 5776 7312
7 4822 450 6896 621 3586 9460 605
9 5654 3587 2027 6411 1802 657 2723 4277 8724
12 5353 8268 3587 4118 6358 2864 3530 3365 5286 6379 691 9653
6 5574 3867 2783 3588 9188 595
7 5156 615 2995 3588 7734 6902 2635
9 416 851 4235 1298 7213 3186 3589 3183 280
8 7135 7732 7818 1880 8616 2500 2844 3589
11 9213 8542 5851 9474 6145 7804 1819 7675 3590 2104 964
6 5962 3590 9287 3008 1890 1702
12 1750 2461 8833 2816 3591 1390 4056 6294 9997 3882 1597 5492
8 6401 9308 8621 518 3367 9817 3591 5309
8 908 1379 3879 3592 1393 9525 77 7070
14 9699 4932 80 3745 374 5703 9473 2249 7782 5920 7262 9779 3592 38
8 3593 9402 8280 1138 9964 9880 1063 333
8 9835 3593 8547 7016 2841 2661 6045 7724
18 7074 2729 2534 6943 443 5639 792 5237 293 9649 775 3594 9569 4334 2431 9732 1159 622
4 4713 993 3594 7009
9 485 176 531 1429 327 3595 1425 9798 4128
14 5571 4139 7409 6203 3630 3777 6620 1609 6201 7606 5093 3495 1150 3595
11 96 3596 5731 7964 9953 2533 2638 8600 7844 4891 6069
14 2816 3706 8438 1896 7853 3889 3689 3596 1023 3549 403 3887 9304 2181
9 5715 4539 7363 9998 3597 8453 8771 940 7161
11 6431 7220 1702 8567 9677 5845 3597 1497 3612 6229 5493
10 6529 542 3630 2027 5218 5225 9786 3598 3708 886
11 6273 7006 3598 8527 7361 5182 3818 6189 4522 2206 9705
11 4583 8181 144 432 1633 4226 629 6464 3599 7438 3076
4 6609 2030 9520 3599
7 4664 9708 37 1308 9713 3600 2319
15 9867 4885 3232 3465 7680 5352 4755 402 6103 3378 3464 3678 3600 9370 8996
7 7002 3601 8737 6317 1497 2264 7360
8 5274 148 3601 6350 2792 879 1374 8322
7 295 4052 3602 5040 4553 3407 1343
6 7115 6975 3564 3602 8085 3393
11 9808 5188 5061 3652 8801 6332 3603 2658 6560 2074 6119
7 3603 3238 281 190 9136 4185 8994
11 427 1000 915 2067 1720 1477 472 7791 1352 3604 1081
9 3604 562 9635 6540 2330 8820 9605 4833 492
9 9500 2663 5395 4188 6907 9810 8391 3605 9351
11 8144 8400 7551 2601 3327 5224 6751 3605 5905 3278 3518
6 9709 3624 7179 8200 3606 8826
3 3606 2675 578
6 3607 2962 8057 2924 574 2750
8 9512 4030 7374 6094 3607 6798 4932 5942
7 2519 7704 805 5241 1183 3608 6450
2 3887 3608
10 9941 8571 1787 8917 1808 3609 5377 5098 9200 8163
10 1409 7196 2081 3710 5484 7868 9592 5727 2166 3609
6 420 6438 3610 6049 1524 7745
9 81 9332 8934 6749 3610 8232 9318 1461 4552
13 9268 7662 2948 8020 9317 6681 4281 1916 3611 5215 3827 6910 6947
4 154 6419 3584 3611
8 2867 8996 208 4964 2154 7643 5065 3612
8 3939 5148 3612 907 7880 9764 540 5133
14 4845 3345 1212 3195 190 5525 6587 3613 9995 6035 3170 2860 6067 5660
9 6824 2191 959 1485 1632 2126 3613 899 8277
9 3108 7344 3306 5545 6241 3614 3816 2878 3466
10 2830 8348 3742 6912 6780 4042 7434 2014 3614 7253
8 571 3298 3615 6232 9378 1043 3 8669
5 9126 3615 1955 9303 6981
9 4316 9749 1463 3616 4476 9384 1043 2287 6130
10 6325 6898 7411 210 8522 8229 707 3616 5807 1996
9 6689 7840 1404 6059 2597 3098 2959 3617 1570
8 4446 3617 3552 4389 8873 6657 1715 7277
10 2377 2579 8380 7510 3618 7804 8146 715 6990 2729
12 7507 4308 3803 1449 9037 1866 495 7521 3618 7879 6766 9958
5 3847 4767 3619 5575 2601
4 5726 3619 211 8853
8 3620 6700 1487 8618 7509 5979 11 1009
12 3069 3620 1845 7986 6601 297 5305 1659 4198 8154 966 7289
8 3621 6417 8848 4472 9642 2409 9553 8586
8 4221 3621 2163 388 7829 1323 8167 5050
8 5970 3740 4653 4488 3622 902 9685 5570
10 2520 2991 3277 7694 6313 3191 9777 6289 3622 994
9 1212 5730 1707 9806 3680 3286 3623 4909 2772
6 7979 3623 7968 1208 8304 3251
9 737 1989 372 3624 278 8279 8621 7068 8163
6 3624 5924 292 207 701 196
11 408 8294 7534 8075 4455 3377 8495 7080 789 9610 3625
9 3625 6698 541 5675 2565 6089 6360 3757 7579
9 5547 3261 3053 8243 5450 4208 3626 7717 7230
11 978 2265 4045 3626 5097 4151 7660 602 3653 1561 1971
7 3249 6580 5826 7635 3627 8763 4717
11 9296 1051 9642 5048 2505 1268 900 3627 4656 8242 7494
7 3658 4133 3628 3049 1598 6263 794
12 1984 3906 8724 4748 9229 5654 4679 4662 8808 3628 190 1453
11 8689 9287 3629 3039 4783 7292 3556 7822 5638 9835 9953
7 6590 2032 3629 3874 5875 4315 9029
12 7946 3630 4685 9854 1222 8281 2747 4157 1714 8429 2231 5980
10 443 2145 3630 9875 7186 4700 7053 2683 4031 276
10 962 3602 3462 5523 6096 1548 2323 6640 3631 9238
9 363 3631 9770 3854 3797 5408 8874 9602 6892
12 5964 4189 2538 9127 3973 3632 3761 6590 6712 4257 1043 9203
11 3978 1869 7143 5400 9604 3632 2253 169 6913 1660 9119
5 3473 3078 3633 3971 6357
9 5064 4156 6541 5696 8656 8229 3633 3112 4624
14 8291 3634 6762 1464 8829 5839 8147 6037 2287 722 2210 4735 698 364
10 7027 3634 1975 9028 5274 8451 4677 9314 4792 1111
15 3055 4488 3635 4355 9871 3651 5913 3061 8453 3701 1239 3618 1259 9597 5212
11 2632 6579 654 3635 9034 692 9970 7506 3896 8735 9516
13 262 371 3888 1901 4218 9609 4847 3636 4324 2545 9736 3357 9741
6 150 2829 5700 2202 3636 662
14 6098 6696 5721 9477 4387 2217 8234 2611 7148 2617 3637 4382 4504 3359
13 2089 9576 3637 5040 9080 2322 910 1745 7776 2668 9997 5980 378
9 3732 5971 3638 8292 6913 8016 4658 9574 7236
5 4083 4166 3638 1011 8694
9 8638 8203 8728 2254 1402 5808 5002 6071 3639
17 4747 1082 3639 5505 60 7559 1654 9580 5447 1149 3882 2016 2487 8715 403 2910 5709
12 2481 3640 5537 6793 2881 3180 9234 3853 1005 2095 5216 9102
9 9708 3640 5786 2410 7409 18 5147 1738 6826
18 2877 5512 4056 9978 8421 5990 2559 3395 6012 8101 6756 4964 3159 2610 3641 4800 4163 8473
5 649 5468 6909 3641 8725
7 8109 6692 7317 3642 497 5602 3573
11 3642 6345 2412 6994 6196 3142 2368 8428 7310 4131 4527
10 5062 3643 7306 7113 665 3842 5709 137 6986 1213
12 5065 3669 9302 2367 3643 7559 3651 6577 1238 4702 6189 3020
12 8883 1283 8082 8974 6092 7681 3644 2705 9947 7242 2859 5701
11 9445 3644 558 1761 6073 7388 728 1361 4528 1029 7818
5 4813 2674 8287 6373 3645
8 3645 9309 7988 7259 6142 8230 8661 997
10 3873 3823 3969 3646 6209 1721 1838 4906 2247 823
9 3029 8924 5941 2625 4474 3652 1451 3646 8044
6 4842 9303 3647 9097 4854 1415
12 5071 5706 6813 3528 3535 3517 1805 3647 4623 6026 8361 7751
6 5500 9274 6862 3648 3314 9094
9 6633 256 3648 8612 3539 7783 6759 4591 3140
11 9393 5495 662 3649 6308 4998 5291 7882 6669 7164 9570
9 9808 6092 7934 1039 3649 3040 480 489 8266
6 1076 8451 1605 520 5124 3650
6 3650 2279 4285 7696 3468 896
6 1070 3651 3602 2029 5361 3700
11 7342 9185 1801 8120 1101 3651 2882 2914 6125 7736 8224
10 9892 3577 1894 4127 1926 3994 6419 9470 1274 3652
7 5663 8816 7287 8801 1608 3652 5976
8 644 4142 9167 1192 5504 3938 6177 3653
10 9636 3653 2441 5472 8414 4937 8350 1410 6049 6875
12 7002 3654 8829 9455 6234 9936 5457 3226 6347 3899 9783 8491
5 4261 3654 7509 5280 7286
10 8899 7562 4912 5510 4739 3655 5589 6046 8345 6024
8 2732 5423 8206 8076 3927 3415 7173 3655
8 5747 3485 1841 3427 3621 7520 3656 7003
14 2486 7644 6677 434 1990 5490 89 4427 507 3179 9241 5076 7782 3656
7 9799 6942 3657 587 411 8630 6109
8 5426 1391 4222 6431 5779 3657 85 308
16 7285 274 8508 4062 2196 8590 7419 552 9131 7334 1698 3248 4749 6005 3658 7986
7 505 3658 805 9971 7381 4363 8659
7 6611 4656 9234 5791 3659 2227 6355
8 3659 3977 8183 5921 6765 6113 9482 2584
14 9420 2052 2276 9327 4345 7599 2199 4312 3660 9646 5820 6608 3006 4184
7 7050 3660 8065 4667 6199 4968 6748
11 3063 3364 2883 3054 8195 7117 3661 4443 8124 7021 9702
13 2391 2855 3922 3666 1753 1821 3718 4462 505 5344 3661 7591 8177
5 3662 7016 693 5761 1520
10 3432 3501 8989 3662 2853 6285 5641 8255 1133 3865
8 6283 8504 3302 1295 9152 4911 5382 3663
7 3663 5884 2442 7710 2440 6425 4
9 1844 6784 5699 6501 856 9129 4387 7625 3664
9 683 3664 3811 8999 5141 8569 9671 4789 7004
10 1102 4262 3665 1147 4238 5305 1403 1772 7472 4823
8 3792 6245 4237 3665 6073 441 1376 2400
8 4180 5276 3666 2131 1931 7767 5515 8349
7 779 7317 3666 5929 9535 5539 6601
7 3667 5189 349 1601 3668 8918 9610
11 9143 3977 1946 3667 7823 4090 4941 6070 5174 1254 6542
8 2740 3668 7990 6555 1458 978 1418 3167
16 1659 1262 9336 812 1672 2143 3668 6991 7015 5730 299 958 3032 8204 2869 1760
8 3937 1307 3669 2059 182 6550 4379 6410
9 422 7565 706 6676 4780 1246 3669 5426 9601
7 1322 3670 8219 1977 8944 504 371
6 7304 1293 5119 8286 3670 5710
6 4603 5804 922 3671 571 5102
8 3111 9421 7229 4500 3268 3671 5644 5505
6 7868 8499 8711 3672 9375 3862
10 3672 2825 7701 3850 393 7771 5031 1569 2943 9989
15 5423 4315 7059 8724 3530 3724 8851 6579 5239 1458 343 8397 9446 6595 3673
6 7091 3673 8695 4006 1207 1983
7 1423 8362 6310 5897 3674 2938 3446
10 4577 3731 5224 7624 6300 9429 3674 9247 6896 7841
10 7583 1164 6895 4694 6538 1393 7804 3675 2543 964
9 6697 1552 6423 9348 8600 3188 6682 3670 3675
9 2857 7875 3676 4760 7656 7823 4394 5206 519
8 465 1594 7568 3676 6829 4366 3513 6897
7 5022 8881 8028 4234 1004 3677 507
6 2666 5322 1915 5934 8169 3677
8 5423 194 5352 1664 3958 9934 3678 4173
10 5025 3678 5118 1406 9523 7913 3744 7732 6352 2201
11 4671 5299 744 465 9324 3679 5034 5683 2055 4923 8472
10 7936 961 2682 85 3679 7203 3559 462 5480 3165
11 7994 2608 354 2940 2349 7198 2673 3680 799 7111 5180
2 1724 3680
10 3681 8317 914 7195 6016 8071 3410 4039 8446 1327
7 515 3681 6292 2030 3068 3453 6169
9 780 3682 9517 3984 1358 5833 2556 7779 4461
15 3672 9204 3280 7941 2219 3682 3008 1313 3564 3698 5851 3535 1644 1761 6190
11 8692 9428 9916 5080 5421 4655 681 4792 3683 1589 4448
9 3683 1808 6671 6908 1323 6630 5179 4 8306
10 4024 3684 7913 5911 5731 7988 2145 8810 4849 52
4 7797 3684 5456 953
8 760 9658 1153 3685 8180 9900 1390 5254
6 8020 5145 3685 9554 3911 6070
9 9891 5799 1506 5655 5267 17 4958 3686 7095
12 4221 7581 3686 7216 8119 4736 3277 3449 9300 9601 6011 494
5 1225 8811 2477 4165 3687
9 7920 3571 3687 9609 850 9468 9712 918 3720
8 7422 9768 5519 9626 8358 3905 3688 3931
8 9320 4497 2529 475 7435 3807 8489 3688
4 3689 7055 3579 5771
8 800 2365 7456 4438 3689 6203 5908 5239
12 7435 3690 2398 8777 8802 7318 4483 6241 2137 1741 6118 3521
13 8550 4289 3887 936 5396 3690 2923 3216 8264 7821 1829 2006 3988
10 3392 795 9881 848 8447 5100 3691 893 2443 3333
7 3968 480 2143 6875 9783 5062 3691
8 7665 2156 8972 9103 734 2137 3021 3692
8 3692 4816 578 3838 3455 9912 1341 6561
9 8321 410 4903 7529 9115 3693 841 7098 9097
12 7168 7290 952 8473 3693 7831 4901 455 4853 3080 6983 9601
13 3567 4853 3154 7089 444 3694 8690 3207 5470 7086 4972 9411 3693
8 4847 8490 8978 7137 3694 1000 7752 124
10 3695 2176 9379 7019 1393 2809 5976 4574 9610 5655
7 1698 9934 6615 3695 9427 5373 5240
10 9543 4697 1736 3696 3771 8485 9030 6661 3253 1633
11 9570 1957 4580 4039 6704 6935 8425 3476 3696 5855 5508
7 7048 9988 9143 4188 3799 3697 644
5 4790 535 9921 8173 3697
10 978 3698 5840 6602 6103 8897 8682 635 4746 3059
9 7094 6775 3698 2332 1821 3322 658 8939 5538
10 9551 5470 4306 1594 9422 352 3699 5000 4850 1396
7 2340 3633 3159 3699 6897 1281 88
5 6944 3700 9805 8550 8132
8 8597 3700 9610 629 7120 4897 1579 2081
11 5244 416 6264 8299 2141 7901 1350 8316 5980 2078 3701
7 1620 4059 9302 3701 8652 3662 8561
9 5044 6547 6305 3702 7490 4184 6110 7588 6364
7 5620 516 3008 3702 1904 5483 6520
8 3703 813 7040 8466 3652 8992 7496 9204
9 1491 2214 6691 3703 3686 5188 9611 1754 1933
23 1036 3001 7192 9841 8333 3704 5601 9053 4541 7939 3542 8090 7080 9383 9684 4916 7282 1167 346 5705 2529 2212 5744
8 6162 9678 5741 3704 6052 4793 8075 5629
8 7234 1447 765 796 9904 693 3705 4627
9 5880 3277 6151 2981 4196 7802 8250 4542 3705
12 5861 9733 129 9363 6430 4260 9641 3981 5640 7511 9045 3706
9 3706 4376 8963 9740 2952 4409 2470 9651 3587
5 3707 6588 1497 2194 1286
10 9015 3982 2671 7702 1532 594 9098 841 3707 9665
5 5461 6465 4768 4317 3708
10 1298 3708 1906 3244 3416 4662 3021 4607 5668 5272
6 3709 6791 7952 7317 23 2395
8 6028 3709 2417 4918 1901 9032 6853 3339
15 4595 7916 511 4152 4501 4678 9991 3710 1363 4454 53 5638 6285 1330 5573
18 2693 7970 7377 7495 3922 9492 1319 8813 7850 6499 2370 5664 9717 6544 3710 2314 8628 7015
10 8519 4963 9837 6448 2753 1808 815 3711 9705 2426
7 1733 6217 5962 1261 1715 8509 3711
10 1910 1882 3712 4300 6050 8900 3763 8339 80 470
5 291 5015 3712 3091 2757
6 4307 3713 8186 1565 1078 1543
14 5523 3548 2548 3896 6569 3026 1625 4163 3713 1220 6550 8040 1070 2472
10 553 17 6872 8235 2703 9366 8752 7744 5760 3714
10 2884 5519 3714 4232 4495 351 7594 2570 7542 8835
7 155 9865 250 3715 5038 4558 2613
7 9381 6884 7989 3164 9624 3715 2411
8 8296 1664 970 3514 1386 3716 6712 9071
9 762 3421 4929 4410 4161 7230 5700 2238 3716
10 6265 7381 3717 1236 653 7378 6191 4902 6482 1031
13 7593 9919 2604 1672 2038 3539 3717 1066 3536 8198 7503 7938 7918
11 5728 2100 3718 792 4282 9191 9956 3382 7663 4018 9867
13 2090 4574 9198 3718 7199 5688 8621 7032 5064 1222 4637 8399 9017
6 1826 4987 1551 8920 853 3719
9 3719 8877 4532 666 6443 5566 3853 3691 8225
8 3301 6461 450 3920 2548 3787 4954 3720
11 9272 7939 3720 4045 5309 8603 752 8369 6381 4236 175
8 5293 8554 3721 5697 3332 4162 908 5050
2 3721 1661
14 5782 5844 9083 5786 6025 1198 7723 4328 3189 5627 3397 3722 4295 4696
8 9113 3722 8361 4301 5347 7903 929 3112
9 5405 3723 9256 112 5099 776 3564 8518 2756
9 304 2417 3584 3723 2121 6017 1787 3258 6059
5 9126 7951 2368 3724 8104
5 12 7785 1324 4497 3724
12 8875 6125 2608 8246 435 1947 7958 5005 4152 7992 8293 3725
9 9631 3725 6636 3252 2382 1408 7114 4311 1396
10 6560 3726 7063 580 2447 1533 9428 4024 9213 6642
11 6140 6518 7031 8625 4674 7621 6145 3726 9094 2826 4706
8 3033 7816 9975 3727 2929 1211 9806 7505
10 4470 704 4027 7380 2393 6695 9681 3727 2924 8523
11 3954 4329 5530 366 9472 4786 1260 780 1995 1629 3728
5 4465 3728 8276 3382 6596
5 3266 8001 4976 3729 2624
10 2678 5800 38 4259 2995 3189 2745 7862 4860 3729
12 1125 8258 3092 1361 5771 1478 4259 7764 3730 8765 1837 4813
10 4751 1380 8886 411 5887 967 236 9993 3730 6511
6 5924 3731 2349 9419 2238 362
8 5203 2609 3731 3427 452 3954 6990 3101
8 333 7656 3732 1214 4795 2090 8641 2755
8 3627 3732 9401 7070 2291 5791 2230 3677
7 3205 889 3153 4074 4422 1655 3733
6 6721 3733 5483 3400 8857 6922
6 3757 3734 2314 5318 5512 2241
8 7974 4965 3734 7920 9400 4876 6164 5488
8 1686 4840 2837 3735 1869 9212 6718 1965
14 502 697 2765 1339 4004 8563 1019 9661 7331 2557 5124 4912 3735 2071
8 234 5826 3736 2945 8306 2082 8672 2946
9 5301 1374 2767 3736 7787 4757 9097 6179 7964
9 6736 5102 3677 3737 493 1770 3983 6404 2106
13 1983 6923 1407 3737 1275 1397 8617 4263 4148 7792 4302 2589 8134
6 4902 7906 6483 6480 3738 2736
9 3738 7036 2595 2401 3142 8200 5790 5212 7092
11 8650 5736 4573 5781 4069 2186 4611 3774 185 3739 5800
5 3739 3910 8809 3912 3012
8 3480 6950 1844 3740 967 9299 8608 4922
6 4042 7062 3740 650 5799 8301
8 2747 608 1134 5037 6065 4067 3741 6667
6 2455 3741 5846 5543 4721 553
10 8063 3742 8019 8507 3625 6766 84 4475 5603 6106
10 9971 6887 9866 723 3742 3573 5903 1209 5514 9532
7 7934 4426 5527 9257 3743 504 7957
13 9267 5234 3802 3034 1693 2273 5427 8814 6247 1596 5432 3743 8917
12 30 1682 9461 4142 1785 7527 2166 3744 1282 5587 4045 1503
7 7797 4179 3704 7405 3832 2393 3744
7 8579 3745 1716 3377 6685 4423 2656
8 9595 3934 725 4952 3745 6502 8980 8968
10 945 9175 3746 6396 6733 971 3581 1032 3705 3473
14 3852 1449 1853 1751 4886 2747 3746 6807 3625 4730 7047 7256 4830 56
10 6706 7422 7565 3760 6792 1890 6683 8969 8648 3747
8 6459 6057 7046 3747 9432 753 7407 8975
9 3880 9697 3748 9978 7970 1080 7885 8296 9947
8 7993 6724 3360 4136 1874 5442 3748 7036
8 3102 3854 6666 8616 9966 4331 3749 8170
9 4996 131 5283 2017 438 2159 4915 5302 3749
8 3207 3750 4391 2733 3470 3095 268 8757
6 3750 3896 4531 1556 4290 8753
12 3421 9972 3751 8342 9424 1986 1293 3050 4971 9304 7436 3064
11 1276 3894 755 3751 4697 1783 3626 3221 6800 9406 2903
15 4237 116 574 9449 6715 2802 4504 7016 7706 9934 6207 8548 8479 3752 7455
7 6864 4269 7272 8057 5409 3752 7105
11 7238 4519 3753 2548 4609 410 4258 1649 2003 2662 5723
10 302 4116 3490 5666 3753 1814 8554 9331 6429 4105
17 1642 9031 873 2564 540 3754 7241 2846 7310 4590 8553 5458 708 855 2009 3131 5601
8 7829 7237 2464 3593 3971 3754 3604 2636
2 7413 3755
6 9489 686 5102 3755 143 946
9 3756 4842 9241 6119 8957 1105 9609 2271 3339
6 7021 5844 3756 5129 7815 5638
3 3757 5367 7587
6 1060 4130 3874 3852 3757 8550
7 2548 385 1209 7651 8189 3758 9588
7 3758 2040 9878 3360 7696 4311 9348
12 7160 210 6423 3759 8010 5207 3099 764 5173 2273 5560 5944
9 1401 8359 5744 4427 7595 7313 3759 6074 7165
4 2123 3561 7238 3760
8 3760 1845 6820 4193 7880 7723 2694 2149
9 9790 530 49 6378 8205 1760 1480 5114 3761
9 1339 7102 7060 3761 4604 8716 5764 7940 1580
7 9089 3762 1506 3604 5456 2053 5236
11 9044 4518 5856 5010 4542 4274 3762 1683 3537 6324 9722
8 5656 1535 5291 690 7489 3763 8539 6023
9 77 7565 4164 4349 6911 2791 4145 3763 8727
8 6421 8924 7142 3764 7387 6427 9931 4558
8 4973 3930 3573 3470 3764 9641 4512 4707
16 252 1264 4362 3765 774 6926 115 4012 7769 5762 9383 2144 4583 3358 7815 2073
7 3059 3211 8894 3765 4152 2147 9778
12 7001 2045 2571 3676 8341 9358 6099 8342 9867 3766 8656 4401
8 3766 8008 9903 8427 5067 7251 6305 6673
6 6308 3767 2218 8067 2553 9389
5 8180 8462 1822 3767 5892
9 6459 9831 1717 3768 8970 8129 4974 2031 5555
7 1085 5167 4051 2857 3932 956 3768
13 1049 5440 1336 7020 9182 2497 5724 2369 2680 393 8213 6804 3769
6 7925 3769 6622 6476 4097 3197
10 4904 8097 3770 1275 1220 3612 7709 9738 7925 7763
10 4448 4897 3897 4719 8500 3770 7125 2267 963 7430
14 2677 910 6356 2380 9400 8128 1580 7049 8808 253 1254 3771 9517 4799
9 8342 640 9558 3829 3195 8482 4964 5745 3771
6 1588 1679 5278 2254 3772 8113
11 3772 5260 211 7657 6861 9370 5335 6828 5293 3452 5672
13 3588 2673 1668 6052 6083 3773 743 1044 1996 5040 8269 5420 5511
11 9373 5768 7078 2304 2180 4077 6253 1528 3773 3207 7750
5 6088 5915 9241 3774 2774
9 3774 3896 1083 6380 6955 4760 5566 6649 9545
6 3775 1875 5572 7212 2317 8571
9 2955 3775 1350 716 3985 3620 9523 3951 3034
12 7696 1782 1631 5411 2164 951 2840 1152 3776 3544 4812 2117
10 8034 5507 7933 1655 2577 1555 135 4440 2946 3776
12 6929 2753 6332 3148 2208 8728 4753 4398 3777 6636 6899 4079
12 3028 1978 5069 6863 4765 8033 859 4445 3777 8502 4631 5931
6 3778 1383 579 4240 4690 1892
11 2187 5285 1999 8854 8712 3778 6876 8115 5635 1001 6423
13 6138 6304 6353 7280 2415 7288 6265 1734 3779 4390 1855 6270 3452
8 5816 3779 9034 1623 5240 4923 8560 4693
8 3685 8424 8933 5851 4376 5987 3780 4252
6 6089 3780 7311 4446 2563 6168
9 6215 1053 23 3781 8674 5815 4754 5481 1507
9 8720 9017 3821 767 5633 4152 3781 9519 7584
9 7528 6706 8830 7340 7495 3782 2441 6966 3572
11 170 1658 1525 2716 8700 2359 383 3782 1667 6901 8922
3 3783 5504 4287
5 7354 3783 3480 2931 1852
8 4484 4126 3784 6798 6372 88 5865 6183
9 730 7073 9031 3784 9878 5030 2287 1934 5868
6 7106 4871 5383 3785 2383 2847
12 7812 6768 9130 9671 1852 2644 5718 1682 8339 4313 2576 3785
5 3786 1746 6516 8729 2255
8 3231 9977 9287 3786 9808 129 5363 7825
13 582 3535 1992 2450 3787 1788 8998 4350 1051 8063 329 9585 1343
9 5713 64 6253 3565 6633 3787 8086 8896 7016
12 193 3808 4949 2916 2257 6563 1535 2619 2860 5951 4507 3788
9 3903 6458 3788 2437 2359 5610 8780 5782 8590
12 3789 9121 5626 3371 4091 9313 6275 1648 7053 8640 1576 7252
8 2396 3789 5137 3302 444 8260 8750 3523
5 9724 7374 5883 9579 3790
9 6411 6443 5310 2002 9889 6557 3790 6826 9227
8 7351 8636 9551 914 3791 5038 9221 4582
12 3526 5694 6749 7564 8431 9346 1918 7988 2578 4931 3791 230
10 22 4120 8961 3792 5146 5591 9016 4973 2903 1905
5 9023 9337 9992 3792 8494
9 8409 2767 8210 2925 2164 3793 9120 5563 7515
10 1855 1838 300 7405 3631 8336 2460 4413 950 3793
4 2188 7119 7759 3794
5 1709 3794 2291 8209 7151
13 3765 4059 5943 115 286 4563 3795 468 4426 2055 7324 6905 3332
7 8441 9942 757 4757 5520 3795 4777
11 7436 1517 284 4535 2234 954 6400 3796 9998 6343 7762
7 2160 5241 980 1413 9440 7430 3796
14 2736 3797 3540 6339 8439 7520 6876 9600 9320 281 7123 8564 1692 4564
9 3797 9647 6254 7150 224 7055 9868 478 408
6 5828 4852 4906 3798 860 5562
6 129 421 941 9569 5912 3798
8 2285 7321 1000 8863 6226 6661 4605 3799
8 3799 2782 5539 2930 3772 3354 8313 5079
9 3986 3816 3800 1527 1163 1852 2829 1331 4058
7 9651 145 5093 5287 2148 3800 3456
8 1766 3801 5466 911 4055 9600 6331 6881
11 9820 6690 3603 5762 8277 3801 5388 1127 9966 1555 1043
8 8826 3776 9721 7143 5584 8735 1362 3802
17 782 9859 3802 6497 7830 9522 6361 5757 6308 6051 7192 3131 7954 1425 4285 4950 1085
10 212 3803 6602 1672 2857 3236 8911 5959 7089 7168
6 6818 435 3803 5858 625 1468
5 9098 1139 8558 3804 5354
13 3221 7824 4241 4652 7996 5464 9180 429 6356 4308 1870 968 3804
7 2334 2681 3805 9305 4208 3806 6338
5 5612 5053 3805 6303 2182
11 4352 9150 8679 6427 2855 3806 3593 6520 7970 6295 5375
15 9782 5624 3849 6112 2990 8100 6024 7116 9605 3806 1801 7059 2851 3303 4518
8 1835 1417 1540 8186 4683 4847 4165 3807
7 3807 8836 6647 619 9707 4079 6031
10 3754 6 1074 9109 8822 293 3501 4490 8648 3808
11 4422 8787 3808 6907 8967 1885 3697 8875 3609 9453 8396
7 4602 6244 2955 3809 2932 831 8946
10 6375 3772 7655 5238 1062 4592 3819 3809 9397 9491
11 2291 8009 6341 3909 3544 7454 6754 3005 3810 247 5559
5 2423 9280 5632 3810 8578
7 6151 3811 2563 936 3280 5117 1039
7 8251 9162 3811 8833 7350 7863 5512
12 2807 3912 1651 1627 7329 9167 1256 3006 410 3239 3812 1167
8 1270 987 5883 7797 2853 6338 3812 5916
7 890 6220 6906 43 6709 3813 7734
11 3813 3480 2713 9649 5923 6892 1477 5985 4924 4961 6285
9 5560 6993 7023 9046 3814 4394 8030 1431 6395
6 6465 3003 2529 5324 3814 839
8 627 2098 8950 3815 6170 8825 7699 4960
9 8347 3954 8418 5125 3815 1089 8033 6542 7997
11 3816 8625 9284 7091 7007 783 3698 1464 4684 3283 9340
9 2027 3816 8349 8472 7805 6393 8676 970 5892
7 4029 3817 2252 3337 4204 7255 2823
12 3404 3698 8135 8082 3944 3817 3685 3296 2707 3506 9191 3916
9 1036 8004 3566 8228 3835 3818 3135 2941 7033
10 3289 5948 6968 9255 2374 6532 3905 3818 9684 7948
11 2225 3819 1022 6737 182 1824 3830 6571 1619 5425 2054
11 3069 9576 6540 6676 6359 2068 3819 911 773 1523 3762
6 6378 3820 5506 6538 8457 9059
8 1338 4512 3916 3820 5345 1976 4555 6026
7 6561 7765 7225 8421 9235 3821 2272
9 7314 5247 3821 153 9782 8766 8807 3684 6495
7 7145 7843 1296 9682 4197 7108 3822
5 3822 1901 3435 4362 1412
8 8092 6622 9357 755 3823 7037 7044 6022
6 2596 8577 3654 3823 4683 6812
5 3824 6707 3167 2717 145
10 5399 9805 4444 3824 8151 8729 3279 2495 3478 1820
7 3825 7809 7517 8566 4086 1350 7017
10 2224 5918 9518 7786 3739 9889 3825 5986 2049 8789
7 9074 6423 3764 3826 7918 1974 1779
6 8726 2195 6385 9761 2921 3826
11 9604 37 1959 8873 7620 3233 2002 8980 5386 1095 3827
12 5717 3401 3827 7353 3377 8901 7465 9712 5279 2391 8684 617
6 5696 7546 3828 3576 7063 4017
3 1753 3828 2655
11 9037 4245 9392 1785 3829 1941 3489 9625 2258 8386 3658
9 335 7952 9909 7254 2469 7030 3829 7160 4752
6 4117 3830 1340 8014 4981 9303
13 2065 7223 8283 4805 3830 3526 2405 8934 1466 3052 7890 4684 6728
8 9600 9959 3831 1698 7437 4871 3377 8086
5 8776 4012 478 3831 7159
6 7385 7714 197 6243 2207 3832
11 5816 35 231 5194 6720 5757 8575 6145 5903 1331 3832
8 2727 7992 441 3058 3833 787 1119 8658
9 1163 3732 5227 3064 4778 3833 9852 3179 6393
9 4952 3782 8466 9930 3834 3585 9215 5186 3359
4 1291 211 3834 1657
12 8714 3638 7816 2469 9455 2738 9090 4246 6887 5942 3835 5383
15 310 573 3835 6830 1734 1044 6722 4901 2962 1523 8484 3792 3769 1233 4355
7 3836 9350 4790 6623 7925 1036 4550
8 1554 3836 5547 2836 3324 1131 4065 2778
6 4566 2575 9095 3837 1600 7181
8 3370 3344 949 2111 3738 3837 6704 808
12 5549 9603 3502 3838 2102 8430 6172 223 8447 4267 5645 9952
8 5673 3838 1962 6654 9506 5954 2979 3352
10 4684 2253 3839 9524 5403 3093 3906 8066 6529 4189
5 7202 3839 1515 2396 7167
9 443 7846 8171 3764 5514 7289 5040 3840 6163
8 3840 9589 3389 3779 6427 6735 5381 4778
9 8928 3962 4884 9202 2405 2063 5223 3841 5702
4 8366 7097 3841 4199
11 8628 4959 9885 3456 3842 8065 8179 5374 1509 4395 5805
8 5449 987 6318 4302 4571 2108 9110 3842
8 1144 7860 6358 8206 2551 1862 4101 3843
10 3843 4383 9505 2462 5853 9473 8245 8315 4697 8901
9 3844 194 5207 2836 6947 4900 3057 657 5901
9 2359 879 4464 3844 3466 8788 44 247 2925
8 4454 3994 4495 7161 1095 5168 3845 79
11 9823 4548 672 5064 6272 1237 8000 8866 9919 6509 3845
9 4807 8779 2354 2780 345 3505 3846 8452 1562
7 3846 7246 699 1737 4609 5405 4082
9 9316 9678 3847 6842 8941 2372 984 2215 7856
5 7553 7302 3847 7518 9746
7 1092 3848 5095 1980 7966 1151 5596
9 2445 818 4959 4137 6973 3848 580 8999 2795
9 2237 633 7631 7967 4485 3999 8415 1147 3849
9 9530 3849 5831 642 4593 1421 4689 5215 5577
9 6557 8920 7346 2780 2789 3850 8317 2257 7748
11 9942 6526 7416 8402 8784 675 6292 8054 9534 3850 9128
9 425 8150 4069 1026 2387 5138 3046 3851 5435
10 6299 4726 148 7217 7170 3312 8551 3851 992 9890
7 3852 3053 8781 2555 6295 1830 2893
9 2133 1940 6751 5117 3852 7505 240 9174 7812
5 3853 5301 3039 5563 1758
9 5506 7131 9945 8697 8966 3853 2891 4813 8106
13 2588 553 3084 9316 6390 5963 2183 6366 7541 4017 3854 2434 4038
13 3561 3854 2490 9076 6020 6826 3644 2534 7328 7801 2989 352 66
11 1771 3754 9411 2884 7773 2240 2604 9186 3106 3392 3855
4 6032 3855 3065 5570
14 8141 2643 1583 5940 8687 9956 3856 3730 1724 3932 1865 8912 5944 3867
8 7665 5200 4790 8893 3856 8975 1625 4009
7 3857 1072 299 2558 9621 7820 6909
13 6763 379 6026 2137 3857 949 8459 5689 2305 1227 4325 6625 5516
8 3858 5508 5931 5961 4103 537 7253 1636
9 978 1264 9208 3858 2200 1709 5948 2005 8157
9 8438 7107 4549 9094 9798 3859 7762 356 1363
7 4469 5436 2088 2112 6071 6772 3859
12 1668 7923 968 721 8542 4074 7094 5226 3860 477 4386 8459
9 3860 9436 9172 891 7062 393 6443 8296 2243
14 7981 1401 9490 4256 3861 824 5673 5346 7522 224 2951 7445 1301 1331
13 5671 5398 3276 2198 6388 5876 6944 6774 3861 6563 4083 791 7188
11 4531 8799 3562 3862 5760 2475 6426 6116 3568 5417 9078
12 5232 6393 3525 4903 8444 3862 9286 8062 1649 9599 2955 9738
8 9653 3863 1840 1415 624 6424 34 6127
7 8862 1362 3863 2653 446 8799 8527
7 6708 4692 394 3864 1384 2560 6741
7 514 9762 467 6881 6158 9943 3864
8 4110 1490 5942 3424 9764 3865 62 717
9 9741 7180 339 8803 8695 7358 3865 9777 4006
9 2371 3866 262 8007 1154 2438 725 1243 4015
12 1722 6021 1497 6615 3866 7178 7805 3655 5614 3731 7627 4652
8 8455 3396 3867 497 5066 1564 9601 144
9 5111 5411 6405 8322 3867 27 1327 614 7304
10 6919 4353 8563 1844 4158 4482 3868 4952 5989 9785
4 3868 5096 5995 3887
6 5304 3000 2466 3869 1959 3679
5 2344 5946 3869 2039 4101
13 4780 9047 4940 4623 5660 3136 5887 5955 6309 3870 5573 8899 2650
10 228 9277 7887 5971 3289 5382 7839 3150 3870 1817
8 4815 2908 3871 3209 8252 3657 1891 7039
5 3871 7429 1443 6683 6458
9 7120 3872 922 4893 3582 7221 722 5741 9976
10 8358 2357 9883 3872 1580 5617 4068 8368 3614 3782
7 3873 2417 325 649 4801 9172 2430
11 4352 2840 336 3721 1272 5493 2975 7701 9371 2495 3873
8 846 3082 6473 9030 4665 3874 6356 497
15 3874 5911 4210 2071 5657 1566 3974 5964 6916 6544 650 7548 11 9750 6427
8 3615 5110 7967 3875 3473 9679 8879 7296
15 5428 1935 5978 6808 6807 4808 8184 2714 8193 3666 3875 5423 2736 4066 7390
10 2261 867 6003 6784 1669 9816 1600 6967 9101 3876
10 3876 9295 8718 3262 9841 6320 2655 5736 664 3854
7 3877 1810 2224 8869 451 1031 7109
8 6698 3888 3877 3853 4435 8022 8132 9547
8 2277 5654 4095 6309 933 2451 3878 590
8 1883 8142 154 1493 3878 3226 5830 6410
14 5682 1561 2398 555 180 2169 3651 1999 6012 3879 6568 2965 9129 7589
12 3081 77 9594 3445 3682 1909 4806 3094 5911 1607 8864 3879
4 6049 6312 3880 9143
8 8893 3880 8568 4120 7719 5170 1854 7593
2 3881 7541
15 1887 6528 1230 517 6317 5318 3881 5046 7461 9196 9237 9038 6444 8766 8124
9 3805 7643 130 8345 5574 6624 5851 3882 7908
10 3882 2254 6677 1122 9774 9498 1468 4079 6853 404
9 7075 9675 1333 2992 3883 8867 3385 3754 7333
12 8818 2578 8681 654 2117 9698 218 3883 1419 4384 9830 1130
10 3866 9075 3218 6309 3884 7531 2977 7099 662 2711
13 3535 2566 6981 1525 8701 2198 7815 1369 2577 3884 3031 5117 3776
8 3885 174 1883 7346 3640 2228 3454 2097
6 5079 9763 3885 6386 6601 6700
10 7979 3886 5972 3461 1267 7711 1258 1722 4698 8840
5 1137 3886 5217 6839 770
14 2342 3606 5208 4935 3712 7134 782 4276 6465 3887 5753 2444 3877 9671
9 3887 786 18 129 4464 2349 862 7276 5476
7 5825 5869 3888 3536 5099 2207 8122
3 3888 5498 7067
9 445 1621 3889 5895 1798 2301 6807 9216 7365
12 9251 6828 9390 4317 5976 1807 5168 3889 2860 1982 3618 6752
9 2415 9613 1929 4041 3101 3131 4377 3890 9824
10 8504 3890 1581 2867 728 5917 2460 2290 7186 7314
12 3891 5734 4473 6632 3194 9091 7298 859 9250 4447 4320 4103
9 4290 5907 5791 9525 3891 3418 6515 4084 6739
7 3259 1711 4205 7450 8231 3892 3923
9 7652 8771 4900 8109 1330 599 3892 63 2814
11 7881 7474 628 4098 9777 8590 6397 2904 2819 3893 755
6 8230 1359 1700 4039 324 3893
7 3894 1833 476 6532 3510 4688 4866
6 3603 5128 6211 3894 4468 7074
12 6293 6959 4387 4710 6878 1680 3788 7209 2168 3895 9613 91
12 3895 4413 2226 5338 3077 6499 7476 1231 1695 9512 4672 2502
8 4671 1293 9326 3296 660 3271 6250 3896
10 3896 8320 9459 827 9651 4341 5416 3002 5989 8067
8 1745 4479 8694 6181 3897 9871 4597 1335
6 3559 3010 7872 3799 5120 3897
13 7490 5399 7626 7370 3898 2729 6216 9437 6338 1503 9738 993 7974
11 1082 8326 1475 8770 3871 2373 934 9649 3898 5046 3759
3 3899 5013 1581
8 6108 3899 2296 412 249 8011 9467 8646
6 8823 3900 3305 7710 7919 8224
5 3518 1277 7412 3900 254
8 2173 9320 3353 2386 2928 1872 3901 4658
16 7828 3901 629 2929 1320 8968 4340 7351 7181 7237 5274 4416 3812 2446 9803 5150
9 3471 4078 3902 7634 2159 7734 5789 9522 8177
10 4810 3402 4746 5436 3902 3561 1787 849 985 6247
7 2974 5547 3903 8807 6876 8881 9743
11 9242 5373 5836 8218 6399 3903 8757 9855 3345 3584 6224
11 3904 5058 2956 7651 7030 8247 8101 4247 5461 8834 8936
11 9034 1092 1201 8010 3904 6003 3746 3344 1799 4086 9533
11 2251 3557 7946 4424 3905 9658 1099 5508 6801 5405 3212
8 4883 7572 3792 8536 3905 6428 8599 7706
9 1570 5364 9623 889 9258 7892 3906 3286 4037
10 76 1083 9522 9282 3427 9527 7828 3906 3279 7096
8 8642 7514 7770 5404 3907 2383 7531 1854
14 9676 4543 2349 7671 7455 1797 5207 9947 3825 3362 9757 8822 3907 9851
7 1223 3908 2280 1830 6570 9415 9834
8 9515 1361 7180 6978 951 3908 4458 7290
10 8604 112 8621 7906 8524 2013 9351 6736 3909 9917
10 7145 3909 4781 4727 3315 1898 1720 8230 7715 779
10 8963 9849 5520 6672 4882 7382 3695 3910 9036 8796
11 4035 9174 549 3910 1936 8285 926 50 3202 3990 7259
13 1773 7353 494 6799 117 7336 3795 3911 1028 5968 3599 9098 5301
10 8842 3793 7610 128 2885 3220 7876 1617 3911 8488
6 5086 5843 6014 211 3912 7574
11 5207 2719 1122 9547 9795 5831 6108 6952 1105 9034 3912
9 8073 3913 6328 5152 4763 9001 424 1810 1785
11 7804 5634 3684 3991 3852 3913 3238 5807 1570 7814 2529
6 5132 7510 1598 8241 3914 7244
7 9830 9595 7606 3106 741 7100 3914
9 8122 5595 2608 7047 7388 36 3915 1941 290
13 3915 8087 6659 1799 303 3890 2741 1972 2308 9282 5784 2638 6658
7 8498 9369 6666 3916 7065 5067 1061
6 8500 9448 3916 9026 8770 3883
6 8516 3843 5520 3917 4428 6356
9 981 2543 5138 5247 188 2262 2860 4050 3917
6 4350 3918 2213 6557 4391 2594
6 8541 873 3918 7908 6702 5369
12 8607 644 1962 3919 9169 9222 154 1144 5784 9785 7742 4270
8 7038 7235 8848 3919 7097 123 6730 4079
9 804 9958 7982 1589 3920 9134 8122 5600 7350
9 6910 3160 1555 6797 3103 6642 2024 6493 3920
15 6455 4804 7645 8133 3921 9467 2525 9134 7064 9948 5590 8814 9404 2806 4131
4 954 1822 3921 7193
9 3266 3157 4878 3922 5270 6416 5281 6459 5814
12 2270 2477 8026 7681 6504 3994 3922 5177 1141 3490 4442 1497
9 6277 1055 2928 2649 5823 2855 6494 7980 3923
8 3196 3923 3990 669 6762 7893 1392 9090
6 6527 1291 3309 386 7892 3924
11 1929 3924 2950 7422 2142 1119 6509 5850 5267 5701 6933
3 3925 994 9922
10 4240 5418 1713 8399 1982 1293 1130 3925 1731 1097
11 6986 5444 7194 9717 9400 56 5911 3926 6707 1307 2655
9 3330 5575 1167 5790 8823 5380 1458 1418 3926
8 3927 8026 2081 1933 1916 1606 6898 4790
6 8523 6864 3927 6412 6481 7695
10 9860 4474 4992 3220 2135 9178 9349 3928 4051 1014
6 5965 4092 6849 4814 3510 3928
2 6949 3929
10 9101 3929 57 7687 1473 117 4027 6487 5444 213
4 1792 3930 2147 3855
12 9383 6924 5188 6549 1011 9986 7460 4278 3930 1589 8288 465
9 9990 2750 953 587 3931 5621 3731 7037 7624
6 5123 163 8715 3931 6224 677
12 3932 951 6958 6726 6851 2541 8806 8859 201 806 4189 5807
10 9068 3949 3096 3932 493 3854 5673 4070 1248 8409
8 1116 9296 5824 688 3933 9372 4734 9112
10 4991 7345 5842 1751 7220 6063 1052 4171 3933 2111
7 3530 4202 1799 6402 2355 3934 3747
16 8782 6398 2089 2460 4048 8161 2420 9454 6478 3094 156 6144 3954 8069 6268 3934
9 1828 450 6188 4879 3935 1611 6860 1480 2736
5 7796 3935 4940 231 2693
11 5573 5495 6649 8390 5772 3936 4023 2278 8293 2169 1169
7 578 3936 7960 9989 8513 915 2440
5 7353 8976 3778 3219 3937
6 3937 9663 7824 5740 6458 8477
10 3938 6853 1008 5284 3230 4817 2239 8041 3638 6241
6 9371 5801 918 3938 3985 3841
10 5677 208 2477 3939 1841 4049 7238 3410 4410 9492
11 9059 7522 5711 2883 9247 7226 1775 9850 4838 5999 3939
14 2157 5225 3940 7787 1496 2064 5510 5144 9370 5963 4446 2989 3802 8038
7 1261 933 7299 3940 5680 627 7056
11 9459 3941 4459 2113 3942 8090 6829 9384 350 1271 4425
6 3272 2682 1781 9795 3941 1087
13 6024 6943 705 7005 4548 3067 1434 7079 8759 7497 9902 3942 6906
9 3942 2584 4194 4435 1645 542 2805 3348 1379
6 5879 7742 2033 8269 2009 3943
7 3943 4101 5541 1945 9613 5807 1229
11 9967 3916 8113 2204 5510 3944 2440 6228 974 7000 8446
11 3253 9162 6053 6548 4203 2173 9229 7662 8644 3944 7990
5 5824 5372 9413 3945 6888
8 4562 7813 2011 6248 8674 3945 7849 544
12 8577 3946 7988 5046 8253 333 5655 7848 2532 8381 8987 5047
9 5497 8071 5529 4279 3946 2203 5247 1976 2439
9 170 611 9118 3947 3022 6779 3370 6304 3524
11 5888 9638 9264 9374 6104 5435 4458 1739 3947 3727 2124
6 8706 893 6574 1167 3948 168
10 1089 89 4847 5154 2691 4950 8930 5731 7979 3948
11 5097 4330 4887 7907 6064 3949 6341 4710 9975 6522 3804
9 747 5236 8785 5313 5245 3949 3366 1763 112
12 5789 8876 3950 6243 9556 2317 5244 9304 7403 1858 4358 6487
8 6465 28 6915 7967 3950 5189 1975 8118
7 3306 3226 4287 7446 5601 2394 3951
9 9686 542 3951 6057 3284 7101 9371 5953 8941
6 3952 1133 2975 2060 5654 2041
9 3461 5279 3963 7819 3952 7477 4796 682 5742
7 4515 7899 9139 5676 3953 9011 1558
11 645 4462 1543 4082 8669 7838 6753 3521 6704 7765 3953
6 3954 1839 9023 9642 7930 6303
8 5010 4132 4072 2080 3954 1869 4679 161
9 3655 3955 8715 5093 2258 57 3441 103 3433
14 962 2347 3548 371 5500 4196 5404 4289 3955 4085 8541 3374 3869 8400
6 234 8744 7369 7358 587 3956
10 3956 4443 8373 1074 3459 852 8197 8522 2081 2028
14 372 4189 8249 8855 5460 766 8188 7929 4615 2373 2210 9817 4363 3957
12 4448 9879 6493 4646 4927 3957 7421 5617 346 4992 8658 9073
10 4923 1752 4015 4199 2511 1927 3958 9955 5477 6543
10 3670 2421 5665 6611 9991 1986 140 7653 3958 7436
9 3959 6179 3451 9634 3954 972 7801 5956 6176
12 7376 6602 8975 8760 8732 9915 3959 3024 4976 3659 7470 3772
3 3960 9947 6550
11 8858 5085 9562 6672 3960 1644 7929 24 8670 557 1709
6 8252 7721 9676 4961 6232 3961
6 5885 1782 4838 6955 3042 3961
9 7540 3277 4067 7673 7541 9399 3962 6761 1792
12 3962 9607 4636 6407 3029 4517 8426 4152 4329 9520 8545 8602
6 5020 9049 3963 1507 4866 3050
6 402 5621 3963 6324 8636 9535
13 283 156 8403 9928 9855 853 8050 3964 7915 7922 2843 8405 1251
7 7075 3998 6011 3964 7909 410 5800
6 3544 6662 8999 4592 3531 3965
9 7126 8802 3965 9995 128 67 1172 8175 5045
11 2063 8648 7554 6683 2726 4184 5849 3966 4546 8447 3266
10 7487 5195 7300 9252 5084 3006 2843 9351 3966 424
13 8380 6643 7937 5931 6603 4659 3280 8414 9407 6851 8346 3967 3300
11 5067 7360 5452 9891 411 5668 9042 8603 5109 3967 9654
7 7935 3968 7133 7093 6286 1562 7958
11 8703 9570 3968 8587 1038 3710 8173 9405 7436 8393 1602
6 7442 3969 7409 8681 8288 3129
8 1229 1632 724 3969 7524 1817 404 5510
10 1613 2875 8808 4981 7366 3902 8143 9351 3970 5550
11 4505 8209 80 3970 6146 2831 3984 3796 2797 6971 8375
9 3971 4243 5365 3031 4635 2289 6972 3471 2410
5 9349 6367 5483 3971 9680
7 2784 8715 6609 140 3972 5290 6344
9 7261 7811 4404 5401 5622 9178 2088 3972 564
7 3973 906 6790 9572 6669 4183 7049
13 8510 5414 3044 5026 8698 3973 1335 2366 8521 6013 7045 4772 7638
11 3039 9852 3974 311 9405 9389 9195 1408 1352 2171 9363
8 438 446 3974 9186 5688 9796 3198 4352
6 5125 7449 6511 1653 5649 3975
9 9751 2976 7660 1581 7419 6856 6966 5864 3975
10 5942 9136 4075 1052 2509 8039 5186 5140 3258 3976
7 127 3976 6686 2371 5608 823 7606
4 6296 2127 4775 3977
8 2641 5445 5248 2841 2079 3977 3277 6834
10 5045 6377 8076 4784 214 7487 6958 3978 1258 6318
7 9149 3978 4564 7451 5586 1687 7937
9 9039 3979 680 4054 2056 4929 5363 6332 587
10 2310 8321 8976 9594 3979 4768 7874 2094 5681 3023
10 1982 3980 2437 9474 8112 6897 3007 6666 4435 863
8 6417 5206 8121 4098 8109 9297 717 3980
16 3686 920 6242 6364 4785 8290 5202 9454 3045 5888 8373 4772 3981 8248 9000 2563
10 3105 5404 7193 6470 9158 5509 7967 7474 3981 1048
4 5205 3982 1641 1799
10 1971 150 6810 3982 4647 775 9781 7697 8042 3383
11 2841 4342 3983 7751 2288 6673 7699 7902 7964 757 587
12 8666 6489 7248 1219 6743 3080 3983 2381 1156 1877 5639 822
11 4108 8622 8516 8744 8911 240 1178 193 236 4048 3984
9 7422 3984 5205 2163 2766 2138 8759 7497 7613
7 3157 3985 2436 815 3609 6390 9296
9 3130 496 6003 9202 9532 3985 2371 426 6987
9 3558 8665 1092 9434 3986 2243 1196 6665 2929
12 7470 3264 831 5959 2783 5942 9696 8253 1136 2833 3986 7797
12 3321 3987 4147 3117 6143 9331 9599 6468 2440 2836 8271 826
7 178 2259 3987 3450 8262 3688 890
10 4619 8099 2014 3988 4880 6575 9934 2684 2449 5998
13 4976 374 6375 1505 4036 5927 8091 6500 3988 6134 117 4918 1957
19 5845 7248 3436 7773 8559 963 2171 8661 3217 3834 5688 1635 3989 605 7898 8452 7166 1307 5972
17 3586 6545 8969 9970 4156 6394 2420 5775 6495 4660 9065 4766 2943 7847 8497 3989 4617
8 7723 6903 9358 8598 1925 6249 4556 3990
7 4674 3990 5425 7841 4501 1823 8791
4 9837 3991 4997 1031
9 138 5574 9884 5550 8872 3991 3268 2379 434
4 6445 9290 1799 3992
13 3374 2813 6021 2875 7242 3992 3616 216 9760 7084 2121 5628 7317
8 376 3993 1544 3141 2953 1906 2968 7041
15 3904 7893 9073 3615 3993 7292 2428 3202 8403 2954 7369 5496 9888 7584 6554
16 921 1178 9772 3894 8813 6870 7078 7432 3994 1445 3458 5534 2967 9746 1876 7004
11 6092 3178 8169 923 7337 2954 8504 186 1918 3994 7890
10 346 2012 9078 5849 3995 527 2344 6643 4040 2352
7 3995 7667 2499 6276 2357 9974 7451
8 7498 3996 1492 2670 9849 3249 3861 4758
9 7361 6809 8453 54 9718 3996 5716 2554 1623
8 51 3349 9128 8063 3997 194 9915 1802
7 9356 7610 6318 8183 3997 3719 1427
9 9795 3641 6040 3877 5536 4318 3998 7632 4231
7 3998 1362 3996 3366 74 5830 5812
9 2005 3341 6887 3999 6043 4880 3935 5081 2181
9 4236 6658 1330 5231 1095 7692 3999 9350 3338
9 6079 7459 6148 595 8880 2171 4000 900 1211
9 7088 1490 3163 6299 9368 4159 9195 4396 4000
8 5481 9799 3683 4001 2729 1208 5344 2315
8 7637 8213 4001 9052 4326 3874 1954 757
9 9707 4002 2979 1522 4133 7060 7037 617 7106
18 9068 3990 1924 2998 4060 8544 1620 8451 9374 4002 9359 6358 8672 3505 1353 6086 20 6733
10 3007 6136 7733 5205 3085 3702 9491 1021 4003 9744
10 4746 4003 7534 6193 9877 8889 6864 658 3555 1116
11 7621 5856 7125 8029 130 4004 3808 5494 2506 2675 358
13 1041 7810 5439 9157 9881 7519 2934 6784 4004 1353 6999 8732 8424
10 3831 5650 9686 4073 4005 8878 7800 6753 4669 4132
8 200 4774 4939 1817 9297 4401 2798 4005
7 9621 2928 8678 221 4400 8933 4006
12 88 2479 9609 4006 6903 3221 7661 5583 4614 8936 5153 3056
10 4007 9969 4973 3237 9527 8470 8548 4553 3096 9199
11 223 162 369 6132 6675 336 4007 6764 7277 2306 489
7 549 1379 2014 5814 2430 6169 4008
8 4824 5165 1929 8259 1499 20 4008 3892
4 6027 7485 4074 4009
11 1515 7223 4009 8478 7053 7372 445 344 3989 5336 813
9 9860 9283 2958 556 4010 9598 227 1824 412
9 6290 689 9326 4189 4661 4010 7756 1366 3807
6 9057 327 4705 8249 5941 4011
8 4011 9092 2838 3241 6973 2348 4307 3935
9 4012 2843 1484 2346 2621 3024 1016 7126 8943
9 9071 7119 7846 4012 5445 7855 6852 2868 282
11 3483 5300 4680 4625 5619 8552 4013 1191 4282 5569 9554
12 3235 6132 3434 7355 3138 262 4920 4013 8062 5740 4740 1741
11 5647 8223 9500 8009 9359 3164 81 4014 8697 1784 9499
6 7629 8420 8843 4860 4014 6648
10 4015 1746 852 2913 8567 5963 6575 5283 7008 5908
7 8998 4015 3698 1607 4151 2232 1030
6 4016 9178 7556 6982 7632 1402
13 1387 7554 5555 5221 3640 2045 7016 3266 4016 7085 8342 3380 1460
8 2483 4106 9506 2216 3709 5319 4017 1475
9 4017 6657 5542 1375 1815 1875 8249 9644 2979
11 750 3641 4314 9963 9911 4018 5603 7098 1063 6771 4400
4 2433 6750 4018 7881
10 7159 4124 2442 6034 3811 4019 1495 7118 7953 3284
10 1383 1500 1025 5959 3760 9641 8840 7428 4019 2276
9 4020 3733 6514 8942 4765 7877 9688 5207 195
14 7065 1273 1214 4020 1734 6832 144 2846 8979 5450 9870 1435 7966 5942
7 8901 4021 1139 9976 8192 6645 5109
15 4071 8768 8626 3094 2984 4021 4594 2309 1798 5011 549 5361 3879 4198 7294
8 5916 6358 5675 8197 1759 4022 6366 5025
11 4022 1870 1657 3145 6033 6098 2001 166 7129 7074 4968
10 2575 5007 7027 5192 4023 6824 2044 8083 36 4086
10 9274 6006 9844 1009 4023 9430 9610 1758 1905 2607
10 4560 4024 5721 265 9646 9947 5169 5370 6128 8736
10 1627 8454 1519 9577 7929 4163 4024 1112 2209 1333
13 139 372 3897 6050 9366 7056 2794 9001 523 1980 4025 763 5465
6 4025 5032 651 3058 3607 9536
8 6465 4026 1851 3180 5113 5687 4889 8267
7 5571 2340 7134 4026 7702 8202 5193
9 6205 4547 6297 1518 6299 4027 4949 8638 4738
6 1878 3094 644 9901 4027 3941
8 7215 5369 4028 5718 2968 1628 7506 226
8 6103 3918 5698 2868 4472 815 4028 669
11 4369 2363 4871 4029 4463 9166 1960 1867 6087 6000 1995
9 4171 9113 2374 2929 9411 4029 1806 9831 2424
7 5930 3209 4596 5950 9567 4030 4633
12 4030 2323 2262 8924 8794 4723 7169 7726 1111 1948 637 8028
12 7485 1985 9037 6485 1767 7995 6117 2409 7575 2438 2500 4031
14 2383 4267 8168 9514 3970 4799 4031 8722 8930 6718 480 744 8109 5815
8 8461 803 3359 4032 6209 7685 7322 4082
9 2488 897 587 1082 3258 4032 7679 2590 4973
8 3060 5902 1727 4033 7535 499 7794 1429
8 2482 2257 629 5008 6138 4033 6883 3444
11 1990 4034 3196 3884 3087 6806 8295 9832 9019 7870 8325
9 5073 4948 4034 3410 4326 3124 3874 4980 5053
8 4953 7894 4035 4006 2076 7363 9183 9489
11 524 3645 8921 784 4035 9032 3252 4538 2028 2314 2291
8 7827 2987 5457 2782 1125 4284 6919 4036
13 4036 4189 123 3989 4173 5545 732 5031 9404 4821 9055 9974 8555
20 1575 5138 5998 139 4037 5647 9268 2440 7251 9073 2228 3832 8363 1762 5147 7410 5410 2660 9693 8368
10 5822 3249 9659 5516 7957 6763 146 4037 9051 7312
9 5835 6255 2257 4440 4038 6314 1242 3340 5196
11 1826 9604 2236 4242 8312 4141 4038 2289 1917 9619 6066
13 8802 4431 5043 9458 3863 9520 4188 9488 5873 5276 4039 5532 3270
10 8293 2414 4994 1350 4039 9852 750 6281 557 3632
10 4040 5954 8547 4956 3574 2374 6362 2869 859 9205
6 8 7636 7289 4040 6379 4021
7 3960 3364 5144 6987 3177 8047 4041
3 6096 7008 4041
12 5150 4297 9935 9939 2753 4626 7206 4755 4042 1354 6482 4508
10 4042 8745 69 2246 5181 4241 3878 399 7576 7663
7 7832 4043 8762 2158 3048 8800 1947
7 3585 8654 1238 4189 8740 4043 5692
7 7047 4939 8564 638 992 4044 4964
9 4044 4562 1338 8577 7883 7409 4179 9275 8698
7 259 9727 8174 1621 7978 1895 4045
11 7647 9991 5495 4045 2985 6234 2905 9404 711 1035 6566
4 8846 1046 8811 4046
9 6018 4027 2120 6505 4854 8934 4046 9052 8865
7 9897 9284 5054 2707 4047 6812 4557
8 7006 8600 901 2309 598 24 4166 4047
10 7541 4048 5154 7020 9293 9513 2303 8802 2054 8429
13 1690 3470 38 301 5691 5326 4048 3980 616 7007 8322 8115 9807
9 1975 7977 3351 942 1888 8224 6543 4049 3704
7 5696 7614 1849 246 1455 206 4049
12 2986 18 9350 5311 9229 7283 7809 8774 4446 4050 1472 162
11 9054 4477 1099 4050 1222 9372 8124 9710 5341 6184 3704
6 511 4367 9279 4051 4513 6967
4 4074 4051 5265 7449
11 1468 306 940 4495 4052 1534 102 3426 6329 208 826
10 6538 5087 865 5130 6259 4052 4370 8802 975 7708
10 4053 1543 9834 3027 1454 4228 1687 5621 1707 5752
7 4946 4053 6268 2702 277 8140 5799
12 7285 3970 4054 2396 8799 6747 2511 8064 7962 7786 823 6010
16 3099 1247 5405 4133 9815 9315 3987 4054 9344 1404 6020 9816 4094 4384 2548 5677
6 6407 1725 4706 3111 4055 3721
11 2483 6390 6910 9102 3655 1851 4838 7961 5528 4055 4232
9 3102 7889 9413 4056 212 4889 2610 7545 5297
9 5054 2956 670 3450 4056 6362 6918 2286 5049
10 4068 4057 9200 7558 8741 9290 4054 4830 8098 2404
9 9623 296 3340 3377 2573 3469 4057 6768 19
10 3358 5683 306 8298 8904 1846 3309 7024 9129 4058
11 5515 4058 8509 6993 3677 5628 2646 4939 7902 8686 9658
10 7096 4059 3355 9109 7374 8682 8269 552 5216 187
5 4059 7005 798 7304 6643
9 6249 1984 241 7962 4060 9254 4746 277 6008
15 7831 4320 1863 3151 4963 2250 9318 3721 2436 4060 2815 5359 7841 8234 7777
8 1951 4399 3437 1384 5598 5799 4061 3684
13 513 2022 9977 8102 3269 1795 686 4661 3320 6456 4061 7323 7764
7 4783 4062 422 9827 2711 9063 9108
12 5368 8909 6470 2311 4062 3923 8150 9203 8244 8281 5158 215
11 4432 5292 4293 44 9307 52 6675 8450 3682 4837 4063
11 4063 2876 9976 6932 7543 4617 3033 2253 625 6758 9576
8 6652 7537 4111 867 610 4064 4552 8185
7 6954 4064 4209 8143 7028 4248 5200
9 6646 124 6003 9322 4065 5482 6665 288 8593
10 2303 2504 6376 4084 598 1758 4065 7401 9625 7756
14 8245 9188 5707 1103 4433 7843 2062 3540 1565 9381 1389 4066 6491 4412
9 1660 660 297 4066 7476 6282 9960 441 209
9 4067 7636 4002 1127 6860 1916 2791 4619 6638
14 2109 2225 2372 4067 4493 4183 6195 4013 6886 3624 5296 5975 6751 5294
10 5409 4063 6765 6571 6908 4068 5442 4235 1034 9892
5 5203 4141 8680 4068 9711
6 6282 2141 3813 4069 3743 573
6 6971 1704 8108 9638 1776 4069
8 7713 1902 9111 4070 4881 528 77 2747
7 2772 5808 9544 7758 4070 8903 2618
6 574 4071 3598 8130 320 7941
14 9226 7212 6732 4336 3391 4862 5887 4071 5095 1685 6788 1886 5867 9888
7 8517 8566 6282 9868 4072 8491 6433
12 4608 4072 2042 1489 2543 2233 9513 40 9790 7237 5738 5885
8 4073 4561 92 4753 6249 9031 7269 9191
7 4073 141 4501 2038 4838 9882 6076
5 5285 4059 4074 2301 9304
8 8376 5239 7703 8126 3937 1232 4074 9863
9 4020 9018 4075 9165 7650 2737 4533 5407 3176
8 2510 1101 4060 4075 3143 5870 2970 4162
9 2118 4076 328 5895 6166 8782 6064 5149 8201
8 2072 9656 4595 4076 7242 3555 6275 5726
3 4623 4077 5315
9 4077 2246 8757 5157 6225 98 5935 8812 8353
7 2830 289 1088 5910 2013 7718 4078
9 4078 6285 787 3424 2981 1068 4477 8655 6875
10 4012 4265 2839 4079 5001 9469 8615 3705 2303 3968
12 730 8165 3447 3795 4026 3594 595 3692 4079 6579 6526 5813
7 9740 9903 589 7870 2031 4080 7022
5 6302 3792 651 5227 4080
10 4081 3576 1714 6338 273 2303 9645 1286 7219 7249
14 1078 6482 4081 6970 9120 5606 2972 2212 120 6249 4475 5177 4836 8618
7 8160 1119 1382 2735 1580 2881 4082
7 1212 5079 8191 8622 8456 4082 4724
13 215 6992 834 544 7160 2582 4083 5175 1139 3208 8396 4934 7244
9 4083 2644 8064 3981 999 5040 8701 2482 4775
6 7990 9455 4084 5274 7356 8499
13 8410 3482 3459 1173 2015 4632 767 4084 7499 6033 6204 2857 5412
11 4305 4740 3112 6992 6041 7681 4085 3147 5953 6851 839
7 9114 479 169 4085 292 1127 9886
7 1831 7396 348 7938 5171 4086 9778
6 9380 8091 4086 1646 8175 6188
12 928 2649 4087 2529 3809 6006 4696 6891 8268 8174 5004 7932
9 3037 4214 4087 4631 2222 4419 2932 6600 8401
6 4595 6352 4088 2275 7805 7324
11 5518 2178 1142 3667 5309 2985 5864 6469 7164 3935 4088
6 4089 8733 7685 1698 1962 9788
12 6974 999 1542 3835 7536 3081 4089 7029 7371 4287 26 204
11 4527 3052 4253 7199 4247 4309 4090 6984 9536 3716 3682
11 895 1390 2097 9128 9893 8629 8934 4090 5316 4627 802
14 7320 3546 2546 2737 5652 5866 6030 6518 5379 3983 7996 3162 4091 6878
10 4517 4091 7752 3014 5916 59 3663 203 5046 5206
6 410 4002 5327 5730 8129 4092
13 5914 7000 1787 3646 7091 4092 5348 6929 4571 7615 6787 7427 4676
11 8628 5364 2895 1065 4984 5904 3899 4093 6880 3930 3248
10 8631 8619 7133 7915 1642 9600 2460 544 4093 9557
8 899 4094 8998 345 7517 6835 245 5672
6 4140 6184 4094 2047 6035 2208
9 4095 4683 1660 136 8166 5759 5919 5585 3440
13 6237 6824 356 1044 9078 4095 6559 5744 3117 8043 4998 8898 9520
13 9325 8435 3385 1323 7752 2105 2819 4096 2956 8377 9613 5574 2094
8 8955 9078 2889 3834 3958 2539 1625 4096
10 4692 1711 7323 8392 9035 892 3240 6277 4097 9997
11 4097 9799 3980 3706 5358 2066 9028 9540 6509 9549 4035
12 3076 2107 303 4579 4098 3617 8045 3454 5187 4736 7914 8701
11 463 9974 996 4098 8695 2470 5367 2594 7436 3126 5876
11 5210 3925 2001 4099 9445 3418 3308 1024 6043 356 1819
13 2579 4940 8955 4539 8639 1633 8668 6402 4099 7478 815 1273 7213
11 6960 4100 9304 293 1171 2611 4855 4320 6505 5945 8153
9 4100 3272 1753 3504 6421 2965 5173 4699 8054
10 2199 5101 2206 7279 9595 7154 4101 1962 4756 1580
8 9677 5576 4125 7338 4101 5834 651 6609
7 2064 7523 6366 9089 4102 5890 6153
10 2305 2837 5239 9785 9334 7687 5468 7312 4459 4102
9 3637 4103 438 9561 4249 4372 6479 1501 2569
4 4679 9988 4103 1668
9 7942 9415 4857 311 8424 4104 1578 7590 7038
8 2275 7587 2637 4253 4680 4104 9193 2747
8 9539 18 3543 2510 8403 4105 1338 2686
6 2952 4105 9629 5983 6740 8822
7 6540 8004 8735 3243 7539 9958 4106
9 5270 4106 3852 6219 3122 1147 208 8245 4004
8 1780 2737 8459 9850 4107 1364 8274 9059
9 7057 6986 5126 397 538 9775 4107 1808 9882
10 5029 4108 9911 3145 5640 253 2174 5427 923 3009
9 3643 6649 7808 4108 4634 4849 1075 2454 6582
7 9692 4109 7341 7137 4523 427 4306
12 9364 1067 5255 3597 4109 8812 1668 3247 3533 5455 5773 9196
5 3026 4110 6403 4990 5991
9 4769 4520 6160 932 6234 9493 5675 4110 2738
9 5365 8029 1794 1914 9360 4111 3764 2625 2168
16 9597 4111 6344 2477 6692 3822 3878 8099 5673 5418 7801 4222 9942 1804 5359 7304
11 9656 1157 4627 4112 8901 1529 2932 6441 7440 6044 1807
6 210 5731 4810 4112 4447 1997
8 8793 5673 2429 6702 9665 8564 9300 4113
6 4113 461 7637 6029 8331 6507
6 4114 3463 7234 6449 7268 2644
12 7788 6686 41 4114 6793 4788 6119 7820 8950 1963 3055 7292
10 5591 2652 2001 5193 4796 7785 6894 4115 921 9612
9 1207 5544 6157 8645 606 7222 4115 7121 1086
10 2255 6994 8909 353 5944 963 4884 4116 3063 5253
14 5099 368 2419 6711 9274 7275 1929 1199 6327 6280 1329 5835 8122 4116
10 2731 4542 4117 9157 7429 1278 286 5842 417 2748
4 2831 4117 661 72
11 4090 9495 355 3058 4118 6077 4608 8757 4103 6276 3705
6 9471 3077 3866 4118 2403 2397
16 352 3243 3985 3466 1536 8513 4409 5568 4532 1539 9815 5662 4119 6033 6010 9417
12 642 4119 4637 9708 6504 609 6501 460 9605 6754 1580 372
9 1652 3777 4484 4120 7829 2915 1148 2697 6686
12 3154 2991 9027 525 2324 8792 4120 3505 7256 5037 4171 6818
13 5409 4319 2436 5424 7253 5169 3528 4121 1501 2525 8565 3033 9159
8 169 4180 3683 785 8126 4121 7018 4561
13 8133 6011 4122 1519 1563 850 1956 9330 7688 9652 8214 6368 8779
7 7045 4657 3547 7451 4122 3600 1172
8 2305 4123 9591 7809 5206 3122 6110 8585
6 2888 5645 4123 5789 9324 7963
15 8855 9355 7915 7100 3010 1669 8023 8036 6030 3512 7044 4124 2234 6252 1821
10 4124 6185 767 8986 9995 7412 9984 3483 2605 4123
6 7624 3286 2106 5771 4125 657
11 7923 5405 5783 4125 8462 8824 1724 7743 159 5541 4672
9 7893 8495 3467 7974 4126 6849 4332 668 5920
7 8764 6561 278 9990 1297 4126 2420
7 9520 3611 8428 1238 7326 5289 4127
7 4127 6791 5876 5031 6361 2729 4329
6 4128 3214 2495 4117 6440 9878
12 1358 7461 993 6786 8320 4128 1324 4808 3369 588 5644 6480
10 6850 3510 9382 6762 7128 8018 4129 1720 37 6619
8 9002 2505 5232 7580 367 6571 4129 3594
6 3446 4546 3922 3270 4130 4790
12 6160 9532 6809 2122 4903 4064 4615 7976 9836 1630 4130 2459
6 4131 9502 9137 3618 4576 2694
6 9229 4131 7382 6486 9475 1795
8 4445 6459 3096 4132 3878 9710 5973 1534
9 1923 2900 4510 3377 4330 4132 7300 691 1886
9 5511 6361 6557 2162 1098 4034 1230 8053 4133
6 2987 4133 7176 8175 2910 9889
10 3672 1710 8764 4134 562 9725 8119 7887 9640 7547
10 5394 6718 4067 5600 5613 4134 4324 5697 551 3240
7 2107 9 2474 4135 2686 7047 7975
8 430 462 8514 480 720 4135 3856 216
11 8879 4136 5421 1764 4374 656 909 6300 5052 2534 8415
10 8790 1038 4136 209 6197 7008 6474 6829 8215 1892
5 4137 7126 2566 2481 5926
9 5480 9568 1451 6641 4137 4625 7458 6654 6148
11 3966 5948 2491 408 7604 9323 7105 2039 7228 4138 7035
8 4138 712 8388 3004 5743 5675 1025 4666
7 354 5052 4139 7249 1245 9132 2120
11 7187 9042 1244 3489 4014 2759 7151 4139 2372 2518 7062
10 518 2375 7261 407 4140 6788 6424 8126 3756 9606
9 4712 8340 3431 5685 5132 9387 4140 1134 6990
11 2367 4141 7662 6707 5445 4964 1965 1594 9383 8790 2390
8 4281 4141 6696 9251 4083 3122 4228 5119
9 4746 4142 6193 7822 9017 4094 50 4943 565
11 2279 9642 1657 5963 7342 1356 52 4142 4041 6666 1520
10 6642 8428 6539 1931 7291 6165 6763 160 4143 5241
11 8781 1011 1714 5921 3270 5200 1465 7939 7862 4320 4143
4 5375 2690 4144 9038
13 3828 4981 6493 7963 9576 5909 3625 6582 9597 1297 6432 1872 4144
13 7269 3789 6618 4145 5811 4971 1252 6978 3668 5870 9631 2925 9965
8 4907 7277 1381 4145 8335 6148 3655 625
7 8080 8548 7873 3643 7451 4146 3580
6 4146 7251 2642 1245 615 9475
8 3701 6134 3764 8069 4010 2732 5591 4147
12 7433 4147 4362 729 9219 6547 371 3935 2795 6124 7497 7722
7 83 2834 4543 4148 9293 6772 2897
10 5011 178 8117 138 430 2994 4148 2599 1070 3789
11 1623 7134 201 6776 1470 7403 4227 6343 4149 809 530
7 9202 8442 3605 6065 95 4149 4388
5 6953 4150 6782 3332 7482
6 1773 6349 3413 4150 2551 3619
8 4223 7127 4151 1548 9557 2839 8427 2468
5 5059 7120 4151 7248 407
6 9542 3213 6372 3209 2412 4152
16 9112 4827 4152 4919 6298 9194 8556 5508 100 7473 5351 6702 7368 2845 8571 2749
5 883 4153 8630 5108 9734
10 4876 5339 8375 5059 6406 6004 6530 4153 8315 6770
9 9028 6504 769 1342 3952 4154 931 1621 5787
9 4920 3014 6528 2670 288 4154 8982 3954 3107
6 4155 4432 4080 8894 2087 6245
8 5170 5396 4775 4969 4155 8078 502 2453
8 4156 1510 2503 4990 7600 9351 567 9555
5 9990 4156 6542 1282 9843
6 567 6452 8308 4157 7688 3513
9 9626 3178 9241 3447 7403 4057 3795 5972 4157
11 3801 7363 4194 4158 5092 6318 1946 9534 7059 7701 2502
7 4158 6045 3557 807 1344 8353 3394
10 4626 9765 8461 4159 813 8872 3488 1367 4665 8821
13 2305 7794 4449 8258 1265 2985 8812 4670 4190 4159 6429 2863 206
9 7387 7960 8616 9910 3540 9285 4073 7165 4160
9 4439 4160 6112 5027 7736 8098 7204 1761 163
5 2836 2130 9257 5371 4161
7 4161 4858 5943 3596 31 9924 6166
8 850 2840 4256 4162 7052 4975 5238 8069
10 3701 9277 6678 3693 8806 7798 2373 5441 4162 1976
9 1503 3132 2147 5136 711 1407 4163 1841 886
11 3073 3772 4888 1427 4530 758 9667 4133 4163 4187 2785
5 9985 4164 6021 9959 8553
7 5660 4011 4164 1366 2623 9661 3170
5 4476 6955 4165 1190 8228
8 165 8794 5274 1618 4337 3816 4165 958
7 1183 7409 3861 9120 2542 970 4166
7 4166 9998 2600 8616 1377 4727 662
7 683 2185 4167 8292 9939 5311 5527
5 2775 221 4167 447 7588
8 6381 2584 6323 4168 7005 5622 5763 76
7 4904 5508 3420 6354 2418 4168 1054
12 4169 7028 5572 9379 5319 6722 9018 6278 7572 7425 6775 6697
8 3263 8282 941 9646 8398 4169 596 380
8 4170 3544 592 7533 9381 3432 1477 2546
14 7544 4825 4849 8440 7503 3577 7107 4170 8686 7533 4332 8034 4371 1286
5 3081 967 9836 4171 2104
12 3325 4543 2612 5734 79 6165 5500 1571 1966 3938 2591 4171
6 2949 5447 4172 7765 3701 7311
7 2672 2260 8448 4172 7935 4581 5991
11 7632 6499 5128 3129 4026 4173 6211 2994 6750 885 8454
4 9928 7230 4173 9333
8 7634 1420 9626 5483 8776 4576 4174 7333
8 9350 154 4174 3491 7115 7308 6346 3200
11 1126 4175 4402 9446 1332 3600 554 2884 6209 1497 9465
11 398 1948 6655 6888 6485 4175 627 4746 5034 8374 1297
13 3731 731 8630 978 9781 7065 4176 5452 8318 9259 8156 3833 2888
7 8755 1167 22 6490 5580 4176 9710
6 635 8394 4177 6727 1600 4326
7 9465 8465 5190 4177 8540 8650 4123
6 400 3133 4178 6520 2833 4809
11 6977 7746 5771 3996 7377 4178 9927 968 1318 4184 8379
11 8989 8977 5291 1610 7 5391 7520 4682 4513 4179 8362
7 4179 4520 1172 6888 3741 9294 5293
8 7007 7446 8739 30 969 6043 7296 4180
8 7349 4180 6846 9436 5810 8359 4926 4276
5 3139 8398 9355 4181 8075
9 3899 5298 574 4494 8384 4181 4699 5297 6102
4 20 4182 9313 6380
7 7684 6612 5675 3356 6802 4182 6792
5 4183 6957 6807 1342 4946
13 5571 3541 4183 1191 2392 7746 2021 9403 633 9294 129 4892 8075
8 8644 4048 1653 9836 4184 1240 8379 7442
6 1872 4591 8619 3653 8458 4184
10 3817 7093 1756 1493 9046 1415 4673 4185 6553 9072
12 4185 8615 8477 6212 614 123 4802 90 5 5659 5489 9086
7 7914 4264 4186 5384 3756 7963 742
5 3134 1349 4186 8352 4664
11 6374 6289 9987 8308 4187 9528 5358 2202 2588 7942 846
11 4674 4192 8150 4864 9861 3251 1145 4236 4187 4615 9310
14 6535 8548 5641 3813 645 9391 147 226 5654 5398 9620 8193 1359 4188
3 4188 8733 4057
12 8903 4189 9440 9628 5070 4296 5385 8369 2511 3657 8358 614
9 4369 7935 7237 4189 1874 73 9715 965 4751
11 3062 1025 6983 3178 8395 2449 2408 9417 4190 308 7893
8 1771 9596 4714 514 2557 4671 4190 5312
6 4641 4191 6411 5149 5442 1271
10 6174 5431 4191 5141 3655 9668 8364 8725 5938 2514
6 6579 4580 4192 1532 3331 4699
9 3253 2318 174 1064 4192 102 9292 7659 9638
7 195 1160 5033 1011 933 9189 4193
11 5004 4193 4298 1365 2007 2989 648 8278 6839 6242 1466
7 4324 1589 2921 2981 3957 1663 4194
11 5747 735 4194 2281 7873 1336 771 179 9686 9796 6646
11 6569 7211 4644 4195 4566 1219 159 1344 4790 1119 535
8 846 4857 4042 8195 1465 5668 4195 81
9 4331 9095 6011 9079 2664 4196 2410 7938 8922
11 2778 2267 6354 8355 9969 1023 9844 3239 464 4196 5538
3 4197 3058 8381
10 2340 2310 5439 4197 4577 6938 9134 4929 8167 7618
10 732 6618 6563 2187 9624 1048 1990 3685 4198 7347
12 8363 2846 8340 3762 4657 195 5622 9058 5787 6043 4198 4947
6 8860 8437 3296 7852 4199 7438
4 4199 4656 7212 7912
6 5205 4200 5207 3521 998 8176
9 485 493 2933 7702 3087 9195 1528 4200 6839
10 7929 4201 7988 6082 8211 5106 9581 6724 1055 5013
8 4540 3248 9282 8815 9954 1780 5177 4201
11 3660 4435 9409 9325 2789 7929 6661 1809 5932 1127 4202
7 4202 9292 3448 4175 3914 1511 100
7 3269 786 7038 4203 2599 8891 5926
7 6770 6776 2839 5279 1103 4203 778
11 7587 1606 4704 6847 5879 6380 4204 2973 6060 7866 3172
10 9850 8170 9635 2009 1504 9434 5862 4204 9821 4954
10 2369 1454 4205 5907 2947 8628 3411 4701 3950 6903
7 6663 6165 3447 4205 5565 5467 5805
13 3945 4319 2831 2340 4206 5407 2572 1177 2355 8756 5894 3157 5866
10 5031 3985 459 7935 7308 2107 4206 1487 2000 6220
8 9958 9886 9777 7699 8273 4207 3843 3408
6 4207 3508 2406 1135 6587 4288
10 1520 6633 1310 4663 6701 973 4004 7145 9963 4208
7 6884 4208 831 9160 7632 6156 2516
5 1184 4522 4969 4209 4152
6 6473 8030 1902 3837 4209 2070
11 654 1862 4210 7283 6981 7643 5009 4535 2932 3342 4281
12 8849 6185 521 4210 4899 4980 6823 9257 5336 3385 5173 4467
9 1594 4211 1932 9756 2118 6191 3045 3736 272
14 6700 7561 9781 5879 1750 2672 8209 4119 1795 4211 4513 9535 4171 8010
15 8463 1418 2193 4688 2511 8794 4429 4770 352 7394 4212 6889 5286 9702 4124
6 4660 7119 7926 1912 4212 5364
15 6071 7534 9701 2041 6579 3923 9743 5198 8303 6602 6151 2145 4213 5127 6500
13 8287 4213 1209 6094 4894 8255 1523 7286 1970 6246 8695 4673 7096
12 845 9686 5267 3091 4214 5484 4568 7261 793 8097 2739 5618
9 4137 2364 3919 7677 9635 4214 3618 4894 3028
7 9313 5946 4215 7584 6507 185 4043
9 3732 124 9183 6271 1274 1776 4215 9998 3200
9 4216 3502 1808 8687 2867 6258 3222 1486 5341
10 1019 2598 4216 3169 9926 5013 1695 9109 3344 5112
13 5979 8193 3663 6200 5195 3628 4217 5205 9267 9145 8690 5688 2749
9 2084 1231 9242 1888 6931 200 2397 6105 4217
10 8399 3053 3733 1641 6520 5498 6364 9826 4218 3024
10 4218 7194 7719 1823 2659 8740 2193 9180 6289 6900
9 7595 3521 2383 4219 3823 2768 4373 1521 1039
10 1432 3324 8342 3252 2832 4219 9599 6642 3449 341
8 2861 2211 30 4220 7592 4971 4345 2962
8 2677 2823 8300 2545 3404 2404 876 4220
8 5947 315 1213 6316 603 2471 4221 3088
11 2306 4221 6870 3095 6641 8837 1367 7726 3635 5193 3279
9 9587 4222 4602 5013 6732 2013 1813 9858 4582
8 1319 4222 9805 9355 9632 7363 6273 7889
11 9076 9324 5901 8609 3628 1397 3922 4223 7383 7677 7933
11 8906 5033 1051 8903 1889 4420 8346 1591 3677 6628 4223
4 4224 4036 5719 5928
5 9563 4224 8127 4112 4761
11 2028 2455 3225 5993 4225 8006 6842 7270 4172 7301 3306
7 6938 4225 3125 3728 7693 9955 7979
9 7994 7195 6838 7271 5389 4134 9648 4226 112
10 4226 8050 794 3626 1456 427 4982 1522 3761 8347
10 3545 7735 8902 42 4587 9343 8616 4227 1294 3880
6 4227 6001 4996 6187 8166 2489
8 5680 1386 4228 4398 8836 3151 7641 5113
10 1251 484 3149 536 9397 1617 4917 4228 8370 951
12 626 9355 2079 8875 8215 927 9620 7716 3504 5330 7721 4229
8 2144 4229 617 4745 3636 3374 6595 10
10 8465 8065 4230 3471 8319 540 2336 6293 3604 1125
9 9711 8252 7083 4230 7536 543 4190 91 951
8 9621 9479 8425 6577 4231 2579 2269 2252
8 2604 5777 4618 2356 9270 4231 8478 2921
11 8461 6291 8944 7069 4777 850 3624 8356 513 4232 8780
11 6611 2940 1289 2705 7669 7407 798 5926 2253 4150 4232
11 2577 4140 6969 3744 7068 4233 5636 8821 3835 1286 2526
11 635 464 6380 3886 1816 4233 6082 5612 2024 9086 4456
5 2836 146 3654 4234 5277
7 5635 1893 6800 4214 8015 4234 83
8 4235 1742 9889 1221 6509 6199 5089 2781
6 4818 2137 4235 7634 1302 7359
12 4425 6150 4183 8907 2948 4236 7388 5178 1453 9877 3990 7283
8 7123 101 1645 6254 5074 3099 9675 4236
11 6589 6596 2986 3738 259 4704 3510 4237 5043 185 9887
3 5860 5363 4237
15 816 8694 689 8372 4238 4392 8613 4227 223 632 5760 7876 2956 5527 4448
8 8020 4565 4238 324 2330 9895 8464 9372
5 4239 4101 876 9250 7505
5 4910 781 4239 553 9917
11 3873 6946 9710 9365 9304 9565 4179 404 4240 8549 3943
9 4240 3588 3193 1457 4507 7544 9129 9199 2987
9 3403 4233 3264 719 232 5476 2294 4241 3559
7 1966 3693 4241 5231 7672 4609 5755
16 3201 4122 1703 5629 9747 5551 1626 5375 4242 718 1330 445 5038 9948 892 7393
5 434 9644 9953 4327 4242
10 230 4243 3093 4284 5053 3469 3896 1154 2988 3584
14 3222 3167 9892 4243 2645 1872 4915 5727 5178 753 2211 862 9337 7824
6 23 4244 4786 9892 7378 1776
8 9468 3091 7390 4244 6667 6815 2127 4086
7 4078 2534 9342 1348 4245 8145 7309
6 9518 3021 3735 9086 1982 4245
7 519 2934 9557 8972 4195 4246 7168
13 892 9137 4246 5570 2991 5680 7079 300 548 2901 8921 7586 3544
5 8253 4247 6438 6352 7251
6 875 6549 3727 3312 4247 1086
13 3090 1115 1672 9156 2585 2513 3403 1722 4697 4248 6277 7980 1139
9 4248 7833 3937 9291 1743 1689 2075 4051 4001
11 9584 7345 6206 5415 1122 4809 8169 5645 4249 1237 1297
6 301 4249 7542 7834 4670 9783
9 922 14 3075 1075 2685 3468 4250 6548 1835
8 2906 1874 1849 1176 4250 8942 5378 7556
13 1701 5465 3234 368 9078 7021 5655 6517 6066 4547 1457 1115 4251
11 7782 7327 755 4225 2414 9294 7990 3520 6547 4251 9467
7 1890 4252 9927 6021 808 9525 999
5 4252 2624 4784 1112 7075
6 1933 4253 7485 3230 2310 5883
8 4778 5164 7317 5271 6277 4253 1303 2324
7 8118 2546 8907 1892 1643 4254 7424
10 7948 4254 8813 6825 3014 4894 4706 9417 4165 702
13 1786 1128 4665 3789 669 4255 3981 2228 2010 9942 2871 151 2956
5 5610 2960 4255 7026 2610
9 1484 820 5436 9987 4256 8239 6471 7874 6919
8 3448 9661 4330 3368 6784 8272 122 4256
9 4257 9177 855 645 4540 1441 4149 5070 2066
10 5815 7835 7969 2824 4257 7140 9723 654 3446 7142
13 4300 4592 6350 3966 4258 9724 5188 8145 8826 1451 6734 5960 1597
8 3131 4021 2060 5616 9472 4258 6095 7447
9 6666 7423 110 249 9295 6800 1215 4259 9146
11 4259 4883 6109 1226 7061 5751 8900 1545 1576 2046 1099
6 9328 3583 5690 7948 4260 2054
14 6949 1870 2341 2024 5609 4260 6081 7234 1136 5706 1817 7914 3838 2289
13 7856 2752 894 4261 380 2197 1414 4535 4133 7456 530 6037 6463
11 1113 1560 762 6842 4758 7819 9464 5192 2743 4261 6780
10 369 2794 8983 3056 4253 1534 1272 9986 4262 861
8 4262 3013 2192 4504 2251 3458 3125 4673
9 4263 9346 7198 3535 6639 201 3616 7728 6497
4 725 4263 2428 3722
8 355 4010 7169 678 9410 4471 4264 9363
8 420 859 5134 3951 539 1142 4264 1514
8 854 9015 2695 2301 4265 5698 2413 6774
11 9718 2529 4885 8853 3100 5588 2921 1811 4739 4265 278
8 5569 3514 7156 4266 2622 5418 147 6104
6 1477 106 1626 4266 2837 9853
10 8943 8874 249 9327 9681 5173 4267 9234 5853 1591
5 4267 7812 6731 3409 1454
10 6909 6752 9579 9693 2059 6394 841 5068 5577 4268
5 3689 4268 2904 5600 5039
8 6052 6600 1838 4269 5484 7527 5296 9583
7 3969 4932 2944 4269 4044 6452 8356
8 1880 7838 3662 4482 1319 4270 7912 5811
8 7181 6507 5250 7721 5771 1833 1841 4270
7 4271 2054 4068 1593 6688 5866 196
6 1724 8006 4271 4424 2698 5235
8 4043 4150 4272 383 6533 7926 3275 2610
7 9564 3911 2382 4272 4188 8976 1210
9 5300 2320 8081 1187 2193 7188 2323 765 4273
9 2121 8377 6536 8293 3781 7505 257 8015 4273
8 5553 4274 9805 5270 5516 3571 2867 8481
11 7382 3580 5452 9469 8567 2808 7401 4274 2762 8751 7516
7 3356 8611 1316 4275 7704 5699 6225
8 4155 8027 5158 109 3926 4275 2052 3546
6 4276 8799 725 4039 7509 8329
12 1255 628 4276 411 7443 3755 9646 9960 7508 1931 9139 1279
10 6307 4277 2264 5113 1572 93 2362 3273 8074 9535
9 5890 6921 5447 8306 4277 2434 4108 3471 113
7 2133 7140 3483 6144 4278 6956 385
7 3592 726 7609 544 9674 2100 4278
10 3495 7979 5773 6346 3402 7094 4279 854 8883 1118
8 4279 6979 7126 4554 7560 8910 2751 2346
7 3679 6955 4280 4588 290 2865 7404
7 6292 6079 919 4280 4803 9901 1773
10 8905 7737 7103 1775 8768 7472 4388 5095 4281 6666
12 4281 1105 33 95 8089 297 148 8604 8227 277 9601 7595
13 4699 6449 6047 9541 3165 4976 747 6810 8243 4282 5306 9625 2727
11 2865 9961 5964 2269 4282 3788 8145 7651 899 1302 627
10 8708 9998 7196 836 8550 8031 4283 724 5164 807
11 1623 3526 3882 7762 3306 4283 5800 3576 5676 5736 5613
11 1896 7330 4257 8919 4826 4284 4182 3054 4030 1354 959
12 5745 1733 6691 2413 9403 1885 2513 6851 1503 6540 4284 2760
11 5788 674 2511 8671 4285 5213 7219 7551 6641 5447 8306
9 182 3397 3100 4101 4285 2372 9046 9278 1841
8 1942 52 4286 4744 3711 9109 8666 9081
4 3098 4286 4667 5633
10 4674 1132 1937 3890 3750 7666 5442 3017 4287 4386
8 1104 3233 4287 5362 2944 4020 1229 5816
8 7893 8090 49 4288 7648 746 4050 6148
9 3811 7 9772 3521 3213 4853 4288 7622 4146
9 7491 9732 2386 6142 6119 4289 9522 3554 886
4 4623 4910 4289 231
5 4096 174 4719 433 4290
5 4290 1332 3908 9824 6448
12 546 845 1627 4291 5500 728 3058 6063 214 2592 8603 784
9 4506 9652 4291 1673 9496 8748 4343 9037 9826
15 2168 3320 84 6659 6719 9358 6704 3084 9087 5305 4292 8685 4593 1362 8247
10 4592 2747 4870 2761 8619 4502 7243 2633 4292 2689
7 2231 859 8865 4293 8853 7938 9124
2 9960 4293
5 2499 2879 4294 799 6067
7 3525 1523 7317 7787 4294 7578 3494
9 2362 1161 6984 6877 51 4295 9448 5802 6997
8 6549 5379 1288 4295 6304 395 8614 8856
8 4296 3785 854 4271 5718 5213 8131 1943
9 1515 9145 9523 4296 3298 4994 2056 1645 3634
9 5687 79 9644 4297 9832 2545 4326 3411 2449
13 2054 6633 4006 2951 6909 5470 8684 4684 6117 2863 4297 4987 6828
7 958 7402 9266 2240 5694 4298 5150
15 2779 9604 7981 6580 8600 6434 3442 1217 5998 894 6022 4298 4835 6585 519
16 7042 4292 2517 2334 4346 5011 3988 4299 1355 1880 2345 5420 2799 7812 5084 1900
8 1644 8096 7352 4756 4299 8598 5832 7193
4 545 388 4300 9338
11 4300 4197 338 3546 6962 4274 9148 1101 7926 1737 2068
6 8690 7936 7442 5901 4301 8583
11 9875 8643 7819 5039 326 4301 9657 1093 8564 4413 1592
4 1591 3140 4302 2967
13 6685 8956 3949 7102 9054 6543 2806 4302 6851 4889 9886 6616 4220
11 565 7839 9860 6763 430 8715 4303 6891 7038 9464 3333
12 6484 488 7142 5459 3112 441 9508 253 1145 4303 7481 8749
6 4304 1050 8447 1203 5803 208
6 1880 4304 7116 70 1984 1821
7 4322 4305 5849 8551 346 1110 9183
7 887 6609 7298 1525 4305 4065 718
5 5208 8477 777 3162 4306
9 4306 6876 4016 2840 2396 8820 8592 6997 7164
17 8372 9473 2867 264 4307 8900 2337 5150 1813 6266 9259 1749 5279 446 3263 8159 2077
15 8321 9398 4376 7499 8334 5524 5514 4307 7062 3229 7180 8455 9575 847 9035
6 9390 4308 7476 2679 1324 6211
12 82 7241 1243 3629 2258 5161 6515 4308 6028 1914 8164 9829
10 690 8188 3586 6257 8370 1787 1824 2598 8586 4309
10 8898 9008 4309 9053 4336 5879 6769 349 5709 305
15 9091 4310 7184 7819 6185 1203 3100 4680 2566 1883 7438 7249 5129 1669 9993
5 2028 7969 4310 4257 8166
10 5122 4044 113 4219 5511 4311 9546 288 9416 1071
10 597 8861 1604 3050 1205 4311 9408 9449 6325 9884
12 7633 5835 4312 4874 7454 9 2815 9402 1713 3804 5887 2143
10 9826 7152 4312 8044 4977 2770 4959 6687 2534 2934
7 2145 860 1891 4313 3941 1027 6457
12 7685 3278 6571 8187 1821 6134 4167 4313 8411 6055 4094 7422
10 6403 1800 6880 8182 5035 3756 9560 5801 4314 8695
8 4241 4314 8353 8650 8307 3357 7315 5524
8 311 8188 9877 5662 2329 6771 4315 968
8 1039 5797 6864 6973 4315 225 3831 9103
8 1916 3315 4316 7011 4627 448 4856 7162
8 1479 8914 2841 2352 7034 4316 4298 2477
13 2029 6933 9220 5415 820 401 176 4317 5873 9719 7154 9227 6851
8 5594 7583 2408 1587 4317 7928 9988 1661
6 9319 7013 3604 4318 6343 1475
7 7279 4219 4318 7081 9508 8834 8055
8 6900 8200 4319 5527 1986 4857 5200 5463
7 3613 65 9426 2300 7579 3103 4319
10 2634 6694 1726 9566 989 2081 7465 6923 4320 4893
10 4320 7815 2126 1189 3891 971 4586 2191 3033 5405
9 6647 8604 2464 3361 759 4321 2049 1190 9999
10 8369 3248 8878 2259 8937 4321 3396 578 7890 8767
11 1366 3738 2093 1636 4674 181 1109 4322 8232 5575 6978
5 425 1861 4322 7800 1626
9 5445 9739 5932 3226 3976 3008 1295 631 4323
14 3943 4882 9039 4323 7933 1440 9114 2041 3677 7495 9546 3311 2202 7617
8 6177 4324 4626 1922 9274 5794 3593 9422
12 7479 5969 3164 4324 4582 8630 3480 4138 1420 2787 9621 8356
13 2664 6799 5716 5892 1305 593 8823 112 4325 1839 420 4371 4244
9 6980 2920 3594 7404 7163 6109 1336 5666 4325
8 3891 3691 4326 5996 8897 1216 4978 469
11 2266 2513 4434 3720 4326 8088 4646 8867 6056 5685 4575
6 1386 6003 4327 6775 3442 8158
9 4886 4327 4504 3250 7268 6921 9909 210 7533
10 4837 1150 5739 2795 271 1106 4328 9836 3567 2275
9 4328 2730 9195 8717 225 5074 7916 4422 7667
12 9635 5334 9994 1640 9503 1861 2124 5795 5463 3804 4329 7318
6 4329 6721 2191 3986 9695 6686
7 7979 4330 9545 2455 3055 7292 793
8 9727 498 2944 4300 4330 6343 6941 8778
4 6714 6227 4331 1010
8 6521 486 2645 3663 956 3002 5764 4331
12 5069 5527 344 7973 2356 551 6028 4332 4671 5934 789 802
5 7968 9453 4332 4711 8573
8 2825 6923 5772 4333 4029 3231 9711 4871
7 3145 262 4228 8200 9956 1429 4333
11 3997 7908 4445 2976 3556 9386 278 4924 9041 4334 7231
12 1205 9741 1725 4334 3713 354 4441 1783 3347 4153 7922 1223
14 4003 2467 8571 8874 5712 4829 4335 9537 1677 978 9944 3247 8778 3306
7 4142 2259 7473 4335 1275 8006 6972
6 3428 4402 4336 3175 3724 4829
11 1049 9216 8980 6223 7563 3595 4336 9494 215 7892 6759
7 4337 3282 1052 3168 2568 4507 758
7 4275 4337 8945 4583 7634 1814 3279
8 559 1214 1301 4338 9243 711 8926 9532
8 2964 8013 5284 606 9736 1214 5367 4338
8 7613 2980 3249 104 5648 6339 6631 4339
7 9207 4205 6899 8138 1674 9158 4339
9 6789 466 4340 153 7768 7939 1301 1972 8852
11 3080 6007 8119 3729 4340 6912 4114 1432 7397 5422 9630
8 8811 4341 5945 118 5666 6618 1379 2966
8 9961 9136 8596 4653 4341 4031 1251 7656
10 1730 3992 9740 895 5883 5658 4658 8981 4342 8585
11 4342 6843 6679 2566 3177 5994 8342 1733 8118 5412 5266
9 4343 5065 8433 9212 7713 4045 1798 6019 5281
5 4343 1230 4869 9335 6160
6 9499 7259 8983 986 4344 244
11 6657 8603 1739 5465 2062 3497 7389 3323 8435 4344 199
5 4753 4345 6023 8881 2107
4 7367 4345 5723 1987
7 2472 4346 6793 8695 9350 5596 6147
7 8477 7795 8785 6601 4346 9664 7278
15 6449 1151 2591 4823 7348 4587 1946 8693 8198 4347 7732 8629 6367 8428 1702
8 4347 5337 5838 4556 2441 9876 1017 2860
11 9379 5176 908 975 6762 1494 7708 4468 8029 4348 5202
11 3048 337 4348 3428 8846 7948 1016 7026 2045 2114 8090
5 2212 1056 4349 3368 2082
8 1495 3344 9507 7566 4696 4349 483 4551
15 4790 3456 3750 6221 240 7770 4350 2816 8168 3018 9620 9490 3800 2885 8197
6 6634 6952 9011 8749 4350 5887
7 4351 7938 3970 545 2037 5654 3429
3 6946 4351 4602
6 3401 792 9509 3123 8729 4352
9 3714 770 7897 9616 2510 9027 4760 4352 3816
4 4353 4610 5128 6575
7 944 8567 6794 4306 1507 829 4353
9 6639 4354 4788 587 2979 2656 5784 4660 3905
9 1023 5330 4354 3842 2989 1136 9143 5730 681
9 3072 3073 5202 6488 4355 7345 1558 6401 8942
7 6916 7558 6992 4355 6284 6785 6213
7 4650 2535 4111 4942 3213 1415 4356
8 475 7671 4356 6113 5033 926 2561 7122
10 7945 5720 1947 7911 4357 8607 3760 7864 7280 6203
8 5436 5023 7524 466 4357 1173 669 3765
5 8723 626 4358 8658 1312
6 7754 8883 5762 4358 1219 2677
10 7022 4359 562 156 5254 9802 6292 837 3995 650
9 2245 5947 7564 3639 4359 6771 3557 188 7097
7 4360 4877 414 7000 4099 6936 5826
9 4928 3550 8064 2805 2586 4360 9336 533 854
13 2346 9905 3983 8717 1126 2682 6259 334 9187 1208 4361 130 826
15 4361 7258 394 7347 8893 6262 3087 2210 2057 3844 3838 7175 217 2347 921
11 4182 4376 1433 76 192 2692 1602 8384 7284 4362 5059
7 5270 4362 7654 3851 710 9896 840
18 920 1462 6433 7031 5032 1435 9095 4093 4363 4602 2214 1641 8841 100 4343 6242 7528 2407
9 1517 5754 7279 7555 8795 4363 2493 3573 9634
15 3303 4364 7066 86 4282 4887 5662 8705 7650 7573 4591 2128 1629 6356 5082
8 9774 4544 1375 4364 721 6886 990 3632
7 4365 435 3487 535 2874 9183 6846
11 5887 4717 339 3260 5126 4365 7920 1499 6887 1682 8010
7 8179 5808 4366 8378 6928 9506 1296
5 1999 9796 365 2884 4366
15 6464 8213 763 794 6980 5077 7164 4367 7605 3344 3570 7272 9804 4229 8800
6 540 9309 4619 6137 8049 4367
10 6353 5392 2941 7203 4368 6442 4809 2646 3683 328
6 3542 6910 6745 4368 3700 3011
11 755 360 4994 8361 9829 3148 4369 4248 340 6436 6217
12 8799 6699 8438 4792 3854 50 9854 4369 8088 4052 4322 1214
4 9893 1052 8115 4370
10 2240 9931 3765 6205 4370 7065 6708 3300 1400 5754
9 4395 2995 2885 159 6416 4371 1719 8954 5675
8 7913 7969 3157 1903 1537 2588 4371 389
7 8086 5926 4600 9896 3600 4365 4372
6 6765 4788 758 5297 2469 4372
9 4373 3165 3087 3635 8788 8817 2996 1710 9074
9 3788 5242 1304 4373 3836 3782 8584 4152 9269
10 798 6149 4374 2570 4693 602 8702 4418 8608 5657
7 9483 5387 4374 5436 5597 8795 7580
13 732 475 5232 8757 662 2852 6584 8550 1472 6179 4375 9264 9419
9 4375 5094 9868 6555 4587 7429 2517 5927 4097
4 4300 1995 7502 4376
3 4376 8776 6586
17 5457 3250 2507 8851 9579 8354 5075 2411 6796 2899 241 7103 2573 4377 5013 278 1151
9 9027 2258 2405 6789 8413 2815 4377 8803 1842
8 4378 6793 8751 2065 8156 8237 7501 7808
8 6638 4378 3647 4469 1293 5597 2273 1050
10 4379 7119 7970 1580 7885 6235 5388 3004 9093 865
11 5388 7920 5348 4379 2302 2363 7164 9759 5586 4982 5025
5 1512 4624 8787 4380 2699
7 5035 6739 8087 703 4163 5069 4380
10 6867 3466 5510 5477 5141 7131 4321 4381 7255 2591
6 4381 5522 8254 8269 2722 6195
8 4382 4243 6269 6550 7461 9975 6438 2060
8 4857 5925 4293 4382 7644 4798 7764 312
6 1094 8644 5937 4383 9861 2670
8 4383 8044 8563 9275 1882 6329 6219 6018
13 720 2372 4384 5343 1673 1912 6750 8820 2248 6577 1371 6785 6420
10 147 4384 9922 3587 3809 7798 7834 5286 6641 5014
9 1910 2483 5704 3929 7786 3315 7195 4385 9786
6 376 6927 5797 4516 4548 4385
9 9414 6405 2230 1901 2506 5007 1459 4386 9808
10 2370 6840 6244 1091 3982 5283 9574 8101 4386 3674
7 2824 2862 4387 3193 5933 1703 9179
9 2950 7664 5038 5611 4387 8754 9214 8349 3693
12 1818 5637 7381 1771 6071 4388 1384 1458 7159 2991 9509 7168
9 3083 3859 6018 3393 2028 4388 8671 8662 6966
11 4812 1026 4680 3533 9649 1309 7693 3152 6535 4389 8245
12 84 4389 9630 763 5301 674 3279 7120 7578 673 9917 8465
12 8288 2641 9426 4136 7705 6535 2932 4390 3915 3326 9534 2186
12 1156 7870 7083 1201 4129 666 1114 4390 8153 9877 9719 3
13 3156 3363 4448 1907 86 385 4391 5630 3655 5088 9674 9284 1714
11 4164 5610 6812 7702 9605 2472 2937 3285 5623 1434 4391
12 2238 4392 2562 7900 4938 1858 8694 6061 6472 975 9578 93
9 1255 3393 4392 6449 1725 981 4109 4435 9720
9 9897 7618 4393 8761 6810 5050 610 1517 1562
6 9349 4393 8747 2102 7690 5297
8 7 1233 4394 6888 5656 7652 1194 5561
8 2535 8274 1245 4969 4116 9157 8283 4394
7 9294 411 1802 243 4395 9440 7982
9 4778 4395 671 6214 1916 2557 4619 8242 3733
9 8227 2716 6256 4396 2359 5162 1998 5918 767
9 1132 451 8062 8332 8425 4396 4629 9054 3410
5 8728 2785 1810 8750 4397
9 4397 1729 1938 6738 417 4569 4870 8902 7821
3 4398 3449 2726
6 4824 5421 4398 6278 1070 3217
12 8740 1466 783 8553 7725 8109 4214 4399 7728 5119 9521 5697
11 1158 2465 2459 4990 9242 4480 8087 5112 4399 8735 4041
12 5166 3321 857 1198 7207 3891 7306 9740 685 3411 4400 3688
9 7932 8079 1891 7381 4466 8097 2971 8106 4400
10 4711 4401 4530 2665 7732 4521 151 8756 6983 9377
12 1073 667 9159 4401 737 2982 9929 4593 4198 765 6643 6846
6 6262 9164 5168 4402 5128 1673
7 4402 6306 8326 3864 3924 7865 5485
11 691 6167 1822 5548 1246 7807 7644 3560 4403 3258 6147
8 4403 2629 6642 7941 7543 1368 7258 1254
9 2136 2966 7480 9930 4404 1008 3510 3309 4476
8 8943 8931 6761 5542 4404 7369 4185 5059
13 3472 3248 7375 4408 8683 1975 6946 6452 8093 3941 4405 8940 9673
8 2957 9451 8320 6980 3206 8220 4405 8156
8 4406 4809 8510 1444 7422 7989 521 8828
11 6981 2532 2734 6930 1656 4406 7488 1671 9015 7843 4248
9 4407 8990 5305 4501 8404 2734 911 4774 8887
2 7306 4407
10 6552 454 285 5304 6634 6215 8747 4408 4934 4453
9 3603 7768 5575 455 4079 3025 1674 2053 4408
9 6577 3595 4409 1098 463 9461 6580 5231 220
15 1110 5673 58 6259 3992 8614 975 3121 4409 146 8769 9685 7210 3601 4420
8 4197 5010 4883 4410 8467 2269 2904 8319
10 3616 6404 2362 4327 3682 7617 4410 8212 427 7816
10 7801 3115 6854 7854 8651 8979 3359 1415 9403 4411
8 6813 4411 8252 6314 3882 2108 6838 91
9 4412 5365 2196 7631 6553 542 7110 9075 1307
12 7605 3880 5 4412 8517 1755 9757 4782 9432 9420 4749 7213
7 9024 6957 6629 4413 2159 105 2813
7 3419 1688 5971 8813 3180 9726 4413
8 7309 6846 4086 7269 4414 3848 9793 9651
6 4160 7565 4784 2894 1662 4414
7 6022 4415 3563 247 6279 5100 5007
3 6369 4415 5196
12 3187 5729 7183 4697 7624 179 3240 1497 224 4416 648 5924
7 4416 3922 4123 3069 8638 7809 140
12 5950 3477 21 4388 3724 1785 1957 1825 4417 258 8954 7430
8 1653 1817 4417 6693 7616 8457 826 9890
6 6804 4418 6735 8444 3725 5862
16 953 6752 3491 4272 6194 9896 3102 469 267 346 1489 9551 9779 4418 412 3323
10 9392 1835 2572 1672 1935 4419 615 1373 7159 7076
8 4293 5646 8040 1778 4156 7773 4419 5505
6 6218 4420 1473 4364 8727 1448
7 7824 3887 3213 1250 4420 6399 9917
15 70 2224 4864 4421 3019 5228 5248 5078 3878 8030 6402 9260 4302 2845 2247
9 5548 9530 9038 4421 4746 2638 2041 1097 780
5 6280 6031 421 2797 4422
9 4422 8093 8698 84 5187 1080 1537 5148 6577
10 9196 72 6817 6018 2392 3222 4423 3888 2697 655
9 9682 529 7840 7243 55 806 4423 4234 616
9 7108 5897 8422 6581 1490 4424 9419 891 8867
8 696 4358 1493 3342 1977 4424 6028 2644
11 8755 897 1593 1532 2685 9481 7347 3080 6076 7088 4425
7 941 783 4425 6693 5449 8681 6604
13 3645 889 4426 8587 9482 8532 6546 6718 2378 5951 7240 4832 1522
3 5437 7558 4426
11 8249 1140 7915 1027 4553 3212 6091 6085 4427 2327 893
5 1590 1420 7079 4427 8592
9 5939 8864 4428 6215 5510 1303 7468 3549 441
5 7922 2863 1925 9781 4428
14 6950 3053 6700 3866 9541 1075 3026 1393 4429 1437 7865 3861 6959 5882
9 8399 6570 4912 992 4950 4896 5593 4429 3969
10 9118 2319 8624 4904 4098 4600 2454 9947 4430 5
10 4430 7728 1158 6944 2957 5177 9736 8923 1302 5847
7 5926 7599 4511 3945 3285 6632 4431
13 9441 8857 4919 4431 2531 4009 7760 370 2584 2560 4072 4257 3923
11 1694 5921 8587 276 2448 4432 1664 8094 5453 4120 5054
5 7107 1683 7692 6462 4432
11 3306 8924 7767 4433 9621 5257 9060 3234 8654 8849 4967
4 3613 4705 5060 4433
7 933 4054 2403 4434 6145 7755 4105
5 9823 3205 9413 4434 6377
7 9782 5934 663 6324 807 1636 4435
12 4814 3208 4338 8319 4003 7984 9880 1731 9925 2776 1770 4435
10 1732 4635 2405 7655 7236 2256 4532 4436 4211 6590
15 4436 2536 8960 8535 4395 1182 8671 1019 9998 7065 9088 23 8885 7172 7264
12 109 7451 1000 4732 8459 4437 9571 1035 2468 7618 4046 6029
10 3961 7901 3624 9640 4911 4437 2168 9828 6439 5069
12 9180 9636 7440 2319 4008 1381 9291 5012 4438 9434 2485 9277
8 8644 1600 2474 8011 4438 7050 1318 9216
13 8273 4439 7019 3338 53 2376 2659 7751 3179 9156 4790 9189 2688
5 6631 4439 356 8001 618
12 6884 7355 4440 4892 5447 1164 8691 4191 215 7807 4918 5040
7 9541 4440 6294 3821 1139 4709 5978
13 8991 7289 9574 8718 2585 9062 3373 740 7099 1088 4441 70 8559
5 434 3242 4444 9793 4441
8 3270 3947 4442 9136 141 8874 1901 811
8 5669 3938 3396 6317 6075 4442 5728 7462
12 5507 6312 1153 1740 3973 2632 4443 5791 5583 1560 3312 8815
9 814 5236 2190 4443 9921 7061 6434 1977 4807
11 3270 9992 6090 3487 3317 6916 8008 686 3559 4444 6450
10 9670 4444 1654 1088 1063 606 5060 6476 2781 9832
11 293 4227 3703 236 1957 6860 4478 5393 8407 6384 4445
3 6005 4445 9738
15 9384 6539 3077 2876 8724 4408 2805 6103 3866 7762 4446 5964 7714 5800 5845
8 9681 2639 2171 7532 2630 8311 5957 4446
8 4447 6947 3028 6218 2878 4178 8935 6106
12 736 6780 262 4447 2818 240 1533 9993 7070 4805 1404 7576
12 6788 1923 6089 4448 125 7397 922 8653 117 9554 9542 9034
7 8620 1700 4448 6212 9101 2112 8192
12 7311 9160 6773 3769 104 9783 1088 2551 7741 4449 3711 9296
10 8615 3092 5343 8520 3259 4125 7425 7159 4449 9900
15 8043 9835 7656 4462 6933 939 9121 8225 3959 4388 4450 5389 7688 6579 2141
16 8455 5103 835 4450 6758 9161 5989 5155 1766 3486 1194 4371 512 1481 3563 8796
9 8379 2904 8448 4451 1799 8142 2063 5735 5370
8 3827 3618 8117 4118 6047 9054 4451 2964
12 6256 3861 6209 8563 9033 5345 5718 1395 5336 9689 9372 4452
11 8448 4419 3541 3571 6748 224 6725 2457 9714 4452 6333
10 5964 4453 8473 562 8509 3520 6509 181 799 5476
3 1318 4453 8987
7 8126 8233 4454 5101 2662 5017 9980
7 7123 5857 6212 8560 5245 4454 5266
7 9673 7969 5052 7607 4455 5927 6792
2 7713 4455
9 6020 5028 6522 5462 4456 1642 322 4427 3646
8 5938 8634 4231 4456 2943 195 5780 9352
10 489 4845 2475 4457 91 607 1907 3395 4719 9232
10 6514 3033 3028 5613 4638 1035 4457 2434 1210 2411
8 218 9422 7219 1424 1863 3784 4458 7488
9 9197 5219 4458 5936 5864 7335 1439 141 5501
15 4459 9537 3713 8569 9229 9644 7083 9388 6594 5315 413 1372 9535 566 5298
10 1231 2573 7701 2355 4459 2082 920 9420 2994 7439
9 1737 9903 8072 6616 9152 4460 657 1097 8494
4 5105 4460 8393 7566
11 4461 3521 6303 1230 724 2755 951 3922 8862 4525 1983
11 9323 7529 8062 8867 7294 4461 9089 871 9012 4513 1574
4 4315 4462 4537 4829
9 3280 9882 7092 9199 4821 7065 4462 5267 8677
8 4368 4676 6285 6860 6897 4463 1781 4470
9 4463 7683 9068 4622 9871 6245 5813 9388 3533
5 4655 2593 5985 943 4464
5 4464 8064 5913 1164 7898
15 447 3966 3460 6102 8810 6481 639 4465 5882 9325 3555 6823 4920 9302 4245
9 7157 1024 482 5196 4754 6713 4465 9354 5029
11 4093 1101 6368 2363 7561 226 2988 5996 4466 2946 8013
12 7222 7662 310 8182 2865 9477 9859 9538 8094 4466 4600 3243
11 9958 4467 592 6293 4953 2279 8895 4639 5633 3090 5159
13 6128 5701 914 6436 6984 4467 4211 9502 5007 1776 8014 3953 7809
11 9744 2959 4978 8644 2779 6882 4102 4468 6078 9344 3390
9 3045 2898 3729 6980 9324 6360 977 7087 4468
7 1145 951 3325 4469 9618 5787 7398
9 4469 3324 843 2284 8811 6263 3946 5264 947
14 9222 5742 4470 1209 4453 6382 4375 485 7695 319 9949 8957 7904 4070
15 653 5496 2093 2630 9804 2448 3534 8041 4470 890 806 2635 8502 28 8711
10 4071 8535 8810 2543 5177 4471 1242 5059 3531 8025
7 8465 1421 7341 1043 4471 2650 6168
7 8676 2757 9600 1338 6575 9605 4472
7 5287 2891 4472 211 7619 4614 1011
10 3414 5560 3062 4464 4319 2349 1784 4473 3105 2014
5 681 2468 9663 4473 2364
8 3210 5888 2487 5343 3218 1577 4474 6122
8 7631 4278 816 1743 4647 4474 3979 8230
7 4475 4550 5797 5755 4616 9787 2470
10 805 1887 4475 2848 6525 1721 9174 429 9743 2682
4 4476 588 352 4738
10 9931 6409 9586 1257 1868 7012 4476 8743 8835 5536
8 28 8194 6481 8200 6113 3729 5717 4477
8 5392 6104 3788 8606 4477 1067 9894 514
7 5207 9195 5135 7513 4478 8941 3728
4 4478 3814 4646 9005
6 113 9198 609 4479 5664 4305
3 8874 4796 4479
4 4480 7585 6178 27
9 7130 6624 1619 4480 6888 5345 303 4416 6208
10 7821 5157 4481 2520 4411 6440 1783 4394 7414 4756
5 9076 9999 6041 4481 2644
9 103 5005 1098 6196 2072 4482 3646 2947 9941
13 6283 6072 7708 6257 9264 4732 4337 5227 4482 1298 1243 4366 4335
5 3922 7618 5648 4483 6257
10 1006 4483 5746 5102 7804 3813 9730 7492 4694 2635
9 1852 7980 6598 4484 2167 7155 7495 9370 4301
7 2855 1814 7537 4484 1485 3972 6641
10 4976 4485 2425 2116 293 3849 6057 9685 3942 4350
9 2811 9588 4460 2090 8493 7385 2465 4485 1177
6 9092 3013 6157 3388 4486 9514
8 71 4486 6622 7289 6868 2577 2701 1878
12 2732 7920 1312 2568 4362 2186 5718 4487 7714 5568 184 7496
12 9741 7960 7875 5613 6457 2189 97 5192 8546 4487 4725 4042
9 8359 2488 4080 1935 5405 2080 4488 2343 5454
10 6881 6121 6787 7390 3805 1911 461 207 6481 4488
13 1291 3993 6248 2507 5860 4489 4137 4688 8042 1603 8823 9740 9038
10 2181 8674 9345 4489 4898 1473 7655 3796 9614 7492
11 4490 3313 6545 3740 4777 9977 2304 9477 2592 5092 8685
10 6765 1774 5415 5167 5111 4490 338 8310 5525 9767
5 8689 8525 4484 4491 46
4 5026 4491 6279 1335
3 3658 4492 5664
7 1715 1149 1999 8250 2409 4492 3140
11 1367 856 2412 5029 5053 962 4493 8908 4167 130 7893
11 9235 4863 6645 2005 9004 1701 5232 2891 7144 4493 9002
9 8359 4494 619 7326 6899 6186 1145 152 2497
9 521 8815 9794 4494 2112 5497 3924 2745 3636
6 8883 5078 4495 2240 1132 4553
10 2277 9992 2012 6091 4495 2032 5643 4442 7407 5722
5 6977 144 4496 9517 2364
10 4418 4090 9682 6947 5807 5669 7208 1561 5703 4496
8 9763 5634 9768 6662 5568 9534 4497 6619
10 5204 4894 4497 1980 7225 3325 9391 3992 1782 7202
9 2983 2185 2338 3741 7132 4498 5278 3765 2931
13 9081 5363 9122 5731 8189 8032 7575 6126 6846 3041 2041 4498 1551
12 5518 7330 6696 9000 1411 9998 7698 7931 4499 9251 2536 5821
11 1022 5065 4499 8999 4079 1787 4783 9226 6212 7963 3051
10 4500 1818 2361 7827 4994 2196 8051 514 2254 5547
7 8260 4500 3061 9582 4365 6024 8988
8 933 2877 2899 9939 4501 198 7033 1315
8 8988 9511 6649 5090 5353 6322 683 4501
8 4269 3331 4887 1438 8958 4502 4090 5370
7 4502 6785 2463 1424 633 825 7007
8 3312 5525 2606 58 4503 9388 6415 4848
12 9797 8620 468 4287 3526 2545 4503 6894 2354 5128 5763 1076
9 2183 5172 717 4504 3809 4993 1049 1188 3736
12 6383 6669 5060 1120 3583 1687 9923 4504 2683 397 4861 5527
11 5178 8702 6214 3983 3807 5539 3064 7907 980 4505 97
8 4893 5420 4505 5952 3885 8924 3145 5708
6 9031 1897 267 4506 166 9851
2 4506 5178
14 6952 8531 7416 3032 4346 9628 9319 2518 4507 75 2338 8814 9515 6512
7 5071 7585 3408 652 1744 4507 5484
10 4508 7564 1796 6566 8285 9020 2612 9671 9391 7438
11 5694 2084 2231 8151 2998 4508 5118 472 735 8339 1694
10 2360 5781 4000 5526 9377 4509 467 4409 8069 9676
10 1383 4921 1763 715 583 6448 4509 9017 6072 4842
6 4842 9753 1144 4510 9991 6981
9 1242 4510 6036 2758 9965 1103 5403 3147 6068
8 7586 5840 7909 2129 2649 1864 4511 5037
9 9139 8827 2737 4511 2954 6454 6700 9439 5684
3 4102 4512 1000
6 4633 6621 7834 4512 9571 5570
8 8756 26 5728 1723 8242 8706 9506 4513
13 3815 8309 183 4513 7270 5045 1869 9046 6755 9177 8196 6629 3819
8 2843 4514 4713 112 6027 1993 7260 6384
14 730 9410 1689 4514 6870 3320 7022 7749 5628 1988 5512 1947 7393 1227
8 9013 7570 7509 6888 1651 8147 4515 2011
12 6760 1219 6511 6456 4628 629 5076 8072 7420 4515 4423 1229
12 6251 3105 4436 8905 9149 3895 3969 5140 6532 4516 1217 4988
15 4516 7810 7560 1975 0 4988 9483 7272 3498 360 8897 3496 5287 7826 3295
14 6269 4517 1474 8195 2750 9558 728 3850 3143 6930 1809 383 726 8616
9 6883 5673 3388 1644 3139 4517 3756 1772 7821
15 928 7659 8063 4027 6365 1275 7238 5355 4379 4271 4953 8584 4518 6220 3130
14 4518 4817 2478 8844 9145 6231 6982 4319 13 7764 3588 9268 8289 8979
15 4519 7959 1599 3094 8648 4254 1875 6176 9270 7079 1153 4290 1510 2150 6829
8 9815 3189 4519 709 6185 47 2425 3382
9 5607 9868 1174 6217 3071 599 4520 4814 8669
11 8280 6196 4360 991 7936 1803 5023 4520 9189 6581 2343
8 6570 63 6185 6615 2501 5746 4521 2195
7 2799 7526 4674 9252 6524 4521 5419
11 3099 9927 5235 3400 1113 3553 4522 6548 7413 4708 4238
11 4688 7629 5313 6435 4522 8572 9028 8371 3752 5448 1985
7 6307 7741 1217 4523 4951 672 4466
10 6652 5488 2823 6301 6734 6547 5285 4523 4143 5753
11 3661 7101 6869 315 7927 3891 4239 9125 4632 4524 853
5 4291 4524 6821 9622 3540
8 1951 4525 5313 8076 9725 3427 1988 9396
9 9525 435 5370 8004 707 6963 4525 8094 1447
4 8620 7409 4526 5113
9 8102 5794 3391 8606 8904 8794 4526 9195 1955
6 4527 565 4361 2780 9991 8074
7 6061 514 4527 5649 5925 5725 9378
8 4528 8023 5187 3382 2250 2704 5827 4841
13 1195 6568 3965 1881 4528 6273 4542 3561 5728 8398 6887 9493 2449
8 7880 9521 3525 4430 5327 4529 7641 8215
7 2135 691 4135 8867 9165 4529 9373
9 4753 7152 508 2064 6972 3315 3695 4530 983
11 3462 4530 1747 1889 1176 981 8883 1390 2142 2326 1845
10 1659 4531 9555 2856 9791 8125 4737 5335 4170 5068
9 7067 6461 3052 3223 4681 4531 6412 5388 4791
8 6419 3171 562 4233 965 2528 7980 4532
8 7157 4532 9703 5426 2080 600 5643 6260
7 4533 2419 2827 882 83 5559 207
13 8006 7866 3568 8928 4533 662 5260 5840 9521 6384 4220 423 5627
6 3847 6202 1349 4534 480 9606
10 2951 4344 9985 432 6286 6021 6028 4534 1169 9504
11 8026 6259 1487 4897 3415 5443 4034 4535 9614 7433 4117
7 6525 3537 4696 2180 3085 4535 8371
10 4536 7988 2550 8075 9814 3627 1804 6708 7916 929
10 7653 3205 1314 4536 1670 2188 3209 8747 6096 6230
12 6595 4899 5943 4494 7769 3416 4537 2545 8825 6617 582 4819
12 8964 3117 8447 7710 5271 3108 4145 9673 2215 485 3900 4537
6 1742 4915 1467 4538 5026 2362
15 642 4538 8192 8503 7991 9840 5248 8194 9296 2977 6532 9817 3943 255 7725
8 4422 184 4539 8393 9438 572 9277 5880
9 7276 5812 343 6833 4539 7118 3833 4366 4890
10 8998 7023 5782 9374 1094 4540 8573 3128 9335 5453
7 5807 3669 2799 1388 4540 3206 335
7 4541 115 7445 741 3004 4584 547
8 5318 4983 4541 2408 3855 1867 6822 6133
7 4542 5249 6293 5184 629 6375 1536
14 2678 4542 6256 2630 2769 375 3503 1039 8492 7126 8468 6121 8372 6701
12 6175 9295 9344 6794 9548 386 8585 6433 4543 731 3366 5898
5 4543 9 4255 3866 8874
14 9543 408 4544 7525 2039 3704 8924 8205 2790 5920 5074 5941 4900 6235
7 3477 6041 7671 3349 4544 9311 7848
11 8621 6451 4545 7783 1625 3267 6993 6115 4165 9449 6557
14 6014 5967 8973 5029 6918 2961 9400 3292 5809 5158 8024 4545 3669 6194
13 5675 6797 9660 9233 2093 4952 6208 3185 2983 4546 278 8759 1284
9 1441 4546 1765 3545 3878 7719 575 7454 7297
9 4547 8727 5747 8393 7675 6170 6007 9338 862
6 3551 9437 4547 3183 2317 2455
7 9996 7474 2348 4548 1434 7295 7387
15 7141 3362 3608 4652 5232 9529 7609 7416 862 5301 149 4548 7823 3128 1921
7 4656 820 3864 9998 5163 4549 5837
7 9110 7082 6259 3099 244 4549 9524
9 7860 1446 4550 9831 2974 2225 8898 1740 7753
11 882 3700 629 3526 4550 8112 181 1263 1487 7281 1665
12 5091 1526 205 3670 5945 1103 7385 1080 4551 6625 8632 3997
9 2666 4551 743 2324 9915 4314 400 889 6555
4 5340 4146 3214 4552
8 5961 4552 145 6573 5803 4695 1580 1836
3 4553 1632 2683
7 1282 5166 8125 4553 694 6695 3831
10 7617 4782 8119 9828 5169 4554 7165 8434 8573 527
9 9680 9100 3782 4836 7686 2016 4554 366 1764
5 8141 4555 3184 953 9856
10 8306 1916 5967 4035 1146 4555 1196 367 404 7867
15 4713 8060 452 5008 7446 4556 3108 669 4231 2882 6195 5428 1655 4816 4187
7 8172 850 3127 639 8648 4556 5291
11 4466 7387 2717 2662 6993 4078 3605 4557 6635 9210 5425
8 6556 4557 4551 1318 9255 5295 811 2800
9 3792 2854 4148 630 4558 5478 6290 6802 541
10 8861 2422 3202 4558 1955 7895 4517 1938 6901 9982
12 3633 9608 5818 5616 4559 2280 3497 4185 6594 7266 2999 115
15 1046 4455 139 2610 8164 9263 2143 6124 339 8333 4559 4560 1313 6069 7587
14 4560 7579 6664 847 9406 1460 4874 644 8901 5957 6823 4693 3498 3791
10 9406 8998 3304 4560 3635 5830 607 4217 5920 6506
7 2201 3701 4561 1232 6334 3738 3697
11 2954 4561 318 5428 5344 9832 3768 2389 8587 965 4471
7 841 5866 4008 9049 440 4562 2175
7 430 7449 2175 6084 7232 2542 4562
5 3524 4563 423 7265 907
12 5176 8182 4353 3843 7995 4879 2014 4563 732 7702 3002 747
12 9442 6154 4564 5650 1054 6615 7329 9517 8482 3269 8117 7759
10 4430 7572 1065 6108 4273 98 4063 900 4564 219
10 2092 5794 4873 9879 6505 7317 1489 1661 2125 4565
9 1046 4565 6912 9197 9401 7131 8279 6316 4366
7 6058 6229 4790 6970 2410 2554 4566
14 2778 4566 4675 3598 1404 4813 5984 7843 204 6028 7841 396 8396 240
10 4080 3590 958 3568 4567 6726 6177 5386 1272 6957
16 4554 6909 2408 8885 9524 8684 7953 448 400 6102 3267 4567 1036 7208 1777 6216
8 8494 9191 5271 8263 4568 4229 6224 2431
9 5426 4481 5046 674 6615 4019 6398 4568 4917
11 9024 5299 4221 4569 6723 7907 9245 895 3613 8554 1481
7 3241 10 7066 7100 4569 701 5820
7 9765 5206 5189 4251 4570 6489 6287
8 1578 165 3892 7010 3292 3160 6057 4570
8 7336 363 7395 1908 8710 2405 4571 7761
7 4571 6328 4648 9429 3171 1336 6439
10 8594 4572 2036 2263 6800 9038 6489 8435 2088 1058
7 4205 7162 6818 3906 4572 8519 4606
4 1880 649 4573 9326
7 7114 8602 3744 647 4573 1312 3186
10 4574 111 7958 2179 9033 1642 4717 6039 7131 2128
11 7613 5444 4242 4574 3410 6345 23 4402 311 1938 2229
6 3910 4575 4389 2909 1784 900
14 522 9581 2548 4575 1076 3918 7327 5877 6505 8921 2428 2622 3241 4534
11 6192 6656 1915 9960 4576 3478 1973 268 9490 9974 3598
4 9802 7120 2268 4576
8 495 4088 4577 9420 1366 2026 4565 5608
7 2317 9710 9564 8497 7040 4577 8879
6 699 8235 4578 8010 8790 4615
9 4580 1783 4138 4578 7964 1015 3577 8680 2809
14 380 2167 1515 9996 523 8804 1074 9574 374 5649 4076 815 4579 8243
9 4579 3959 2727 416 1191 8899 8418 771 3790
8 4580 4278 48 8902 2896 22 3399 5556
9 7890 4580 6045 7624 4131 3772 6863 4858 2720
7 6995 4570 89 4751 4581 4308 269
11 6910 9242 2716 6544 7124 1809 8805 4055 4581 2753 5905
5 4582 8151 5136 9060 786
13 2165 5944 4286 4582 8059 6376 719 2371 1129 9904 6094 4398 7132
7 4583 6614 653 7307 7625 4115 2463
9 542 249 2996 4583 5451 3621 9299 6898 3827
10 716 5308 7839 6669 7164 6808 3242 4584 2157 3940
7 4584 6843 95 2316 3375 130 1252
10 6003 46 2421 2721 6617 2428 972 2289 2534 4585
11 4585 7722 2114 4948 5651 1926 3523 2390 1862 7747 413
8 9755 7164 4586 5670 6349 1734 6882 3628
13 2359 3969 7822 9295 4929 4066 4586 8952 1191 1014 3801 7706 6126
5 7493 5287 4587 1266 5237
7 4934 3584 6031 5048 4287 4587 4589
8 8515 4588 5608 2604 686 9028 6340 6191
12 9533 3366 5765 4588 8033 7857 3804 7946 1247 9455 9833 2467
7 6737 6484 4589 4619 1821 2640 8775
17 8877 512 2453 4593 3191 1510 6449 657 5815 9975 5729 8438 7610 3673 4589 6601 529
8 2581 1565 9666 5599 4590 3287 4427 111
11 5915 4590 7092 7539 6972 2760 6326 9531 6473 6101 3213
16 2502 9674 9853 1840 9300 9414 4591 5109 8432 623 8071 8731 7133 2185 38 8611
10 4616 3501 5838 3597 4591 6061 1142 5277 3875 3912
15 667 4735 3578 7304 123 4592 5630 3338 1120 7053 6200 1879 5264 655 545
7 3874 9542 7950 4592 1533 7711 9914
10 5381 1626 1787 5478 3705 8723 6670 5677 4593 5545
10 163 378 8133 4593 2362 7155 5412 1469 7177 3799
10 9690 4594 2620 7121 542 1720 8387 229 9042 8879
6 1476 176 2581 4594 5176 1448
11 9137 6102 1405 3820 1955 4595 7437 9684 8147 6776 7636
9 4409 6453 5845 9693 4875 674 4595 427 9276
8 4596 5691 2484 8210 2042 6085 2459 5099
7 26 8306 7119 5773 4596 1694 2853
15 3443 3182 8658 4103 4597 8957 8402 6586 7949 5749 2262 9054 8002 502 3655
9 8847 1911 5559 2792 4597 7764 4874 8220 9429
6 8918 9132 3825 540 1500 4598
8 4598 8959 211 7438 4974 4866 1430 5747
11 4778 8926 5526 1753 1047 1456 1139 1115 8482 4599 8015
6 4599 8115 4994 3045 6252 7219
7 1628 9612 3532 4600 4615 3232 1429
10 8300 3991 7972 3402 1209 7683 9422 4600 6381 1967
14 9879 9489 5489 1373 584 794 4386 4601 8126 939 5026 7265 6265 3283
9 7366 1960 6636 4511 9975 9708 4601 7407 3974
11 4602 2286 31 6964 3925 7053 896 397 6635 8081 4478
4 3265 4602 2045 1703
8 8680 3065 5645 3271 2821 4603 5291 9319
7 5449 7718 4457 5795 4603 1853 256
9 6571 1736 4911 1956 2614 4737 4604 172 4277
11 4604 9533 2107 5229 3486 9404 9835 9356 4081 9115 4403
5 9774 1182 4605 4130 2657
12 1778 8687 5079 5373 4605 9487 7471 6556 7106 1875 9948 5384
9 7181 3926 4770 307 4606 2120 9884 7052 7453
7 4639 8776 9851 4606 693 2824 6927
7 3055 4587 6236 7669 6632 2052 4607
14 1972 4607 533 1223 8674 6790 3444 9351 4751 9718 7779 6328 8878 4708
5 992 4553 4608 6991 2592
8 3519 2454 9260 1704 4608 4468 9956 9924
7 3017 4366 2363 8296 3084 4609 4402
7 8635 1844 5784 9911 3084 596 4609
10 480 4610 2678 1184 9764 3895 963 1125 3357 7583
11 3807 8941 7839 6336 4610 983 2229 1043 4969 9776 5195
11 323 5550 27 4611 6167 3326 3542 9267 6436 5087 4645
6 2878 3860 4611 9848 2511 1628
4 5073 1144 4612 3442
8 4612 8144 9000 1587 4668 4072 4396 6689
7 816 1880 8635 7582 5095 1321 4613
11 2454 4613 9873 3396 5007 1091 6298 7024 5500 5281 9811
16 317 7050 1470 4391 8264 1308 7258 6272 3175 8101 4614 7890 8919 3513 2209 1357
7 6789 6833 2527 5804 4614 6828 2567
10 4615 1493 6255 9536 629 5721 5276 5082 2966 6558
9 2522 5426 4615 5682 2855 6639 9443 2122 8915
9 5097 4616 2548 5445 605 9093 472 5705 6300
11 1520 2985 9524 4616 7281 1177 7319 5054 376 8535 3537
11 8988 7014 4618 5998 777 6754 5158 4617 935 7643 7046
7 1301 4668 5901 9397 6103 6731 4617
6 6910 6233 7764 1266 4618 1589
8 4618 551 3216 1248 806 2485 7263 305
6 5859 6502 6477 4619 6707 270
8 1626 6976 4619 6578 6158 4470 2935 9809
12 6762 6227 7513 4620 1553 3011 8316 530 7549 9545 1924 7314
13 4155 9408 217 7808 8436 4681 9164 6854 8800 5295 4620 1114 4039
4 4621 3851 8677 5893
12 114 9544 145 5072 4621 2677 9541 9822 4473 9579 4384 1982
7 7048 9139 1158 4622 513 698 9998
6 9842 5090 2099 6870 4622 5720
12 3079 5836 7880 2009 6461 5292 744 4726 4623 7350 3730 1524
6 1290 3008 2408 5818 3818 4623
6 4624 6453 6288 2034 9793 9753
8 5198 7082 375 3975 4624 7783 8479 893
11 2560 2019 7780 4625 8284 1023 294 5538 5832 3041 8999
8 168 9044 7934 9301 2698 1095 4625 4026
8 7094 2195 5039 784 5851 4626 4633 2232
9 3076 4626 1590 3665 6264 3369 8121 5792 9340
11 579 3574 4386 7638 4627 6414 9116 1028 6010 6620 5365
5 7447 4627 604 2897 1479
10 2410 2771 308 7487 8323 4628 8422 9548 925 4144
12 1645 9853 5446 3222 3099 9463 9740 7813 2700 4628 6976 1893
9 4629 9499 6711 7035 8615 3593 6808 9729 8353
15 9341 2632 6126 4537 4629 9924 4704 2590 9218 816 2999 5122 6074 8843 3679
8 6708 4630 533 3362 9549 1141 3595 9686
6 6851 4480 2751 441 4630 1259
11 422 3303 3517 707 9120 9649 6221 4631 9906 2608 5480
8 7896 6617 8966 217 3548 5428 8751 4631
9 6878 2709 479 5413 6450 4580 1017 4632 5013
14 9290 4632 2644 5053 1645 8597 3757 3330 2594 5282 1131 5645 7092 265
8 7488 934 4633 3812 5537 8435 9223 9734
7 7223 746 8075 40 4633 9038 4343
9 5691 539 6310 5574 8748 566 1634 5011 4634
7 5424 1418 4634 9039 2839 8464 9500
14 4635 6952 4295 2821 6871 829 6188 1982 1844 4436 1028 1902 6945 5262
8 7442 3986 98 4635 9646 9988 4292 766
5 7147 4636 801 1930 535
14 7297 9477 5957 8048 8234 9950 2990 8649 5627 9581 2946 794 4636 869
9 333 257 8768 9794 4637 3242 8090 3895 1725
10 2834 2041 3636 143 3101 3998 3114 5033 9192 4637
11 8326 4638 3682 7742 6603 9763 1716 5871 8877 9079 9504
10 108 574 3973 1943 4638 8572 2908 5673 4710 2961
12 9786 5291 8103 6530 4639 9609 5259 5027 3035 6962 6829 6116
9 2786 1698 3425 9479 7042 4639 7622 6964 5290
6 4536 1117 6294 5331 5066 4640
12 1389 4640 8404 6132 7814 2171 5605 1050 7020 2893 2923 7832
7 8021 3533 3479 102 4641 3407 2970
13 9431 3846 7633 7153 5338 6533 8095 4353 4641 3672 697 5520 8783
6 2245 2926 4642 8321 1481 3078
8 997 797 4668 5675 2322 7726 9435 4642
11 7259 4643 3667 7182 9417 4189 7574 9413 4345 5977 9915
12 2352 688 2520 4264 4643 5640 4694 6067 4392 2199 5814 2857
6 4644 66 5827 883 4453 2074
12 9266 5145 2829 2170 2988 7985 4644 8115 7152 1647 4147 948
8 3611 6290 8498 6933 8877 4129 534 4645
15 1016 4055 5061 4813 8406 9334 9912 9774 6342 9681 8386 2192 4645 2730 9995
9 1509 9480 8097 5464 2991 8297 4646 1093 7026
11 2907 8791 1767 4646 8504 6690 8360 8368 4394 1210 9988
14 9087 9174 3820 7754 5717 5122 5517 8519 4647 5705 693 9687 678 892
14 7256 7867 5233 5672 930 3821 4139 9078 6128 4647 9834 7971 8899 469
9 6637 2492 8012 1714 6105 1629 10 7962 4648
6 6716 4648 5009 2259 3635 4547
8 4649 1124 754 4817 9168 7481 2715 6471
14 878 2669 4208 9183 4649 6833 712 8227 9843 411 7374 2191 5698 6102
14 5923 6319 2980 5986 5348 9252 2831 4650 5485 6871 3501 6452 1897 76
11 233 7288 7404 4893 376 9461 5423 2699 4650 8931 536
14 4789 6857 5025 9434 2842 1959 7661 7295 3393 2740 4651 1390 7232 6478
15 5231 4482 8201 5782 4633 4748 7901 1256 8481 8149 3918 7503 3924 7194 4651
5 1285 4652 7611 429 4402
7 9373 4399 1160 4251 5242 4652 9673
7 863 9543 8127 9557 4653 4622 1003
9 4653 7184 677 6679 4131 4966 5314 6455 6118
13 1212 400 8736 1152 7292 3943 536 2261 163 5367 1891 9621 4654
11 7018 9359 9815 3764 4654 4955 702 490 551 8376 9741
13 5874 9664 2471 4655 6203 758 790 6125 3492 2230 2005 9090 6672
8 872 5509 5858 745 4655 5265 3987 4590
12 3815 8431 3499 2133 7579 1001 4656 17 3701 8365 6567 2355
10 3244 6142 4682 1104 2824 3048 7270 4656 7164 3090
8 4657 5493 8110 2897 5856 1191 1957 1009
12 7695 2427 5935 3240 6697 4130 7709 5649 4657 4483 1965 6380
6 7223 4658 2847 1688 7104 4174
11 1897 3044 4157 951 4658 18 8122 7222 6478 5984 5864
13 8637 2100 5810 2439 3393 6869 9015 3583 1065 3243 9207 305 4659
8 4659 7378 4991 7803 9503 4951 5887 7595
5 5823 4660 2302 1215 843
7 5970 5607 8131 4461 7170 1562 4660
8 8924 3641 6971 4661 8277 230 4256 4301
10 8447 6711 3797 7359 6694 8938 4841 867 4661 8248
8 1431 8193 4744 8405 8931 6970 208 4662
9 5506 7793 5283 4662 8022 112 132 9622 9147
8 5200 7321 4663 9360 7050 6752 8535 5348
5 8521 4663 5438 1247 4529
9 2578 6659 738 4991 6725 4121 4664 3904 2021
10 5501 4691 4156 6481 8245 3599 9583 5107 5052 4664
9 6143 3634 3081 618 7975 4665 9878 9561 7508
12 4665 435 7222 2009 1828 5127 1642 9535 5948 5900 1567 5006
10 1625 407 2591 4666 2187 6035 3348 4330 8348 77
14 4454 1417 3607 6217 6169 8206 9292 207 6085 4666 3977 3410 5463 1897
13 9973 272 700 5970 9535 6551 2375 2816 8688 7006 4582 9081 4667
7 7338 4667 784 3975 8722 6689 646
7 6664 7586 6292 2897 8488 6685 4668
10 416 9917 2564 4668 2465 4471 1868 8601 9095 6656
8 2217 7017 1913 7018 541 4669 2121 9601
9 1660 1388 382 4115 2749 502 9254 4669 7633
6 9260 6394 1264 4670 6964 2344
6 2776 5044 8491 6168 279 4670
16 41 6413 1915 0 939 5903 6932 4671 929 2477 595 8455 524 1506 4209 9
11 1892 5356 2728 9087 139 2883 4671 5927 8110 8937 2737
9 9681 988 1823 3861 753 8980 6919 4672 6289
13 5965 4306 1022 8527 3120 1060 2404 2032 4556 7584 378 4672 6629
7 3480 4530 1096 2902 4116 2428 4673
7 6477 1428 4673 7352 1936 7518 6634
14 7944 6091 9570 2701 2202 8788 4674 4632 7857 2470 1617 4575 9841 9390
13 7673 8350 7162 8101 5072 5017 3157 1032 4674 9834 8693 8000 6079
14 3890 6275 5158 4453 1710 9216 7211 4675 541 6603 7819 7934 8313 7941
6 5261 1255 5622 4675 8914 3915
6 4676 4751 1343 3929 7048 5152
10 154 1578 4676 360 4919 8932 3286 2299 2556 3416
10 8249 8459 4677 8363 176 3196 8446 1984 3332 2388
12 7996 4394 1822 2408 4677 5586 1709 9210 6767 6255 4257 6696
9 6907 7647 3574 6191 3381 319 4678 9895 5538
13 8585 7981 7533 5051 1326 3040 9468 7164 6336 4678 1471 9802 3958
9 1195 9310 4679 6917 3307 8029 8006 5984 9818
11 2900 2930 9327 5572 1269 4679 2771 3855 8223 1499 2335
10 4829 6965 7059 4680 675 4200 6700 6380 1820 4894
5 5258 9655 2011 4680 5414
11 7413 5305 9688 5863 5536 421 5897 1203 4681 7949 8529
9 5527 210 846 4681 8220 4314 5583 6889 5823
10 9867 2916 6107 8481 9853 1658 875 2540 9472 4682
9 3741 3188 4682 6798 8051 7429 6407 1441 5435
6 6281 2467 1431 4683 2908 706
8 8002 3392 4344 1222 9627 780 4683 5946
9 4195 7031 4878 112 7833 5741 4684 6496 1051
9 841 7881 2558 7546 4255 8969 6305 7202 4684
12 7878 4739 4685 9846 3389 2444 7904 4509 1614 5919 7748 1821
12 3759 553 8102 5640 4685 8905 5559 421 7867 1105 2721 8478
8 670 7548 1524 9306 3125 5657 4686 9060
7 4686 3174 6644 7896 8006 9081 6233
11 9510 4189 3229 5489 4720 1934 6849 2938 7345 1302 4687
6 6338 4687 6145 9949 9730 4373
9 5658 9019 6581 3814 3691 4688 6221 1253 8803
4 7231 4688 9056 6623
13 5384 1379 7391 8697 6350 5118 9640 8339 3779 4689 180 4601 816
6 8174 627 2895 1059 9938 4689
11 7432 3062 3220 4690 9837 8133 8341 4794 3123 6118 3304
9 3314 3066 4690 4099 9426 8259 5479 187 9416
12 7862 4691 2454 803 3491 4584 7139 7409 7531 1691 8283 9842
6 8893 6795 4691 7233 4273 7883
4 448 4692 2779 9677
9 4628 3824 5904 4582 1600 8669 9747 6520 4692
8 7024 1015 4693 1043 995 5866 8282 9731
9 9007 4693 572 8919 4536 298 3445 1312 8928
6 7949 133 4694 6902 2477 7535
11 6505 2304 493 6202 7780 8617 6858 5345 6150 4694 9349
8 6382 9748 8377 8996 3303 5834 4695 9017
12 8839 4695 1750 6629 6994 7659 2533 3898 3783 5906 3961 2978
10 7299 4696 9789 374 2697 5384 2437 943 3438 2993
8 4696 6781 7154 3758 40 2323 4268 2268
4 6251 4697 3448 5005
13 6005 2176 9827 6162 4372 4025 5246 4697 7020 136 9051 3947 5679
11 6666 4698 4650 9236 4681 5243 8458 2685 7620 5876 2066
7 577 8616 5861 4698 4531 4947 1972
9 3074 4699 4693 3499 2275 738 6083 7925 5105
12 6547 7853 1463 7543 9092 5971 4699 9864 4334 9856 7470 5339
6 9132 1533 5058 7466 4700 9824
13 4700 7187 2189 9855 585 5567 3171 6665 8625 4935 5432 2084 5049
11 2601 2769 8570 8368 4534 992 3828 4841 4701 3524 8823
11 5370 5749 4701 9210 6320 4584 3474 8092 8074 7843 6703
6 1064 7949 4702 2955 7938 1762
10 9122 9121 4805 5797 5400 3876 9757 4702 3623 7504
8 393 1848 9684 3049 4703 5472 7935 3199
9 4748 9242 714 5736 4703 3922 5349 8624 6107
7 4704 8405 3052 3573 258 7025 3307
16 9030 5202 3342 6703 4704 5990 4387 2472 808 3503 326 8529 2865 4238 1307 393
10 7711 3290 9420 5188 8060 5403 3277 4705 7389 837
8 6609 6667 2863 600 4705 3101 1730 4364
14 8113 6089 8870 3774 2395 3865 9287 7891 6118 2888 4706 2188 958 6842
14 1578 8773 4706 1841 5341 2543 9183 2574 5540 6725 3075 9421 2385 6248
6 8209 2933 4707 2976 7817 648
8 3743 3447 1523 5092 3885 4707 8623 9382
11 4424 4708 9287 2300 6166 8381 4918 8510 1639 3157 8239
5 1792 6318 4708 9544 3706
9 3407 7463 3271 8849 1265 2029 5098 8751 4709
12 7321 9155 4709 9411 6606 3187 2926 237 8920 3365 500 8826
7 7344 4710 3454 2748 9644 9414 3854
10 8917 4710 7399 9984 1273 9202 9742 8649 2553 6224
9 9791 6498 2731 9902 9989 2822 4711 4787 6141
10 4438 1969 7503 6064 1693 2230 6416 6331 6368 4711
8 4021 3486 4712 4982 3275 1789 1476 3250
13 6084 8781 5318 8640 2171 5301 5595 4712 9382 389 7164 6824 3412
13 5631 6249 323 1524 3962 4713 5318 7392 3248 7089 3811 5501 5996
9 4416 4306 7367 2283 534 4713 769 7453 4834
8 924 3121 6840 7350 2832 9144 4714 9196
7 4714 576 1265 5956 8048 6148 6730
7 9284 1175 2676 1923 2974 4307 4715
8 4715 7496 1912 2957 2305 8826 4478 6097
9 5748 4716 9995 5132 5621 4883 5341 476 4959
11 6927 7973 9303 8877 9572 8410 3880 4716 205 3809 408
7 4717 3366 1333 682 9286 5562 4191
8 4252 4717 7722 3625 964 8362 4973 2029
11 3101 2674 7126 9096 4718 1866 539 3748 7797 4178 1063
9 2001 3765 4718 6901 9079 9506 3663 2034 9820
6 4211 1855 2046 395 4719 9024
11 2665 3585 8379 4648 6245 7594 644 364 6633 8791 4719
9 3009 1986 8864 147 113 4986 5761 4714 4720
8 4720 9129 941 5223 4866 5872 2478 2702
6 7029 3288 4721 4649 4362 9232
4 1099 9974 3631 4721
8 7290 5865 4284 1703 4722 77 8199 5100
9 6013 8351 1836 1788 2787 4722 1485 3468 7347
10 4723 2638 3722 344 5089 9608 2790 4245 3616 4459
8 5265 4723 6991 7834 3080 3394 2790 8591
10 3332 7505 9481 6899 4724 1553 9091 3341 8624 2241
7 283 350 5285 7039 4026 5320 4724
7 6078 1018 5519 8812 508 4725 5501
7 5771 5783 6214 3364 5826 9575 4725
12 3248 6406 8666 4726 720 6288 1192 5010 2002 7618 5277 3558
11 336 288 5307 7870 737 7963 4726 2778 9826 4010 1847
11 7309 8169 2701 7671 4727 3435 2643 5096 9178 9576 4490
12 6141 4351 1887 1956 3266 97 4727 4217 3845 2261 9983 3774
7 573 6738 9657 5783 4413 11 4728
6 4728 6424 8079 6224 609 4792
6 6133 7883 1568 7794 5769 4729
9 9913 4729 6324 1800 2 3983 5857 7174 5018
11 5561 7489 3685 5411 2235 9302 4730 5030 6750 8819 546
5 4516 3347 5747 851 4730
8 4693 4731 4526 6826 1924 9258 1474 4902
12 2075 5778 4731 6017 8524 367 8607 1419 2852 7133 3098 2215
13 1579 4732 9530 1880 6808 8356 4577 6378 7085 885 4130 4363 8351
9 3830 2503 4045 7011 1409 4446 4732 2764 2962
11 2127 5944 3751 7843 4735 1590 7800 4733 9952 8504 5303
10 8490 6993 4355 2302 5991 491 7376 5826 9358 4733
8 9727 3702 9854 8550 1856 8159 9803 4734
7 2900 4734 7305 5118 2144 2717 6617
16 4767 8238 3769 5636 5812 4735 6143 3486 3261 2627 1519 3910 1734 9768 1546 7114
15 3197 7015 6278 3614 786 7457 1421 8518 1824 5479 4315 4735 3333 9784 9365
9 8615 7186 2663 1778 7688 6877 4736 5744 828
6 7181 897 1593 7961 4736 4535
10 4737 2676 6866 1450 2640 9642 8264 8294 4430 1522
9 3198 82 4737 412 3718 2433 598 806 5049
11 9274 7275 3142 7149 9549 4669 4738 8981 8934 3961 645
7 2660 522 3162 2565 9807 3545 4738
10 1793 8463 964 6089 242 9280 3647 4739 1307 2059
7 4739 6743 274 9293 7120 3053 6654
7 6707 1465 2215 4740 5436 8851 9449
11 8853 3019 4740 7320 2808 4034 5016 6463 3751 6866 5239
7 8750 2012 9034 3881 4741 5260 171
7 2301 5961 4693 6000 4741 2310 5323
9 9988 9911 1214 4095 4867 3990 3558 1968 4742
8 375 614 4742 6040 2484 2335 854 2
4 3602 4743 9212 5809
8 52 2632 2638 2755 5487 4743 8079 9634
10 7512 6336 612 9203 3942 2680 4744 1637 3015 8071
12 1279 7723 3012 5104 4902 4508 9549 2345 3938 8701 4744 9153
10 4745 5527 5548 2958 9805 8007 3903 5221 5761 7620
14 2880 2114 3645 4745 1885 7422 1685 2782 2210 6617 2295 426 7879 5630
8 4746 5776 3521 2950 4744 1629 8222 9058
8 1695 4856 4746 9871 417 8674 647 3836
13 7078 8237 6952 3912 4864 1573 3896 1804 4104 2392 4887 4747 6419
11 4747 309 3699 4475 9672 8584 6639 1303 1030 6854 7155
9 1588 1959 7166 672 4598 3093 4928 4950 4748
10 4748 5834 6647 9759 1324 6893 6142 5785 7766 6334
13 8689 9754 3946 9259 3449 7010 4749 4477 3197 1277 9627 5450 8029
7 5491 7211 8029 4889 4749 9270 7093
12 9889 759 1515 826 6882 3298 1553 6470 892 1569 1295 4750
19 4663 4750 5213 5933 627 9953 3538 8263 1734 8936 3925 2919 3359 43 5489 909 1344 9988 3265
5 4751 9320 8659 4754 316
9 3228 3249 2683 2800 4751 2493 6476 9070 9277
7 5506 2215 2105 3809 7688 4752 7088
11 8035 6871 3594 2052 7132 9438 8733 7678 5990 4752 9027
6 7167 8700 71 791 3167 4753
8 2732 4039 8608 8638 1084 3347 4617 4753
12 5747 4754 8705 6698 9970 2436 1685 9608 8777 737 3999 6816
4 9375 4754 292 476
8 2822 9004 6718 4755 5552 5614 3645 1553
13 7216 1638 2847 1275 4690 3753 4935 1759 700 4755 7792 4640 3299
9 4756 3260 3552 1762 8146 8097 4076 6308 9752
11 266 8064 9690 3640 4756 5411 1424 4123 6952 6990 8973
7 7818 2596 1262 1263 4757 1015 9015
8 1754 1305 78 5568 4757 5856 697 7272
8 7365 9129 4758 4210 1109 7543 8993 4299
9 8492 1675 7652 2896 6360 711 4381 4758 4216
7 5757 4759 351 6578 303 7564 4297
8 8255 7200 4759 651 7926 3920 8079 8192
11 4717 9059 1107 4760 3836 9068 1643 3656 1163 2262 8799
7 7606 7814 2808 2150 4760 8579 7805
8 4319 8594 7358 7552 2236 5559 4761 951
11 6681 4761 6982 5385 9234 9136 7679 1766 1511 1276 9100
10 1843 9052 7784 3785 4762 2561 7185 8505 550 9710
4 907 6005 4762 5355
13 1398 4093 2203 6564 6019 6421 4763 4910 8015 1369 2834 7814 4359
8 1676 8375 4743 4763 697 4825 3584 3516
11 3282 2471 4764 3436 9098 1179 6216 1620 5322 5469 597
12 7700 5517 1526 2446 4764 9465 8844 2274 4805 3373 5154 6246
7 4765 4402 897 5583 9587 408 9182
9 8262 506 7972 4765 9826 5726 8677 2447 7486
9 9178 9210 2399 1386 1040 4766 7810 5250 1659
19 2091 2549 6756 2927 5726 5849 6737 2297 4383 8317 354 2993 8781 7702 9726 2288 8995 4766 2370
19 1064 5912 9335 3518 6817 6716 2502 1996 9332 3917 8424 345 7334 4767 8919 1275 2585 7928 8555
8 4767 9231 2506 1906 7058 8181 1246 8052
7 417 8919 4768 8671 1132 2493 4329
13 3129 790 4729 4608 2242 9704 2019 4768 1988 8934 6867 3800 6912
10 2296 6107 8211 4066 2147 5366 9627 5095 1337 4769
12 4769 617 5314 1815 403 2818 2154 8196 4191 332 2625 6991
11 564 8882 8565 8859 9244 4612 1607 3541 5159 4770 6799
9 4298 8305 4770 9186 1732 8897 1660 3534 4797
13 3178 7393 9307 9089 2534 3914 2671 4719 9836 6197 4771 9671 367
12 4475 9244 7074 1636 8142 6935 5162 2221 4771 7040 9418 1834
11 6381 5504 3652 6750 4836 1350 8661 4772 6686 9241 7550
7 6219 3283 2925 8623 8648 4772 1224
9 5240 491 1948 7826 4773 4122 208 438 7756
7 375 7081 9087 4773 9257 6746 9592
12 1021 3747 1097 9261 4774 2128 5458 9477 9490 3493 5165 8196
7 7073 9737 3723 6303 4774 545 4728
10 7399 7583 8838 5071 2460 1072 4775 2545 398 916
6 4775 3851 635 868 4911 2789
6 6798 4776 3363 4168 7243 543
8 9598 7372 1762 8897 4776 58 8027 365
9 3954 1171 9063 1245 4777 2126 9790 6030 8313
9 585 7901 1194 984 4570 4777 3498 6395 9724
10 4778 8493 5247 9307 9925 1558 8303 8188 1658 3569
7 7544 4344 6387 4778 9035 4225 2799
7 778 4779 3944 6738 9706 4744 1104
10 1305 4202 4779 2860 4640 4091 9711 8629 3399 6091
18 1315 2723 8207 2445 73 7170 1397 3513 2104 630 234 1064 6564 4076 4780 3331 9331 1362
12 4780 2184 7922 2755 1012 817 1963 5116 6494 3223 5369 652
11 5199 8450 301 1587 2515 5521 1577 4427 4781 886 6253
11 4781 6734 3009 8546 9156 5650 4547 6917 5575 3345 2894
11 4911 1687 507 2062 2490 4782 8481 969 4989 928 4057
11 4865 4593 5058 5491 9840 4390 9771 8641 4782 4888 1085
7 279 5756 6337 4259 3530 8061 4783
13 2476 6177 4783 8276 5539 3534 955 47 1420 4347 2580 1136 9649
9 3692 4784 1117 6880 6363 1064 975 7189 7598
13 9349 1051 4784 7394 7938 5901 6419 6086 4056 7299 2852 6304 2945
4 8875 3119 4785 9026
8 1683 1715 3449 1102 9434 1812 7947 4785
7 2065 5597 871 5543 4758 1876 4786
8 9822 4786 6869 8883 18 9159 8774 7277
7 1047 4787 3777 6162 2219 8616 9452
9 7640 7276 6588 8290 4787 6118 6650 9455 8128
11 4126 2336 8050 4788 3903 5879 1873 5824 3679 9652 5986
10 6489 4788 3082 1748 6498 3682 582 712 8785 5524
16 4680 8755 1340 5261 1238 8537 532 3587 7581 4539 316 5389 432 1500 9244 4789
6 3063 4789 5796 7280 4136 6634
13 2351 2042 9152 2465 5643 70 4790 5468 9274 8403 5446 4214 1958
10 5775 1313 4642 5619 9002 1552 4790 2712 1303 9611
12 1543 4391 2703 4746 6032 3398 3119 4791 9330 2637 8539 6368
8 8499 5145 1982 6009 1735 3522 2809 4791
11 4792 1373 3 2211 3471 5733 7575 4508 9917 2020 6752
8 8954 656 1199 432 4792 2459 528 7003
5 8445 4793 9531 12 4636
10 3311 8972 6595 4269 4793 5740 2088 1780 7517 824
7 7682 5791 5354 1818 4794 5624 472
5 6885 4794 1154 1037 4756
9 4795 1564 8247 1638 3670 3868 6996 5424 2596
7 5889 5725 7220 6568 4795 9548 3902
8 2667 4796 2450 2488 9619 3484 4429 456
6 1045 7960 3924 7760 3172 4796
5 4797 7492 7830 8203 5721
11 1728 1955 4797 8382 365 5793 6465 6797 6403 6146 646
10 8224 5279 4798 8290 5059 4958 3966 1448 9984 7271
10 5118 4798 732 9554 8021 6332 491 9821 5260 6745
8 2297 2274 7006 7975 4799 8440 7726 4339
11 4913 7663 8188 8945 5903 5708 4196 7595 4799 7603 910
14 9959 9789 6161 6107 2108 4800 7374 8564 9865 9339 7735 7388 5645 7340
8 4800 1965 5600 3800 2264 845 5956 7264
4 7677 4801 4954 2076
15 6245 1458 7655 7089 7266 1627 8078 8598 4593 4801 2754 3754 6433 2877 3891
10 5911 8784 7614 8945 9999 6823 8240 7210 4802 28
10 1136 4802 774 6738 2586 5941 4136 8281 9069 4569
8 4803 2921 7926 9929 3562 6196 1284 4309
14 9119 4803 6029 3798 2969 3355 4293 9735 3679 3143 9447 5095 1168 9509
9 8014 7376 7273 4804 9279 2293 7513 6288 1015
18 6172 4887 7139 2536 7402 6944 5409 5549 647 6392 4804 993 8048 7335 7391 7251 3197 2880
7 2810 4805 7408 655 1228 4130 9582
14 9858 7020 16 3517 9201 348 4378 6793 9661 8231 6628 1422 4805 1970
15 7781 4806 330 51 3100 3265 1101 7888 6833 1727 2631 8193 7791 5784 9839
12 6023 896 4233 4806 2752 5850 6626 5339 8980 9071 2988 5158
8 5049 2198 905 895 2701 5707 4807 9716
8 4807 3997 8706 2633 6228 6652 3256 5641
8 2622 1243 6377 1884 2689 4808 749 3474
6 2808 4808 2924 5579 8939 6148
8 9887 1765 9802 4809 7130 9593 3729 8078
10 2697 4626 2602 1249 5872 8459 2990 4809 8377 8701
12 8463 8013 1777 4441 9624 6554 4779 4810 7715 8867 8650 9309
9 1052 6921 9050 925 4485 5028 4810 2720 9326
8 54 8116 4811 471 5081 7813 9675 2193
8 248 9621 4811 641 8397 2601 7432 2514
8 4812 399 2232 7659 8132 2438 5761 8565
8 8316 6279 7377 3110 4812 3606 1200 8349
9 3849 1676 9368 4813 9539 1770 9499 427 1055
12 2517 8379 2330 6087 1564 9015 5374 4992 4273 5293 6929 4813
8 6098 4814 6168 419 8212 2874 5551 6480
8 3529 8780 6007 3930 754 4814 2193 8682
8 7452 7054 4815 6884 6557 8291 5517 6299
7 1773 4815 1438 7092 8446 1599 9853
6 1194 2713 5825 851 3808 4816
7 4816 6395 2924 4990 7919 9488 8728
12 8659 4817 8410 7210 9856 6828 305 972 8430 2682 474 5468
11 7308 5510 8877 1945 4817 2464 4198 6278 2714 5106 6863
6 1769 2107 5663 9935 1013 4818
7 7896 4635 9772 962 8140 4818 8386
6 6678 3467 1629 1172 4819 3149
11 1899 5601 3858 1432 9379 1533 9777 8876 8269 9649 4819
8 2483 4820 3401 7413 9655 7530 8040 3011
13 1493 6419 8286 7256 708 6060 4820 4882 335 7243 9475 3756 7909
8 6576 1028 5582 7105 7137 4821 6595 2107
7 4821 1399 8595 8486 8919 8036 9421
9 6147 4478 3053 5012 1983 3717 8163 6311 4822
14 6266 4822 8340 3336 4199 9272 5773 7321 2602 8554 3725 8049 4044 6759
10 302 3338 5754 7596 182 4823 4124 4697 3711 2604
8 3097 9666 4414 4314 4823 3697 8453 4594
17 5465 5240 6107 2204 8779 5615 7189 7628 4824 9263 5575 7798 4085 1567 5201 9640 9568
8 1560 629 6424 9949 1675 4824 6421 6453
11 9973 5923 3703 4825 7602 5816 7794 3132 3486 7414 8829
13 8584 2805 4825 489 3795 4947 9954 8245 2861 6154 3581 2777 9577
11 7727 2039 4826 7050 9722 370 3815 1840 5768 7176 4994
8 2212 5092 4092 5123 5046 5106 4826 7936
10 6769 9362 9641 6409 5379 6477 4827 420 5493 2208
9 4827 9866 8225 8154 6839 1756 347 5264 81
14 6857 6346 4828 9457 8604 3525 4701 2702 4220 434 797 4279 6396 5525
9 7371 6463 7811 3961 4828 4748 3169 1775 8118
6 8076 5899 4829 1590 4773 5818
7 9093 6636 1754 4829 1977 3325 5417
11 8514 9820 6896 93 649 7472 9612 4668 701 4830 8330
8 6071 2103 4830 6293 6413 744 3795 2625
8 4831 5118 7876 9945 8948 5717 519 2531
6 1726 9311 4831 8694 4440 5015
9 1057 3881 1688 8227 4832 5235 4948 7416 2178
9 2810 9648 9794 1852 9181 5680 2493 4832 5930
8 1331 4833 6344 1809 3134 328 6840 8328
4 4833 7022 7046 8384
10 290 6492 419 3084 4834 7048 2927 5372 1964 4232
5 8890 4834 5926 5499 7134
11 471 3126 7572 7330 2807 9017 4835 9543 7775 9844 1666
4 4835 4044 9496 1585
11 8911 1466 6756 6257 9076 5843 8811 739 6806 9306 4836
9 6920 9183 4836 4240 6254 6257 8783 8558 3907
14 9912 193 7767 6951 9623 4751 4837 4154 3403 1838 5570 3991 8474 9985
12 7816 4958 7923 3679 4546 59 4837 3111 9019 2861 3666 6967
7 8204 7196 4838 6569 2692 9385 4697
6 4622 7695 7410 5134 5203 4838
9 4972 6412 4839 3109 5976 7751 4766 1907 1536
14 9110 5019 5141 2058 2631 4839 6425 7944 359 3947 3991 2333 4473 1054
10 9345 8894 519 3375 8535 7456 4840 336 9292 630
14 2853 2476 203 8848 5430 7645 8994 5122 6081 7155 5272 9761 4840 2475
8 950 1180 1899 1157 4841 2743 6885 6295
11 4841 5924 717 864 9407 7409 9191 3148 9835 7638 707
7 1333 4842 5019 8820 7115 8971 7245
11 7904 8429 8011 4842 8390 6124 4057 1601 7115 9261 2824
8 493 4843 1010 1316 4129 2702 9295 2880
9 332 4490 5020 1400 9363 1042 4843 290 8041
7 4844 557 7118 5746 8905 6055 9943
7 9189 9514 4844 2827 9820 4422 4010
4 4678 1844 4685 4845
7 8219 1324 4845 6641 1452 3821 2457
8 2767 6925 8537 1363 9192 4846 2892 8075
2 4629 4846
11 6846 455 3676 4847 6136 6693 1859 8660 6404 6576 3569
8 6800 5778 7974 4296 5669 6419 4847 5517
8 6321 55 4848 7497 1137 5094 609 3751
9 3203 9725 7768 4848 6745 6233 2430 1096 4390
8 7186 2322 5078 13 9881 6802 4849 4729
8 2307 4849 1083 4637 3583 5410 4216 3726
5 86 8427 3446 4472 4850
10 5976 5001 4850 4480 2147 8425 4132 2700 9836 7323
6 1847 9066 1009 1814 5650 4851
9 4020 974 5536 6170 9538 4618 4851 3248 5786
8 4852 3139 4252 1424 400 3188 7423 7198
5 4852 9559 3393 3095 285
8 6041 8005 4853 327 3241 1194 7616 6453
10 7282 8240 3498 7201 4853 1343 2107 9204 4852 6226
11 4107 5004 2140 7213 7156 2430 3273 2725 2670 5231 4854
11 1807 9156 8102 8481 3105 8265 2779 4854 8354 9525 885
13 6870 523 8462 585 2916 9560 6878 8667 4855 2301 3966 1972 8138
8 4855 2948 1964 7656 7376 6183 1610 6640
2 4856 7201
7 6640 378 5251 4856 8906 7016 3994
7 6494 4857 226 1447 8380 6728 6528
5 2547 5486 4857 7005 9615
7 4858 4060 9943 945 7853 2369 7422
7 531 825 8532 4858 7994 9216 811
10 4286 5710 399 1992 4859 8635 8782 1679 9979 6077
7 6273 762 2057 6734 4859 6352 8786
9 1566 1709 7605 6382 6829 5914 4860 20 7020
6 5309 2365 9653 2483 7526 4860
10 6805 5727 4861 1777 5324 8516 4821 1955 3398 82
9 7581 5917 8517 4861 832 2325 1351 6259 9556
12 3920 1525 239 4862 9698 5180 7102 4158 8269 9051 551 9828
11 6252 9939 2758 4862 2789 3552 9534 8828 1445 2623 1653
10 8091 9469 6945 5192 8662 774 5964 6574 3741 4863
7 4863 1912 5714 994 6594 5073 5080
6 905 9772 2489 1574 9259 4864
8 1046 4864 1368 8968 9376 5542 6062 4281
5 4865 1031 9387 3931 5852
8 8579 5048 5683 1155 241 3268 7189 4865
9 7413 3910 4338 4064 3104 3172 1063 4541 4866
9 3193 1962 4866 378 3092 5081 5204 9267 8307
5 4867 5153 9608 634 4508
9 3710 1605 4867 3264 8678 8862 4998 7273 4965
15 5920 6562 9550 843 967 2515 4762 2219 3117 2769 4868 771 4356 327 651
8 8892 5491 7541 7797 4007 7726 4868 4264
7 8647 2449 3503 3928 649 4869 1049
11 8161 4869 2328 1221 3978 9258 8801 8685 3132 8979 7414
13 8670 7732 8976 6567 3942 6675 4870 5921 1220 3326 2343 9310 7273
10 3821 4748 4951 6127 976 4198 4954 4870 9422 2971
10 5410 2916 6276 2711 4871 8427 6135 8952 6295 7807
9 1515 3150 8937 3901 4543 4871 3030 4416 8007
10 4872 342 7050 1947 4519 1380 9837 6887 5478 6431
12 5478 3882 4872 153 1177 5739 6737 4738 4707 7696 2886 7989
7 5355 638 8485 4245 4873 9386 6620
8 129 9391 6795 1729 1798 596 4873 2990
7 7233 6752 4549 9900 4874 4859 55
8 1225 5501 9996 7750 2148 1800 4874 3271
8 7060 7952 4875 1923 498 4841 1881 1167
14 5 1615 2707 1707 3823 3110 227 4349 4875 2511 4005 5677 92 9513
9 6298 9021 4876 5457 6209 6611 4588 9249 5207
11 3302 9499 1580 7063 4010 4876 3444 1591 2970 33 955
12 2868 5380 4331 4796 9173 2766 3825 1252 6497 4345 1615 4877
7 5436 1492 4877 5294 13 8423 5285
10 3276 2509 4754 3900 4878 903 3854 8826 9406 7816
7 4493 6847 5606 7023 2864 4878 6263
11 5686 7034 1845 9498 3030 5159 4879 2638 8760 2329 3769
6 421 327 2774 7986 4879 2423
9 4880 2949 3986 607 7654 4844 5742 5701 9682
8 7730 3634 3596 215 4880 3399 3095 3908
10 3457 8995 2782 4881 7772 1610 6110 9277 4350 2918
9 3980 9221 4881 7731 2842 7226 1812 2246 5404
6 9141 8319 882 2196 4868 4882
11 3905 4882 512 4989 2600 2755 506 1257 1343 5765 6557
10 4317 9941 6230 55 4926 410 69 4883 8982 3829
9 2206 4883 7377 3031 8995 4316 6073 1548 9471
10 3306 4198 4112 4683 4884 520 460 4991 5492 4463
4 7264 6118 4219 4884
10 6571 2822 914 9566 4958 3879 3590 4542 4885 56
10 8578 4885 508 7989 9638 6858 2974 9729 3896 4447
7 1642 4886 2857 6134 9926 5183 4500
13 9211 8730 6840 2968 5524 4842 6452 223 4886 7766 3443 9292 2650
4 4887 4265 8216 98
11 4406 5883 2128 4837 442 728 356 3337 4887 9222 2888
10 7056 6490 9640 4659 7787 8415 4573 7246 4888 7732
11 3355 1579 3423 9784 77 3870 9939 7532 4906 4888 8173
7 3649 4711 4889 8838 7186 5255 5085
10 5553 3073 6781 9992 3240 4889 6190 2074 6189 5025
12 1120 8424 8858 292 8353 5092 4890 2055 7966 2486 0 2519
11 8871 2364 7614 457 6970 3514 4343 7644 6527 5219 4890
12 2033 3852 495 5306 8899 4289 5863 7309 7384 8500 4550 4891
9 2834 5371 4560 4891 2567 9778 3131 5056 9472
11 77 3443 7162 383 5914 8206 5658 4892 5510 7839 7737
9 9279 7046 1950 469 4682 4892 8771 7197 5454
7 1496 334 7125 4692 4893 8951 1640
8 35 4914 4032 1712 6647 8179 2516 4893
12 4142 7148 9393 4985 4894 9601 6743 1830 4434 4837 1978 3701
11 7523 458 5452 28 4894 8146 9555 709 2326 4462 4596
9 1660 9423 4192 3077 4895 7025 9063 4272 1561
4 3642 96 4895 7024
9 5581 6093 947 9249 4896 8884 8829 3805 5484
9 4896 9934 5134 324 9666 8990 2614 9275 6044
9 7997 7826 2961 3858 4897 7884 9809 3082 9977
12 6311 6829 5990 8734 5998 1504 7950 1488 8390 4897 4672 9804
9 5210 9008 3893 2614 4898 435 4735 1804 6817
10 5871 1457 850 1662 7719 1691 3697 4898 7191 3424
14 4899 8003 96 4224 7315 9965 611 8196 2277 6923 4296 2817 5256 1118
5 5835 5240 4899 3395 945
5 4900 2962 4116 855 6321
12 9154 1710 9619 425 4900 438 8719 3775 7082 3943 5468 9358
11 750 758 4275 5544 2686 3740 4901 7804 9469 5233 3782
7 8942 6840 775 9978 9796 8735 4901
12 7650 858 7401 3336 8446 2769 8549 490 9491 1249 6745 4902
5 4902 7247 5618 7455 4231
7 6531 1775 4903 9478 6178 4061 8098
9 7207 7300 2387 5548 7574 4903 1702 2662 8773
7 1879 9795 2379 4904 2734 6660 9240
8 6104 4904 1904 7211 601 3683 4124 2640
8 6640 4091 5088 2382 3437 9941 9228 4905
3 4905 9892 5303
4 1360 4906 4981 1013
11 6591 3246 2027 183 9073 1050 5636 4990 4906 1846 1133
12 9040 3827 6291 2626 9310 2860 8110 6684 4546 2351 4907 8239
13 6959 5393 1984 178 8110 5460 3747 3570 7753 4907 4669 902 1049
7 2607 3017 4908 7184 9078 7915 2569
4 4908 1793 5434 9359
3 4909 4638 2909
13 398 7604 5532 57 4130 167 9661 4909 9690 1191 2864 523 9438
9 5395 6399 4138 9598 6800 1904 1587 4910 8410
9 9574 4910 3028 3949 7138 5901 9244 1063 3439
11 4162 7692 8870 4911 1083 851 1517 9890 401 4543 5764
8 3178 178 4911 7100 8582 1174 9401 7781
7 5171 3434 6330 4912 6407 4111 339
14 2917 4955 8626 5891 5123 9532 520 9454 4912 8437 2931 333 8584 3433
11 4913 2053 3317 5214 5470 9396 8125 66 5707 1141 4728
14 2171 1226 3612 4913 9109 2006 3439 4438 4042 1332 8876 3444 9725 9971
6 4914 6099 8739 139 6861 8618
8 7830 9936 1021 5674 6698 4914 683 7768
10 3177 7537 6056 1595 9101 6309 8060 172 4915 3350
8 4875 8069 9124 8595 1741 8890 4915 2397
7 5358 5263 3869 6653 4916 9178 9945
9 4916 3935 5483 8107 5699 9350 9296 7817 3237
16 8901 3060 5012 7188 4523 32 2563 9210 4917 2011 695 214 4372 3628 9684 7259
11 6160 8369 2241 9543 8343 4917 8657 8262 4597 6983 9702
14 3559 2297 7983 1678 7423 9381 5137 6755 3585 9745 4918 6807 1624 3438
6 198 4918 2097 4983 1699 4788
14 4919 2139 6964 1130 5576 1438 4078 4018 1165 2057 3722 3186 9613 2729
8 266 6755 9078 4919 9566 7067 1312 4055
9 981 7409 422 1746 2998 7754 2348 4920 9349
11 5923 9246 3880 5156 1315 6443 2646 4386 9383 4920 2928
14 3409 5283 6210 4606 5566 4921 9300 5075 56 600 4551 150 8314 1528
7 5563 8048 8394 4921 3908 1226 9671
6 2073 4031 4922 730 4368 3430
11 4396 9371 1700 1732 2652 4922 2782 1807 1119 6029 3732
8 2270 578 1793 399 4923 613 5253 6943
5 4923 1975 3562 625 9224
12 2237 7821 5257 2064 2472 651 7993 6056 4924 5674 2034 5900
13 503 8410 1277 4924 1236 6882 2359 8215 7880 1692 4128 3896 567
7 304 4282 4925 9214 9013 7816 3578
6 7949 8080 7668 4925 2916 3636
13 9183 2623 5410 9258 606 4926 2176 9365 5214 2330 8534 5535 9632
8 3229 9469 7261 6051 8740 3890 280 4926
9 4927 9402 7929 9928 2356 5820 5321 7808 5261
5 4927 9635 9400 5932 9111
4 3451 1141 5325 4928
5 9612 4928 2804 8445 5136
6 7606 5497 8934 4929 3752 5943
9 7857 8021 1070 8607 5919 3476 2962 11 4929
10 1291 2814 4930 8376 2706 1720 6063 1028 4058 8767
6 5614 5488 2661 9882 4930 6466
7 256 884 5172 710 4931 5224 8150
4 9400 4931 842 3312
10 2697 5728 7431 219 6840 1201 2921 2580 9601 4932
6 9656 1291 7486 4932 6709 3448
13 9365 4933 6647 7202 3515 1175 1833 231 4212 7533 5758 3772 7437
9 8752 9041 4933 208 2242 2359 8145 7596 5457
3 4704 815 4934
8 802 5676 2700 8042 4934 550 1819 1069
14 4500 6591 7271 5915 4317 1305 9494 1885 8928 1576 7795 4935 3533 4974
8 3674 4414 4771 2375 5048 5542 4039 4935
7 9228 4936 1262 1410 4258 4917 3492
8 5272 138 127 183 2281 4936 5230 4926
8 8604 155 1786 7262 3343 4937 54 567
7 4937 6377 3409 4808 5094 4553 8696
12 1390 1391 6130 4997 8631 4376 3395 264 8008 8782 8473 4938
9 4686 4938 7518 7570 4107 2132 8257 348 9331
10 9203 7916 9131 1810 4939 1830 6014 6925 5688 4646
9 1588 6910 1138 1656 7187 8872 4939 3635 4970
13 1831 3551 1876 5253 9699 4743 8010 4841 7383 4940 5551 6511 9963
9 8926 1306 5417 6881 9862 3348 4940 8216 8148
7 580 526 4941 7746 6572 5403 6347
9 2456 202 4941 7984 5434 9213 3783 8624 1064
5 4373 7685 6918 4617 4942
7 2995 8415 8172 1283 4942 8606 3679
9 4043 9619 5146 6664 6495 4714 6252 4943 8475
16 4943 683 3843 9911 2702 4474 2950 3372 7988 12 6209 2520 832 8144 6276 863
13 9501 8471 607 4090 4944 7652 331 4637 4082 5668 7582 6958 8268
7 1482 4944 9823 8836 2538 247 7704
7 7373 2747 7936 3226 4945 4488 453
13 1992 1688 7305 3811 6476 4409 8488 8489 9812 2081 5546 4945 8137
7 8741 3547 8182 2498 261 2554 4946
10 6242 4946 1574 4743 8956 2030 2463 759 5094 1887
8 4947 5552 1754 4622 8478 9357 6058 2619
11 5234 4947 8838 8745 9956 6692 3498 2615 8726 3985 4673
11 5636 49 8787 5650 8095 2804 5530 860 6569 4948 278
9 6084 6198 6820 7119 2706 6515 1487 6954 4948
7 1423 2461 4949 1932 2623 4036 4750
11 2571 4949 6071 7371 9749 237 5781 1349 1428 8900 2876
8 3271 2340 6096 4950 2068 8056 410 8562
10 838 9423 6935 4950 4361 6275 2795 7885 1137 3198
11 8161 2857 7534 8921 5247 6557 2365 3578 4951 7171 2744
5 3573 4951 945 7411 9166
9 3295 1228 1979 8723 413 1501 588 2956 4952
7 4194 4952 4551 6027 9263 2716 2680
5 1267 4953 2240 6602 6428
9 3355 5326 5444 4953 1111 4404 794 2900 2138
5 7660 4954 1029 3352 8656
10 6921 1902 3953 1692 8321 280 3509 4954 2460 5638
14 8217 9485 4955 9888 463 8037 9220 1978 5465 5626 4905 3201 543 409
9 9675 1055 4955 6889 9292 2792 7386 3728 4400
8 9460 3029 5755 6084 4956 5450 1739 4240
7 548 3653 3357 4036 6872 9186 4956
8 7920 9104 258 443 4957 7995 1952 9287
7 5677 494 4957 3446 7367 6691 5240
14 405 9338 1169 4958 4780 38 5141 570 8480 5591 8780 9585 8842 7819
6 6479 3131 2101 4958 1441 4321
7 7436 5388 5518 4959 7692 2744 4787
6 6562 1439 1431 3304 4959 6686
6 4960 7396 8888 6822 5707 3915
6 4960 8770 5384 6909 1252 7851
8 4961 2391 2318 3898 4284 2296 9010 6446
9 2825 393 9260 5156 4961 4993 8324 1002 9218
7 5685 9557 4351 4962 2730 5372 8872
9 3459 2813 6338 6462 9977 349 8434 4962 9773
9 9045 4963 2111 1589 8358 3346 8505 257 2538
9 8348 1477 7929 1834 7016 4963 9855 4216 972
9 3510 9607 3255 2681 4964 2836 8804 1305 1861
12 1994 1050 5123 6867 4449 6259 8809 7669 4347 4672 4964 425
6 8954 8742 7529 4517 5916 4965
7 1891 4965 2003 3461 3980 4632 9981
4 5560 1555 4836 4966
11 5464 9794 4373 2978 7392 4966 6524 7505 1085 7977 7357
3 8085 9637 4967
9 9830 557 2693 7309 3414 5224 6782 4967 6339
6 4968 5377 3795 882 5868 6356
13 4093 2497 4968 1604 2897 4282 4740 9380 59 5651 640 6426 1980
12 9726 8085 4969 7020 9003 9778 5084 4711 8335 866 2988 781
8 6544 3795 5071 4088 4870 4969 484 4240
17 2992 6486 4975 9767 7219 1240 3563 5081 679 5411 895 3291 2592 4970 9811 8965 3705
9 7702 4970 4680 628 7592 3406 8224 5241 8511
7 9717 6822 1411 2510 7730 4971 9689
7 6830 4971 152 1305 8671 6819 3054
8 1713 6128 5243 7708 4972 5382 9663 9833
6 5286 179 5547 3464 4818 4972
14 2522 5055 7921 7122 125 4973 3573 7816 2378 8049 1232 7289 8861 7497
13 5733 2190 4662 5491 4444 5604 7843 6820 8485 4973 4376 9212 6963
14 3060 4974 823 1805 3586 5343 5631 9650 6900 9376 749 3608 2592 8941
8 6972 4974 9274 5359 4027 1356 4785 1306
6 5441 1481 481 2597 4975 3099
10 6155 4652 3109 7147 2557 9467 4975 5834 4445 7677
8 9502 7193 3028 5676 8486 4976 6154 7259
7 6167 9652 8404 6235 4661 5487 4976
5 4977 7917 1006 5994 8452
10 4272 7713 4310 5536 9896 4977 7437 8668 9218 627
3 9996 4978 2939
8 8415 2715 8935 7841 696 4978 8213 7238
10 9601 59 2846 2050 3557 7663 8329 5811 4979 881
10 905 8588 3552 4979 6597 67 9153 5461 8554 8134
10 8566 4980 280 3818 8684 1137 2434 235 5447 4735
5 4479 1535 4980 4606 1517
14 629 8037 3265 5533 1394 6011 61 4981 7024 3160 4423 8417 643 9881
6 2462 7187 27 2487 2341 4981
11 5260 4711 1811 9799 4982 1161 9022 6760 2616 3080 8291
5 7499 4982 7604 4018 794
6 3437 3554 7889 4983 2705 4367
6 2959 4477 5156 4983 6276 3067
10 440 287 2393 8015 5034 6527 8394 4984 5198 2363
7 4277 4984 1790 2907 7980 9509 7272
9 7486 506 6600 3107 2951 7318 3306 4985 9828
9 2825 7503 4985 6527 236 5992 6905 5267 6817
9 9335 9651 5818 1202 4104 4986 3599 4489 825
13 5424 8198 9444 3183 1115 906 1516 4986 5065 7992 2390 9153 8074
14 4288 7027 2699 7455 9180 9204 5043 1696 3532 2477 7899 2571 8765 4987
13 186 6644 7077 3120 4987 8128 8043 1691 6315 7137 2022 7745 6745
8 4988 1208 7574 8124 9926 8981 3745 9795
7 7283 6926 4988 7497 4235 1755 9804
8 5177 3442 722 7136 6625 4989 4174 9719
9 936 2654 5082 4137 3951 8909 4989 7063 3026
10 627 5214 1129 2051 4420 2297 1855 4990 546 9932
11 1374 4248 4990 1077 6638 4002 2809 6013 1435 6757 9118
8 128 6488 3874 6880 4991 6367 2150 9456
8 1475 9422 429 4991 413 8250 2586 9597
9 8329 5306 5726 2990 9070 4992 4901 5021 9675
10 2767 3286 6360 2067 7862 1772 6583 4992 8525 2226
4 8375 8513 1666 4993
22 4314 9485 3344 7077 4993 7395 5573 4031 8208 477 544 4636 6557 9272 9997 2278 814 7079 519 9294 9502 8636
7 4242 2512 4994 9423 7874 4673 7346
10 8314 7863 6407 1620 1402 1945 4205 8254 4994 2166
8 8092 4899 7918 9055 7421 4995 2917 9021
8 8992 6388 8889 9780 7586 971 4995 6349
8 5081 4996 633 8896 3963 4796 7462 8621
6 4975 598 8659 4996 4388 1305
12 7060 4997 7932 8250 7227 9433 3843 6320 5337 21 5736 9292
11 5993 9097 2732 9957 9159 9750 1234 4997 1132 4864 302
8 332 6272 9988 7276 7183 2125 4998 8195
21 2211 4998 8334 6329 8567 372 7195 3098 1703 5776 9099 8874 7131 5924 3089 6723 1476 8999 8432 7593 9245
5 4999 6811 8964 9605 8643
